post_external_id,post_title,post_slug,post_body,post_status,post_published_at,author_username,author_email,author_role,categories,tags,media_filename,media_url,media_mime_type,comment_author_name,comment_author_email,comment_content
p_0001,Gcp vs Alternatives,gcp-0001,"Lorem ipsum dolor sit amet, consectetur adipiscing elit. Sed do eiusmod tempor incididunt ut labore et dolore magna aliqua. Ut enim ad minim veniam, quis nostrud exercitation ullamco laboris.",published,2025-06-26T14:54:09.860053,author_008,author_008@example.com,contributor,Business|Technology|Design,agile,image_0017.gif,/uploads/image_0017.gif,image/gif,User 028,user028@example.com,I had a similar experience recently.
p_0001,Gcp vs Alternatives,gcp-0001,"Lorem ipsum dolor sit amet, consectetur adipiscing elit. Sed do eiusmod tempor incididunt ut labore et dolore magna aliqua. Ut enim ad minim veniam, quis nostrud exercitation ullamco laboris.",published,2025-06-26T14:54:09.860053,author_008,author_008@example.com,contributor,Business|Technology|Design,agile,image_0017.gif,/uploads/image_0017.gif,image/gif,User 092,user092@example.com,Could you elaborate on the second part?
p_0001,Gcp vs Alternatives,gcp-0001,"Lorem ipsum dolor sit amet, consectetur adipiscing elit. Sed do eiusmod tempor incididunt ut labore et dolore magna aliqua. Ut enim ad minim veniam, quis nostrud exercitation ullamco laboris.",published,2025-06-26T14:54:09.860053,author_008,author_008@example.com,contributor,Business|Technology|Design,agile,image_0017.gif,/uploads/image_0017.gif,image/gif,User 028,user028@example.com,Just tried this approach -- it works.
p_0002,Building Production-Ready Aws Apps,aws-0002,"Lorem ipsum dolor sit amet, consectetur adipiscing elit. Sed do eiusmod tempor incididunt ut labore et dolore magna aliqua. Ut enim ad minim veniam, quis nostrud exercitation ullamco laboris.Lorem ipsum dolor sit amet, consectetur adipiscing elit. Sed do eiusmod tempor incididunt ut labore et dolore magna aliqua. Ut enim ad minim veniam, quis nostrud exercitation ullamco laboris.Lorem ipsum dolor sit amet, consectetur adipiscing elit. Sed do eiusmod tempor incididunt ut labore et dolore magna aliqua. Ut enim ad minim veniam, quis nostrud exercitation ullamco laboris.",published,2026-01-04T14:54:09.860141,author_004,author_004@example.com,editor,Travel|Marketing|Education,kubernetes|nodejs|flask|nosql,image_0048.png,/uploads/image_0048.png,image/png,User 015,user015@example.com,I disagree with point 3 -- here's why...
p_0002,Building Production-Ready Aws Apps,aws-0002,"Lorem ipsum dolor sit amet, consectetur adipiscing elit. Sed do eiusmod tempor incididunt ut labore et dolore magna aliqua. Ut enim ad minim veniam, quis nostrud exercitation ullamco laboris.Lorem ipsum dolor sit amet, consectetur adipiscing elit. Sed do eiusmod tempor incididunt ut labore et dolore magna aliqua. Ut enim ad minim veniam, quis nostrud exercitation ullamco laboris.Lorem ipsum dolor sit amet, consectetur adipiscing elit. Sed do eiusmod tempor incididunt ut labore et dolore magna aliqua. Ut enim ad minim veniam, quis nostrud exercitation ullamco laboris.",published,2026-01-04T14:54:09.860141,author_004,author_004@example.com,editor,Travel|Marketing|Education,kubernetes|nodejs|flask|nosql,image_0048.png,/uploads/image_0048.png,image/png,User 081,user081@example.com,I disagree with point 3 -- here's why...
p_0002,Building Production-Ready Aws Apps,aws-0002,"Lorem ipsum dolor sit amet, consectetur adipiscing elit. Sed do eiusmod tempor incididunt ut labore et dolore magna aliqua. Ut enim ad minim veniam, quis nostrud exercitation ullamco laboris.Lorem ipsum dolor sit amet, consectetur adipiscing elit. Sed do eiusmod tempor incididunt ut labore et dolore magna aliqua. Ut enim ad minim veniam, quis nostrud exercitation ullamco laboris.Lorem ipsum dolor sit amet, consectetur adipiscing elit. Sed do eiusmod tempor incididunt ut labore et dolore magna aliqua. Ut enim ad minim veniam, quis nostrud exercitation ullamco laboris.",published,2026-01-04T14:54:09.860141,author_004,author_004@example.com,editor,Travel|Marketing|Education,kubernetes|nodejs|flask|nosql,image_0048.png,/uploads/image_0048.png,image/png,User 088,user088@example.com,Bookmarked for later reference.
p_0003,Best Practices for Redis,redis-0003,"Lorem ipsum dolor sit amet, consectetur adipiscing elit. Sed do eiusmod tempor incididunt ut labore et dolore magna aliqua. Ut enim ad minim veniam, quis nostrud exercitation ullamco laboris.Lorem ipsum dolor sit amet, consectetur adipiscing elit. Sed do eiusmod tempor incididunt ut labore et dolore magna aliqua. Ut enim ad minim veniam, quis nostrud exercitation ullamco laboris.",published,2025-11-05T14:54:09.860177,author_012,author_012@example.com,contributor,Marketing|Travel|Technology,github,,,,User 099,user099@example.com,Could you elaborate on the second part?
p_0003,Best Practices for Redis,redis-0003,"Lorem ipsum dolor sit amet, consectetur adipiscing elit. Sed do eiusmod tempor incididunt ut labore et dolore magna aliqua. Ut enim ad minim veniam, quis nostrud exercitation ullamco laboris.Lorem ipsum dolor sit amet, consectetur adipiscing elit. Sed do eiusmod tempor incididunt ut labore et dolore magna aliqua. Ut enim ad minim veniam, quis nostrud exercitation ullamco laboris.",published,2025-11-05T14:54:09.860177,author_012,author_012@example.com,contributor,Marketing|Travel|Technology,github,,,,User 015,user015@example.com,This is exactly what I was looking for.
p_0003,Best Practices for Redis,redis-0003,"Lorem ipsum dolor sit amet, consectetur adipiscing elit. Sed do eiusmod tempor incididunt ut labore et dolore magna aliqua. Ut enim ad minim veniam, quis nostrud exercitation ullamco laboris.Lorem ipsum dolor sit amet, consectetur adipiscing elit. Sed do eiusmod tempor incididunt ut labore et dolore magna aliqua. Ut enim ad minim veniam, quis nostrud exercitation ullamco laboris.",published,2025-11-05T14:54:09.860177,author_012,author_012@example.com,contributor,Marketing|Travel|Technology,github,,,,User 056,user056@example.com,I disagree with point 3 -- here's why...
p_0003,Best Practices for Redis,redis-0003,"Lorem ipsum dolor sit amet, consectetur adipiscing elit. Sed do eiusmod tempor incididunt ut labore et dolore magna aliqua. Ut enim ad minim veniam, quis nostrud exercitation ullamco laboris.Lorem ipsum dolor sit amet, consectetur adipiscing elit. Sed do eiusmod tempor incididunt ut labore et dolore magna aliqua. Ut enim ad minim veniam, quis nostrud exercitation ullamco laboris.",published,2025-11-05T14:54:09.860177,author_012,author_012@example.com,contributor,Marketing|Travel|Technology,github,,,,User 059,user059@example.com,Great post! Really helpful.
p_0003,Best Practices for Redis,redis-0003,"Lorem ipsum dolor sit amet, consectetur adipiscing elit. Sed do eiusmod tempor incididunt ut labore et dolore magna aliqua. Ut enim ad minim veniam, quis nostrud exercitation ullamco laboris.Lorem ipsum dolor sit amet, consectetur adipiscing elit. Sed do eiusmod tempor incididunt ut labore et dolore magna aliqua. Ut enim ad minim veniam, quis nostrud exercitation ullamco laboris.",published,2025-11-05T14:54:09.860177,author_012,author_012@example.com,contributor,Marketing|Travel|Technology,github,,,,User 093,user093@example.com,This is exactly what I was looking for.
p_0004,Why Nosql Matters in 2024,nosql-0004,"Lorem ipsum dolor sit amet, consectetur adipiscing elit. Sed do eiusmod tempor incididunt ut labore et dolore magna aliqua. Ut enim ad minim veniam, quis nostrud exercitation ullamco laboris.Lorem ipsum dolor sit amet, consectetur adipiscing elit. Sed do eiusmod tempor incididunt ut labore et dolore magna aliqua. Ut enim ad minim veniam, quis nostrud exercitation ullamco laboris.",draft,,author_016,author_016@example.com,author,Travel|Design|Web Development,tdd|react|mongodb,,,,User 001,user001@example.com,I had a similar experience recently.
p_0004,Why Nosql Matters in 2024,nosql-0004,"Lorem ipsum dolor sit amet, consectetur adipiscing elit. Sed do eiusmod tempor incididunt ut labore et dolore magna aliqua. Ut enim ad minim veniam, quis nostrud exercitation ullamco laboris.Lorem ipsum dolor sit amet, consectetur adipiscing elit. Sed do eiusmod tempor incididunt ut labore et dolore magna aliqua. Ut enim ad minim veniam, quis nostrud exercitation ullamco laboris.",draft,,author_016,author_016@example.com,author,Travel|Design|Web Development,tdd|react|mongodb,,,,User 042,user042@example.com,Just tried this approach -- it works.
p_0004,Why Nosql Matters in 2024,nosql-0004,"Lorem ipsum dolor sit amet, consectetur adipiscing elit. Sed do eiusmod tempor incididunt ut labore et dolore magna aliqua. Ut enim ad minim veniam, quis nostrud exercitation ullamco laboris.Lorem ipsum dolor sit amet, consectetur adipiscing elit. Sed do eiusmod tempor incididunt ut labore et dolore magna aliqua. Ut enim ad minim veniam, quis nostrud exercitation ullamco laboris.",draft,,author_016,author_016@example.com,author,Travel|Design|Web Development,tdd|react|mongodb,,,,User 003,user003@example.com,Thanks for sharing this.
p_0004,Why Nosql Matters in 2024,nosql-0004,"Lorem ipsum dolor sit amet, consectetur adipiscing elit. Sed do eiusmod tempor incididunt ut labore et dolore magna aliqua. Ut enim ad minim veniam, quis nostrud exercitation ullamco laboris.Lorem ipsum dolor sit amet, consectetur adipiscing elit. Sed do eiusmod tempor incididunt ut labore et dolore magna aliqua. Ut enim ad minim veniam, quis nostrud exercitation ullamco laboris.",draft,,author_016,author_016@example.com,author,Travel|Design|Web Development,tdd|react|mongodb,,,,User 047,user047@example.com,This is exactly what I was looking for.
p_0004,Why Nosql Matters in 2024,nosql-0004,"Lorem ipsum dolor sit amet, consectetur adipiscing elit. Sed do eiusmod tempor incididunt ut labore et dolore magna aliqua. Ut enim ad minim veniam, quis nostrud exercitation ullamco laboris.Lorem ipsum dolor sit amet, consectetur adipiscing elit. Sed do eiusmod tempor incididunt ut labore et dolore magna aliqua. Ut enim ad minim veniam, quis nostrud exercitation ullamco laboris.",draft,,author_016,author_016@example.com,author,Travel|Design|Web Development,tdd|react|mongodb,,,,User 031,user031@example.com,Great post! Really helpful.
p_0004,Why Nosql Matters in 2024,nosql-0004,"Lorem ipsum dolor sit amet, consectetur adipiscing elit. Sed do eiusmod tempor incididunt ut labore et dolore magna aliqua. Ut enim ad minim veniam, quis nostrud exercitation ullamco laboris.Lorem ipsum dolor sit amet, consectetur adipiscing elit. Sed do eiusmod tempor incididunt ut labore et dolore magna aliqua. Ut enim ad minim veniam, quis nostrud exercitation ullamco laboris.",draft,,author_016,author_016@example.com,author,Travel|Design|Web Development,tdd|react|mongodb,,,,User 031,user031@example.com,I had a similar experience recently.
p_0004,Why Nosql Matters in 2024,nosql-0004,"Lorem ipsum dolor sit amet, consectetur adipiscing elit. Sed do eiusmod tempor incididunt ut labore et dolore magna aliqua. Ut enim ad minim veniam, quis nostrud exercitation ullamco laboris.Lorem ipsum dolor sit amet, consectetur adipiscing elit. Sed do eiusmod tempor incididunt ut labore et dolore magna aliqua. Ut enim ad minim veniam, quis nostrud exercitation ullamco laboris.",draft,,author_016,author_016@example.com,author,Travel|Design|Web Development,tdd|react|mongodb,,,,User 011,user011@example.com,Thanks for sharing this.
p_0005,Building Production-Ready Testing Apps,testing-0005,"Lorem ipsum dolor sit amet, consectetur adipiscing elit. Sed do eiusmod tempor incididunt ut labore et dolore magna aliqua. Ut enim ad minim veniam, quis nostrud exercitation ullamco laboris.",draft,,author_002,author_002@example.com,author,Health|Travel|Web Development,nosql|graphql|redis,image_0013.png,/uploads/image_0013.png,image/png,User 097,user097@example.com,"Very insightful, looking forward to more."
p_0005,Building Production-Ready Testing Apps,testing-0005,"Lorem ipsum dolor sit amet, consectetur adipiscing elit. Sed do eiusmod tempor incididunt ut labore et dolore magna aliqua. Ut enim ad minim veniam, quis nostrud exercitation ullamco laboris.",draft,,author_002,author_002@example.com,author,Health|Travel|Web Development,nosql|graphql|redis,image_0013.png,/uploads/image_0013.png,image/png,User 092,user092@example.com,This is exactly what I was looking for.
p_0005,Building Production-Ready Testing Apps,testing-0005,"Lorem ipsum dolor sit amet, consectetur adipiscing elit. Sed do eiusmod tempor incididunt ut labore et dolore magna aliqua. Ut enim ad minim veniam, quis nostrud exercitation ullamco laboris.",draft,,author_002,author_002@example.com,author,Health|Travel|Web Development,nosql|graphql|redis,image_0013.png,/uploads/image_0013.png,image/png,User 052,user052@example.com,Could you elaborate on the second part?
p_0005,Building Production-Ready Testing Apps,testing-0005,"Lorem ipsum dolor sit amet, consectetur adipiscing elit. Sed do eiusmod tempor incididunt ut labore et dolore magna aliqua. Ut enim ad minim veniam, quis nostrud exercitation ullamco laboris.",draft,,author_002,author_002@example.com,author,Health|Travel|Web Development,nosql|graphql|redis,image_0013.png,/uploads/image_0013.png,image/png,User 057,user057@example.com,Nice writeup. Subscribed.
p_0005,Building Production-Ready Testing Apps,testing-0005,"Lorem ipsum dolor sit amet, consectetur adipiscing elit. Sed do eiusmod tempor incididunt ut labore et dolore magna aliqua. Ut enim ad minim veniam, quis nostrud exercitation ullamco laboris.",draft,,author_002,author_002@example.com,author,Health|Travel|Web Development,nosql|graphql|redis,image_0013.png,/uploads/image_0013.png,image/png,User 058,user058@example.com,Thanks for sharing this.
p_0005,Building Production-Ready Testing Apps,testing-0005,"Lorem ipsum dolor sit amet, consectetur adipiscing elit. Sed do eiusmod tempor incididunt ut labore et dolore magna aliqua. Ut enim ad minim veniam, quis nostrud exercitation ullamco laboris.",draft,,author_002,author_002@example.com,author,Health|Travel|Web Development,nosql|graphql|redis,image_0013.png,/uploads/image_0013.png,image/png,User 032,user032@example.com,"Very insightful, looking forward to more."
p_0005,Building Production-Ready Testing Apps,testing-0005,"Lorem ipsum dolor sit amet, consectetur adipiscing elit. Sed do eiusmod tempor incididunt ut labore et dolore magna aliqua. Ut enim ad minim veniam, quis nostrud exercitation ullamco laboris.",draft,,author_002,author_002@example.com,author,Health|Travel|Web Development,nosql|graphql|redis,image_0013.png,/uploads/image_0013.png,image/png,User 009,user009@example.com,Could you elaborate on the second part?
p_0006,Python for Beginners,python-0006,"Lorem ipsum dolor sit amet, consectetur adipiscing elit. Sed do eiusmod tempor incididunt ut labore et dolore magna aliqua. Ut enim ad minim veniam, quis nostrud exercitation ullamco laboris.",published,2026-01-22T14:54:09.860283,author_017,author_017@example.com,author,Technology,fastapi|microservices,image_0021.webp,/uploads/image_0021.webp,image/webp,User 066,user066@example.com,"Very insightful, looking forward to more."
p_0006,Python for Beginners,python-0006,"Lorem ipsum dolor sit amet, consectetur adipiscing elit. Sed do eiusmod tempor incididunt ut labore et dolore magna aliqua. Ut enim ad minim veniam, quis nostrud exercitation ullamco laboris.",published,2026-01-22T14:54:09.860283,author_017,author_017@example.com,author,Technology,fastapi|microservices,image_0021.webp,/uploads/image_0021.webp,image/webp,User 036,user036@example.com,Just tried this approach -- it works.
p_0006,Python for Beginners,python-0006,"Lorem ipsum dolor sit amet, consectetur adipiscing elit. Sed do eiusmod tempor incididunt ut labore et dolore magna aliqua. Ut enim ad minim veniam, quis nostrud exercitation ullamco laboris.",published,2026-01-22T14:54:09.860283,author_017,author_017@example.com,author,Technology,fastapi|microservices,image_0021.webp,/uploads/image_0021.webp,image/webp,User 028,user028@example.com,Nice writeup. Subscribed.
p_0007,Flask for Beginners,flask-0007,"Lorem ipsum dolor sit amet, consectetur adipiscing elit. Sed do eiusmod tempor incididunt ut labore et dolore magna aliqua. Ut enim ad minim veniam, quis nostrud exercitation ullamco laboris.Lorem ipsum dolor sit amet, consectetur adipiscing elit. Sed do eiusmod tempor incididunt ut labore et dolore magna aliqua. Ut enim ad minim veniam, quis nostrud exercitation ullamco laboris.",published,2025-09-19T14:54:09.860306,author_018,author_018@example.com,author,Design|Programming,github,image_0027.webp,/uploads/image_0027.webp,image/webp,User 060,user060@example.com,Great post! Really helpful.
p_0007,Flask for Beginners,flask-0007,"Lorem ipsum dolor sit amet, consectetur adipiscing elit. Sed do eiusmod tempor incididunt ut labore et dolore magna aliqua. Ut enim ad minim veniam, quis nostrud exercitation ullamco laboris.Lorem ipsum dolor sit amet, consectetur adipiscing elit. Sed do eiusmod tempor incididunt ut labore et dolore magna aliqua. Ut enim ad minim veniam, quis nostrud exercitation ullamco laboris.",published,2025-09-19T14:54:09.860306,author_018,author_018@example.com,author,Design|Programming,github,image_0027.webp,/uploads/image_0027.webp,image/webp,User 087,user087@example.com,Thanks for sharing this.
p_0007,Flask for Beginners,flask-0007,"Lorem ipsum dolor sit amet, consectetur adipiscing elit. Sed do eiusmod tempor incididunt ut labore et dolore magna aliqua. Ut enim ad minim veniam, quis nostrud exercitation ullamco laboris.Lorem ipsum dolor sit amet, consectetur adipiscing elit. Sed do eiusmod tempor incididunt ut labore et dolore magna aliqua. Ut enim ad minim veniam, quis nostrud exercitation ullamco laboris.",published,2025-09-19T14:54:09.860306,author_018,author_018@example.com,author,Design|Programming,github,image_0027.webp,/uploads/image_0027.webp,image/webp,User 008,user008@example.com,Bookmarked for later reference.
p_0007,Flask for Beginners,flask-0007,"Lorem ipsum dolor sit amet, consectetur adipiscing elit. Sed do eiusmod tempor incididunt ut labore et dolore magna aliqua. Ut enim ad minim veniam, quis nostrud exercitation ullamco laboris.Lorem ipsum dolor sit amet, consectetur adipiscing elit. Sed do eiusmod tempor incididunt ut labore et dolore magna aliqua. Ut enim ad minim veniam, quis nostrud exercitation ullamco laboris.",published,2025-09-19T14:54:09.860306,author_018,author_018@example.com,author,Design|Programming,github,image_0027.webp,/uploads/image_0027.webp,image/webp,User 094,user094@example.com,Could you elaborate on the second part?
p_0007,Flask for Beginners,flask-0007,"Lorem ipsum dolor sit amet, consectetur adipiscing elit. Sed do eiusmod tempor incididunt ut labore et dolore magna aliqua. Ut enim ad minim veniam, quis nostrud exercitation ullamco laboris.Lorem ipsum dolor sit amet, consectetur adipiscing elit. Sed do eiusmod tempor incididunt ut labore et dolore magna aliqua. Ut enim ad minim veniam, quis nostrud exercitation ullamco laboris.",published,2025-09-19T14:54:09.860306,author_018,author_018@example.com,author,Design|Programming,github,image_0027.webp,/uploads/image_0027.webp,image/webp,User 014,user014@example.com,"Very insightful, looking forward to more."
p_0007,Flask for Beginners,flask-0007,"Lorem ipsum dolor sit amet, consectetur adipiscing elit. Sed do eiusmod tempor incididunt ut labore et dolore magna aliqua. Ut enim ad minim veniam, quis nostrud exercitation ullamco laboris.Lorem ipsum dolor sit amet, consectetur adipiscing elit. Sed do eiusmod tempor incididunt ut labore et dolore magna aliqua. Ut enim ad minim veniam, quis nostrud exercitation ullamco laboris.",published,2025-09-19T14:54:09.860306,author_018,author_018@example.com,author,Design|Programming,github,image_0027.webp,/uploads/image_0027.webp,image/webp,User 025,user025@example.com,"Very insightful, looking forward to more."
p_0008,Building Production-Ready Mongodb Apps,mongodb-0008,"Lorem ipsum dolor sit amet, consectetur adipiscing elit. Sed do eiusmod tempor incididunt ut labore et dolore magna aliqua. Ut enim ad minim veniam, quis nostrud exercitation ullamco laboris.Lorem ipsum dolor sit amet, consectetur adipiscing elit. Sed do eiusmod tempor incididunt ut labore et dolore magna aliqua. Ut enim ad minim veniam, quis nostrud exercitation ullamco laboris.",published,2025-10-15T14:54:09.860337,author_004,author_004@example.com,editor,Programming,agile|graphql|mongodb|django,image_0034.jpg,/uploads/image_0034.jpg,image/jpeg,User 012,user012@example.com,"Very insightful, looking forward to more."
p_0008,Building Production-Ready Mongodb Apps,mongodb-0008,"Lorem ipsum dolor sit amet, consectetur adipiscing elit. Sed do eiusmod tempor incididunt ut labore et dolore magna aliqua. Ut enim ad minim veniam, quis nostrud exercitation ullamco laboris.Lorem ipsum dolor sit amet, consectetur adipiscing elit. Sed do eiusmod tempor incididunt ut labore et dolore magna aliqua. Ut enim ad minim veniam, quis nostrud exercitation ullamco laboris.",published,2025-10-15T14:54:09.860337,author_004,author_004@example.com,editor,Programming,agile|graphql|mongodb|django,image_0034.jpg,/uploads/image_0034.jpg,image/jpeg,User 022,user022@example.com,Bookmarked for later reference.
p_0008,Building Production-Ready Mongodb Apps,mongodb-0008,"Lorem ipsum dolor sit amet, consectetur adipiscing elit. Sed do eiusmod tempor incididunt ut labore et dolore magna aliqua. Ut enim ad minim veniam, quis nostrud exercitation ullamco laboris.Lorem ipsum dolor sit amet, consectetur adipiscing elit. Sed do eiusmod tempor incididunt ut labore et dolore magna aliqua. Ut enim ad minim veniam, quis nostrud exercitation ullamco laboris.",published,2025-10-15T14:54:09.860337,author_004,author_004@example.com,editor,Programming,agile|graphql|mongodb|django,image_0034.jpg,/uploads/image_0034.jpg,image/jpeg,User 063,user063@example.com,Just tried this approach -- it works.
p_0009,Vue vs Alternatives,vue-0009,"Lorem ipsum dolor sit amet, consectetur adipiscing elit. Sed do eiusmod tempor incididunt ut labore et dolore magna aliqua. Ut enim ad minim veniam, quis nostrud exercitation ullamco laboris.Lorem ipsum dolor sit amet, consectetur adipiscing elit. Sed do eiusmod tempor incididunt ut labore et dolore magna aliqua. Ut enim ad minim veniam, quis nostrud exercitation ullamco laboris.",published,2026-02-24T14:54:09.860359,author_001,author_001@example.com,author,Health|Marketing,ci-cd|testing|agile|mongodb,image_0031.jpg,/uploads/image_0031.jpg,image/jpeg,User 025,user025@example.com,This is exactly what I was looking for.
p_0009,Vue vs Alternatives,vue-0009,"Lorem ipsum dolor sit amet, consectetur adipiscing elit. Sed do eiusmod tempor incididunt ut labore et dolore magna aliqua. Ut enim ad minim veniam, quis nostrud exercitation ullamco laboris.Lorem ipsum dolor sit amet, consectetur adipiscing elit. Sed do eiusmod tempor incididunt ut labore et dolore magna aliqua. Ut enim ad minim veniam, quis nostrud exercitation ullamco laboris.",published,2026-02-24T14:54:09.860359,author_001,author_001@example.com,author,Health|Marketing,ci-cd|testing|agile|mongodb,image_0031.jpg,/uploads/image_0031.jpg,image/jpeg,User 028,user028@example.com,Great post! Really helpful.
p_0009,Vue vs Alternatives,vue-0009,"Lorem ipsum dolor sit amet, consectetur adipiscing elit. Sed do eiusmod tempor incididunt ut labore et dolore magna aliqua. Ut enim ad minim veniam, quis nostrud exercitation ullamco laboris.Lorem ipsum dolor sit amet, consectetur adipiscing elit. Sed do eiusmod tempor incididunt ut labore et dolore magna aliqua. Ut enim ad minim veniam, quis nostrud exercitation ullamco laboris.",published,2026-02-24T14:54:09.860359,author_001,author_001@example.com,author,Health|Marketing,ci-cd|testing|agile|mongodb,image_0031.jpg,/uploads/image_0031.jpg,image/jpeg,User 075,user075@example.com,Nice writeup. Subscribed.
p_0009,Vue vs Alternatives,vue-0009,"Lorem ipsum dolor sit amet, consectetur adipiscing elit. Sed do eiusmod tempor incididunt ut labore et dolore magna aliqua. Ut enim ad minim veniam, quis nostrud exercitation ullamco laboris.Lorem ipsum dolor sit amet, consectetur adipiscing elit. Sed do eiusmod tempor incididunt ut labore et dolore magna aliqua. Ut enim ad minim veniam, quis nostrud exercitation ullamco laboris.",published,2026-02-24T14:54:09.860359,author_001,author_001@example.com,author,Health|Marketing,ci-cd|testing|agile|mongodb,image_0031.jpg,/uploads/image_0031.jpg,image/jpeg,User 008,user008@example.com,Could you elaborate on the second part?
p_0010,Getting Started with Javascript,javascript-0010,"Lorem ipsum dolor sit amet, consectetur adipiscing elit. Sed do eiusmod tempor incididunt ut labore et dolore magna aliqua. Ut enim ad minim veniam, quis nostrud exercitation ullamco laboris.Lorem ipsum dolor sit amet, consectetur adipiscing elit. Sed do eiusmod tempor incididunt ut labore et dolore magna aliqua. Ut enim ad minim veniam, quis nostrud exercitation ullamco laboris.Lorem ipsum dolor sit amet, consectetur adipiscing elit. Sed do eiusmod tempor incididunt ut labore et dolore magna aliqua. Ut enim ad minim veniam, quis nostrud exercitation ullamco laboris.",published,2025-09-17T14:54:09.860386,author_018,author_018@example.com,author,Technology,graphql,image_0038.webp,/uploads/image_0038.webp,image/webp,User 087,user087@example.com,"Very insightful, looking forward to more."
p_0010,Getting Started with Javascript,javascript-0010,"Lorem ipsum dolor sit amet, consectetur adipiscing elit. Sed do eiusmod tempor incididunt ut labore et dolore magna aliqua. Ut enim ad minim veniam, quis nostrud exercitation ullamco laboris.Lorem ipsum dolor sit amet, consectetur adipiscing elit. Sed do eiusmod tempor incididunt ut labore et dolore magna aliqua. Ut enim ad minim veniam, quis nostrud exercitation ullamco laboris.Lorem ipsum dolor sit amet, consectetur adipiscing elit. Sed do eiusmod tempor incididunt ut labore et dolore magna aliqua. Ut enim ad minim veniam, quis nostrud exercitation ullamco laboris.",published,2025-09-17T14:54:09.860386,author_018,author_018@example.com,author,Technology,graphql,image_0038.webp,/uploads/image_0038.webp,image/webp,User 052,user052@example.com,Thanks for sharing this.
p_0010,Getting Started with Javascript,javascript-0010,"Lorem ipsum dolor sit amet, consectetur adipiscing elit. Sed do eiusmod tempor incididunt ut labore et dolore magna aliqua. Ut enim ad minim veniam, quis nostrud exercitation ullamco laboris.Lorem ipsum dolor sit amet, consectetur adipiscing elit. Sed do eiusmod tempor incididunt ut labore et dolore magna aliqua. Ut enim ad minim veniam, quis nostrud exercitation ullamco laboris.Lorem ipsum dolor sit amet, consectetur adipiscing elit. Sed do eiusmod tempor incididunt ut labore et dolore magna aliqua. Ut enim ad minim veniam, quis nostrud exercitation ullamco laboris.",published,2025-09-17T14:54:09.860386,author_018,author_018@example.com,author,Technology,graphql,image_0038.webp,/uploads/image_0038.webp,image/webp,User 073,user073@example.com,"Very insightful, looking forward to more."
p_0011,Postgresql for Beginners,postgresql-0011,"Lorem ipsum dolor sit amet, consectetur adipiscing elit. Sed do eiusmod tempor incididunt ut labore et dolore magna aliqua. Ut enim ad minim veniam, quis nostrud exercitation ullamco laboris.Lorem ipsum dolor sit amet, consectetur adipiscing elit. Sed do eiusmod tempor incididunt ut labore et dolore magna aliqua. Ut enim ad minim veniam, quis nostrud exercitation ullamco laboris.Lorem ipsum dolor sit amet, consectetur adipiscing elit. Sed do eiusmod tempor incididunt ut labore et dolore magna aliqua. Ut enim ad minim veniam, quis nostrud exercitation ullamco laboris.",published,2025-07-06T14:54:09.860407,author_001,author_001@example.com,author,Photography|Travel|Business,vue|github|ci-cd,image_0016.jpg,/uploads/image_0016.jpg,image/jpeg,User 017,user017@example.com,This is exactly what I was looking for.
p_0011,Postgresql for Beginners,postgresql-0011,"Lorem ipsum dolor sit amet, consectetur adipiscing elit. Sed do eiusmod tempor incididunt ut labore et dolore magna aliqua. Ut enim ad minim veniam, quis nostrud exercitation ullamco laboris.Lorem ipsum dolor sit amet, consectetur adipiscing elit. Sed do eiusmod tempor incididunt ut labore et dolore magna aliqua. Ut enim ad minim veniam, quis nostrud exercitation ullamco laboris.Lorem ipsum dolor sit amet, consectetur adipiscing elit. Sed do eiusmod tempor incididunt ut labore et dolore magna aliqua. Ut enim ad minim veniam, quis nostrud exercitation ullamco laboris.",published,2025-07-06T14:54:09.860407,author_001,author_001@example.com,author,Photography|Travel|Business,vue|github|ci-cd,image_0016.jpg,/uploads/image_0016.jpg,image/jpeg,User 059,user059@example.com,Could you elaborate on the second part?
p_0011,Postgresql for Beginners,postgresql-0011,"Lorem ipsum dolor sit amet, consectetur adipiscing elit. Sed do eiusmod tempor incididunt ut labore et dolore magna aliqua. Ut enim ad minim veniam, quis nostrud exercitation ullamco laboris.Lorem ipsum dolor sit amet, consectetur adipiscing elit. Sed do eiusmod tempor incididunt ut labore et dolore magna aliqua. Ut enim ad minim veniam, quis nostrud exercitation ullamco laboris.Lorem ipsum dolor sit amet, consectetur adipiscing elit. Sed do eiusmod tempor incididunt ut labore et dolore magna aliqua. Ut enim ad minim veniam, quis nostrud exercitation ullamco laboris.",published,2025-07-06T14:54:09.860407,author_001,author_001@example.com,author,Photography|Travel|Business,vue|github|ci-cd,image_0016.jpg,/uploads/image_0016.jpg,image/jpeg,User 097,user097@example.com,Thanks for sharing this.
p_0011,Postgresql for Beginners,postgresql-0011,"Lorem ipsum dolor sit amet, consectetur adipiscing elit. Sed do eiusmod tempor incididunt ut labore et dolore magna aliqua. Ut enim ad minim veniam, quis nostrud exercitation ullamco laboris.Lorem ipsum dolor sit amet, consectetur adipiscing elit. Sed do eiusmod tempor incididunt ut labore et dolore magna aliqua. Ut enim ad minim veniam, quis nostrud exercitation ullamco laboris.Lorem ipsum dolor sit amet, consectetur adipiscing elit. Sed do eiusmod tempor incididunt ut labore et dolore magna aliqua. Ut enim ad minim veniam, quis nostrud exercitation ullamco laboris.",published,2025-07-06T14:54:09.860407,author_001,author_001@example.com,author,Photography|Travel|Business,vue|github|ci-cd,image_0016.jpg,/uploads/image_0016.jpg,image/jpeg,User 002,user002@example.com,Just tried this approach -- it works.
p_0011,Postgresql for Beginners,postgresql-0011,"Lorem ipsum dolor sit amet, consectetur adipiscing elit. Sed do eiusmod tempor incididunt ut labore et dolore magna aliqua. Ut enim ad minim veniam, quis nostrud exercitation ullamco laboris.Lorem ipsum dolor sit amet, consectetur adipiscing elit. Sed do eiusmod tempor incididunt ut labore et dolore magna aliqua. Ut enim ad minim veniam, quis nostrud exercitation ullamco laboris.Lorem ipsum dolor sit amet, consectetur adipiscing elit. Sed do eiusmod tempor incididunt ut labore et dolore magna aliqua. Ut enim ad minim veniam, quis nostrud exercitation ullamco laboris.",published,2025-07-06T14:54:09.860407,author_001,author_001@example.com,author,Photography|Travel|Business,vue|github|ci-cd,image_0016.jpg,/uploads/image_0016.jpg,image/jpeg,User 080,user080@example.com,I had a similar experience recently.
p_0011,Postgresql for Beginners,postgresql-0011,"Lorem ipsum dolor sit amet, consectetur adipiscing elit. Sed do eiusmod tempor incididunt ut labore et dolore magna aliqua. Ut enim ad minim veniam, quis nostrud exercitation ullamco laboris.Lorem ipsum dolor sit amet, consectetur adipiscing elit. Sed do eiusmod tempor incididunt ut labore et dolore magna aliqua. Ut enim ad minim veniam, quis nostrud exercitation ullamco laboris.Lorem ipsum dolor sit amet, consectetur adipiscing elit. Sed do eiusmod tempor incididunt ut labore et dolore magna aliqua. Ut enim ad minim veniam, quis nostrud exercitation ullamco laboris.",published,2025-07-06T14:54:09.860407,author_001,author_001@example.com,author,Photography|Travel|Business,vue|github|ci-cd,image_0016.jpg,/uploads/image_0016.jpg,image/jpeg,User 013,user013@example.com,Thanks for sharing this.
p_0012,Deep Dive into Mongodb,mongodb-0012,"Lorem ipsum dolor sit amet, consectetur adipiscing elit. Sed do eiusmod tempor incididunt ut labore et dolore magna aliqua. Ut enim ad minim veniam, quis nostrud exercitation ullamco laboris.Lorem ipsum dolor sit amet, consectetur adipiscing elit. Sed do eiusmod tempor incididunt ut labore et dolore magna aliqua. Ut enim ad minim veniam, quis nostrud exercitation ullamco laboris.",published,2026-01-04T14:54:09.860437,author_016,author_016@example.com,author,Design,html|react|gcp,,,,User 079,user079@example.com,Nice writeup. Subscribed.
p_0012,Deep Dive into Mongodb,mongodb-0012,"Lorem ipsum dolor sit amet, consectetur adipiscing elit. Sed do eiusmod tempor incididunt ut labore et dolore magna aliqua. Ut enim ad minim veniam, quis nostrud exercitation ullamco laboris.Lorem ipsum dolor sit amet, consectetur adipiscing elit. Sed do eiusmod tempor incididunt ut labore et dolore magna aliqua. Ut enim ad minim veniam, quis nostrud exercitation ullamco laboris.",published,2026-01-04T14:54:09.860437,author_016,author_016@example.com,author,Design,html|react|gcp,,,,User 002,user002@example.com,Nice writeup. Subscribed.
p_0012,Deep Dive into Mongodb,mongodb-0012,"Lorem ipsum dolor sit amet, consectetur adipiscing elit. Sed do eiusmod tempor incididunt ut labore et dolore magna aliqua. Ut enim ad minim veniam, quis nostrud exercitation ullamco laboris.Lorem ipsum dolor sit amet, consectetur adipiscing elit. Sed do eiusmod tempor incididunt ut labore et dolore magna aliqua. Ut enim ad minim veniam, quis nostrud exercitation ullamco laboris.",published,2026-01-04T14:54:09.860437,author_016,author_016@example.com,author,Design,html|react|gcp,,,,User 039,user039@example.com,Thanks for sharing this.
p_0012,Deep Dive into Mongodb,mongodb-0012,"Lorem ipsum dolor sit amet, consectetur adipiscing elit. Sed do eiusmod tempor incididunt ut labore et dolore magna aliqua. Ut enim ad minim veniam, quis nostrud exercitation ullamco laboris.Lorem ipsum dolor sit amet, consectetur adipiscing elit. Sed do eiusmod tempor incididunt ut labore et dolore magna aliqua. Ut enim ad minim veniam, quis nostrud exercitation ullamco laboris.",published,2026-01-04T14:54:09.860437,author_016,author_016@example.com,author,Design,html|react|gcp,,,,User 018,user018@example.com,This is exactly what I was looking for.
p_0012,Deep Dive into Mongodb,mongodb-0012,"Lorem ipsum dolor sit amet, consectetur adipiscing elit. Sed do eiusmod tempor incididunt ut labore et dolore magna aliqua. Ut enim ad minim veniam, quis nostrud exercitation ullamco laboris.Lorem ipsum dolor sit amet, consectetur adipiscing elit. Sed do eiusmod tempor incididunt ut labore et dolore magna aliqua. Ut enim ad minim veniam, quis nostrud exercitation ullamco laboris.",published,2026-01-04T14:54:09.860437,author_016,author_016@example.com,author,Design,html|react|gcp,,,,User 015,user015@example.com,Thanks for sharing this.
p_0013,The Future of Testing,testing-0013,"Lorem ipsum dolor sit amet, consectetur adipiscing elit. Sed do eiusmod tempor incididunt ut labore et dolore magna aliqua. Ut enim ad minim veniam, quis nostrud exercitation ullamco laboris.",published,2025-12-31T14:54:09.860465,author_004,author_004@example.com,editor,Business|Design|Marketing,css|microservices|devops|graphql,image_0040.webp,/uploads/image_0040.webp,image/webp,User 036,user036@example.com,Great post! Really helpful.
p_0013,The Future of Testing,testing-0013,"Lorem ipsum dolor sit amet, consectetur adipiscing elit. Sed do eiusmod tempor incididunt ut labore et dolore magna aliqua. Ut enim ad minim veniam, quis nostrud exercitation ullamco laboris.",published,2025-12-31T14:54:09.860465,author_004,author_004@example.com,editor,Business|Design|Marketing,css|microservices|devops|graphql,image_0040.webp,/uploads/image_0040.webp,image/webp,User 001,user001@example.com,Could you elaborate on the second part?
p_0013,The Future of Testing,testing-0013,"Lorem ipsum dolor sit amet, consectetur adipiscing elit. Sed do eiusmod tempor incididunt ut labore et dolore magna aliqua. Ut enim ad minim veniam, quis nostrud exercitation ullamco laboris.",published,2025-12-31T14:54:09.860465,author_004,author_004@example.com,editor,Business|Design|Marketing,css|microservices|devops|graphql,image_0040.webp,/uploads/image_0040.webp,image/webp,User 099,user099@example.com,I disagree with point 3 -- here's why...
p_0013,The Future of Testing,testing-0013,"Lorem ipsum dolor sit amet, consectetur adipiscing elit. Sed do eiusmod tempor incididunt ut labore et dolore magna aliqua. Ut enim ad minim veniam, quis nostrud exercitation ullamco laboris.",published,2025-12-31T14:54:09.860465,author_004,author_004@example.com,editor,Business|Design|Marketing,css|microservices|devops|graphql,image_0040.webp,/uploads/image_0040.webp,image/webp,User 082,user082@example.com,This is exactly what I was looking for.
p_0013,The Future of Testing,testing-0013,"Lorem ipsum dolor sit amet, consectetur adipiscing elit. Sed do eiusmod tempor incididunt ut labore et dolore magna aliqua. Ut enim ad minim veniam, quis nostrud exercitation ullamco laboris.",published,2025-12-31T14:54:09.860465,author_004,author_004@example.com,editor,Business|Design|Marketing,css|microservices|devops|graphql,image_0040.webp,/uploads/image_0040.webp,image/webp,User 021,user021@example.com,Just tried this approach -- it works.
p_0013,The Future of Testing,testing-0013,"Lorem ipsum dolor sit amet, consectetur adipiscing elit. Sed do eiusmod tempor incididunt ut labore et dolore magna aliqua. Ut enim ad minim veniam, quis nostrud exercitation ullamco laboris.",published,2025-12-31T14:54:09.860465,author_004,author_004@example.com,editor,Business|Design|Marketing,css|microservices|devops|graphql,image_0040.webp,/uploads/image_0040.webp,image/webp,User 071,user071@example.com,Bookmarked for later reference.
p_0014,Getting Started with Mongodb,mongodb-0014,"Lorem ipsum dolor sit amet, consectetur adipiscing elit. Sed do eiusmod tempor incididunt ut labore et dolore magna aliqua. Ut enim ad minim veniam, quis nostrud exercitation ullamco laboris.Lorem ipsum dolor sit amet, consectetur adipiscing elit. Sed do eiusmod tempor incididunt ut labore et dolore magna aliqua. Ut enim ad minim veniam, quis nostrud exercitation ullamco laboris.Lorem ipsum dolor sit amet, consectetur adipiscing elit. Sed do eiusmod tempor incididunt ut labore et dolore magna aliqua. Ut enim ad minim veniam, quis nostrud exercitation ullamco laboris.",draft,,author_003,author_003@example.com,contributor,Travel,rest-api,image_0035.png,/uploads/image_0035.png,image/png,User 056,user056@example.com,I disagree with point 3 -- here's why...
p_0014,Getting Started with Mongodb,mongodb-0014,"Lorem ipsum dolor sit amet, consectetur adipiscing elit. Sed do eiusmod tempor incididunt ut labore et dolore magna aliqua. Ut enim ad minim veniam, quis nostrud exercitation ullamco laboris.Lorem ipsum dolor sit amet, consectetur adipiscing elit. Sed do eiusmod tempor incididunt ut labore et dolore magna aliqua. Ut enim ad minim veniam, quis nostrud exercitation ullamco laboris.Lorem ipsum dolor sit amet, consectetur adipiscing elit. Sed do eiusmod tempor incididunt ut labore et dolore magna aliqua. Ut enim ad minim veniam, quis nostrud exercitation ullamco laboris.",draft,,author_003,author_003@example.com,contributor,Travel,rest-api,image_0035.png,/uploads/image_0035.png,image/png,User 006,user006@example.com,This is exactly what I was looking for.
p_0014,Getting Started with Mongodb,mongodb-0014,"Lorem ipsum dolor sit amet, consectetur adipiscing elit. Sed do eiusmod tempor incididunt ut labore et dolore magna aliqua. Ut enim ad minim veniam, quis nostrud exercitation ullamco laboris.Lorem ipsum dolor sit amet, consectetur adipiscing elit. Sed do eiusmod tempor incididunt ut labore et dolore magna aliqua. Ut enim ad minim veniam, quis nostrud exercitation ullamco laboris.Lorem ipsum dolor sit amet, consectetur adipiscing elit. Sed do eiusmod tempor incididunt ut labore et dolore magna aliqua. Ut enim ad minim veniam, quis nostrud exercitation ullamco laboris.",draft,,author_003,author_003@example.com,contributor,Travel,rest-api,image_0035.png,/uploads/image_0035.png,image/png,User 047,user047@example.com,Great post! Really helpful.
p_0014,Getting Started with Mongodb,mongodb-0014,"Lorem ipsum dolor sit amet, consectetur adipiscing elit. Sed do eiusmod tempor incididunt ut labore et dolore magna aliqua. Ut enim ad minim veniam, quis nostrud exercitation ullamco laboris.Lorem ipsum dolor sit amet, consectetur adipiscing elit. Sed do eiusmod tempor incididunt ut labore et dolore magna aliqua. Ut enim ad minim veniam, quis nostrud exercitation ullamco laboris.Lorem ipsum dolor sit amet, consectetur adipiscing elit. Sed do eiusmod tempor incididunt ut labore et dolore magna aliqua. Ut enim ad minim veniam, quis nostrud exercitation ullamco laboris.",draft,,author_003,author_003@example.com,contributor,Travel,rest-api,image_0035.png,/uploads/image_0035.png,image/png,User 046,user046@example.com,"Very insightful, looking forward to more."
p_0015,Deep Dive into Github,github-0015,"Lorem ipsum dolor sit amet, consectetur adipiscing elit. Sed do eiusmod tempor incididunt ut labore et dolore magna aliqua. Ut enim ad minim veniam, quis nostrud exercitation ullamco laboris.Lorem ipsum dolor sit amet, consectetur adipiscing elit. Sed do eiusmod tempor incididunt ut labore et dolore magna aliqua. Ut enim ad minim veniam, quis nostrud exercitation ullamco laboris.",draft,,author_003,author_003@example.com,contributor,Web Development|Design|Photography,microservices|azure,image_0047.png,/uploads/image_0047.png,image/png,User 053,user053@example.com,"Very insightful, looking forward to more."
p_0015,Deep Dive into Github,github-0015,"Lorem ipsum dolor sit amet, consectetur adipiscing elit. Sed do eiusmod tempor incididunt ut labore et dolore magna aliqua. Ut enim ad minim veniam, quis nostrud exercitation ullamco laboris.Lorem ipsum dolor sit amet, consectetur adipiscing elit. Sed do eiusmod tempor incididunt ut labore et dolore magna aliqua. Ut enim ad minim veniam, quis nostrud exercitation ullamco laboris.",draft,,author_003,author_003@example.com,contributor,Web Development|Design|Photography,microservices|azure,image_0047.png,/uploads/image_0047.png,image/png,User 035,user035@example.com,I disagree with point 3 -- here's why...
p_0015,Deep Dive into Github,github-0015,"Lorem ipsum dolor sit amet, consectetur adipiscing elit. Sed do eiusmod tempor incididunt ut labore et dolore magna aliqua. Ut enim ad minim veniam, quis nostrud exercitation ullamco laboris.Lorem ipsum dolor sit amet, consectetur adipiscing elit. Sed do eiusmod tempor incididunt ut labore et dolore magna aliqua. Ut enim ad minim veniam, quis nostrud exercitation ullamco laboris.",draft,,author_003,author_003@example.com,contributor,Web Development|Design|Photography,microservices|azure,image_0047.png,/uploads/image_0047.png,image/png,User 090,user090@example.com,Thanks for sharing this.
p_0015,Deep Dive into Github,github-0015,"Lorem ipsum dolor sit amet, consectetur adipiscing elit. Sed do eiusmod tempor incididunt ut labore et dolore magna aliqua. Ut enim ad minim veniam, quis nostrud exercitation ullamco laboris.Lorem ipsum dolor sit amet, consectetur adipiscing elit. Sed do eiusmod tempor incididunt ut labore et dolore magna aliqua. Ut enim ad minim veniam, quis nostrud exercitation ullamco laboris.",draft,,author_003,author_003@example.com,contributor,Web Development|Design|Photography,microservices|azure,image_0047.png,/uploads/image_0047.png,image/png,User 049,user049@example.com,Great post! Really helpful.
p_0015,Deep Dive into Github,github-0015,"Lorem ipsum dolor sit amet, consectetur adipiscing elit. Sed do eiusmod tempor incididunt ut labore et dolore magna aliqua. Ut enim ad minim veniam, quis nostrud exercitation ullamco laboris.Lorem ipsum dolor sit amet, consectetur adipiscing elit. Sed do eiusmod tempor incididunt ut labore et dolore magna aliqua. Ut enim ad minim veniam, quis nostrud exercitation ullamco laboris.",draft,,author_003,author_003@example.com,contributor,Web Development|Design|Photography,microservices|azure,image_0047.png,/uploads/image_0047.png,image/png,User 061,user061@example.com,"Very insightful, looking forward to more."
p_0016,Building Production-Ready Vue Apps,vue-0016,"Lorem ipsum dolor sit amet, consectetur adipiscing elit. Sed do eiusmod tempor incididunt ut labore et dolore magna aliqua. Ut enim ad minim veniam, quis nostrud exercitation ullamco laboris.",draft,,author_011,author_011@example.com,contributor,Technology,aws|docker,image_0004.png,/uploads/image_0004.png,image/png,User 045,user045@example.com,Nice writeup. Subscribed.
p_0016,Building Production-Ready Vue Apps,vue-0016,"Lorem ipsum dolor sit amet, consectetur adipiscing elit. Sed do eiusmod tempor incididunt ut labore et dolore magna aliqua. Ut enim ad minim veniam, quis nostrud exercitation ullamco laboris.",draft,,author_011,author_011@example.com,contributor,Technology,aws|docker,image_0004.png,/uploads/image_0004.png,image/png,User 052,user052@example.com,Nice writeup. Subscribed.
p_0016,Building Production-Ready Vue Apps,vue-0016,"Lorem ipsum dolor sit amet, consectetur adipiscing elit. Sed do eiusmod tempor incididunt ut labore et dolore magna aliqua. Ut enim ad minim veniam, quis nostrud exercitation ullamco laboris.",draft,,author_011,author_011@example.com,contributor,Technology,aws|docker,image_0004.png,/uploads/image_0004.png,image/png,User 043,user043@example.com,Great post! Really helpful.
p_0016,Building Production-Ready Vue Apps,vue-0016,"Lorem ipsum dolor sit amet, consectetur adipiscing elit. Sed do eiusmod tempor incididunt ut labore et dolore magna aliqua. Ut enim ad minim veniam, quis nostrud exercitation ullamco laboris.",draft,,author_011,author_011@example.com,contributor,Technology,aws|docker,image_0004.png,/uploads/image_0004.png,image/png,User 015,user015@example.com,This is exactly what I was looking for.
p_0016,Building Production-Ready Vue Apps,vue-0016,"Lorem ipsum dolor sit amet, consectetur adipiscing elit. Sed do eiusmod tempor incididunt ut labore et dolore magna aliqua. Ut enim ad minim veniam, quis nostrud exercitation ullamco laboris.",draft,,author_011,author_011@example.com,contributor,Technology,aws|docker,image_0004.png,/uploads/image_0004.png,image/png,User 023,user023@example.com,I had a similar experience recently.
p_0017,Getting Started with Css,css-0017,"Lorem ipsum dolor sit amet, consectetur adipiscing elit. Sed do eiusmod tempor incididunt ut labore et dolore magna aliqua. Ut enim ad minim veniam, quis nostrud exercitation ullamco laboris.Lorem ipsum dolor sit amet, consectetur adipiscing elit. Sed do eiusmod tempor incididunt ut labore et dolore magna aliqua. Ut enim ad minim veniam, quis nostrud exercitation ullamco laboris.Lorem ipsum dolor sit amet, consectetur adipiscing elit. Sed do eiusmod tempor incididunt ut labore et dolore magna aliqua. Ut enim ad minim veniam, quis nostrud exercitation ullamco laboris.",published,2025-07-18T14:54:09.860570,author_003,author_003@example.com,contributor,Education|Travel,aws,,,,User 033,user033@example.com,Great post! Really helpful.
p_0017,Getting Started with Css,css-0017,"Lorem ipsum dolor sit amet, consectetur adipiscing elit. Sed do eiusmod tempor incididunt ut labore et dolore magna aliqua. Ut enim ad minim veniam, quis nostrud exercitation ullamco laboris.Lorem ipsum dolor sit amet, consectetur adipiscing elit. Sed do eiusmod tempor incididunt ut labore et dolore magna aliqua. Ut enim ad minim veniam, quis nostrud exercitation ullamco laboris.Lorem ipsum dolor sit amet, consectetur adipiscing elit. Sed do eiusmod tempor incididunt ut labore et dolore magna aliqua. Ut enim ad minim veniam, quis nostrud exercitation ullamco laboris.",published,2025-07-18T14:54:09.860570,author_003,author_003@example.com,contributor,Education|Travel,aws,,,,User 091,user091@example.com,Bookmarked for later reference.
p_0017,Getting Started with Css,css-0017,"Lorem ipsum dolor sit amet, consectetur adipiscing elit. Sed do eiusmod tempor incididunt ut labore et dolore magna aliqua. Ut enim ad minim veniam, quis nostrud exercitation ullamco laboris.Lorem ipsum dolor sit amet, consectetur adipiscing elit. Sed do eiusmod tempor incididunt ut labore et dolore magna aliqua. Ut enim ad minim veniam, quis nostrud exercitation ullamco laboris.Lorem ipsum dolor sit amet, consectetur adipiscing elit. Sed do eiusmod tempor incididunt ut labore et dolore magna aliqua. Ut enim ad minim veniam, quis nostrud exercitation ullamco laboris.",published,2025-07-18T14:54:09.860570,author_003,author_003@example.com,contributor,Education|Travel,aws,,,,User 001,user001@example.com,Nice writeup. Subscribed.
p_0017,Getting Started with Css,css-0017,"Lorem ipsum dolor sit amet, consectetur adipiscing elit. Sed do eiusmod tempor incididunt ut labore et dolore magna aliqua. Ut enim ad minim veniam, quis nostrud exercitation ullamco laboris.Lorem ipsum dolor sit amet, consectetur adipiscing elit. Sed do eiusmod tempor incididunt ut labore et dolore magna aliqua. Ut enim ad minim veniam, quis nostrud exercitation ullamco laboris.Lorem ipsum dolor sit amet, consectetur adipiscing elit. Sed do eiusmod tempor incididunt ut labore et dolore magna aliqua. Ut enim ad minim veniam, quis nostrud exercitation ullamco laboris.",published,2025-07-18T14:54:09.860570,author_003,author_003@example.com,contributor,Education|Travel,aws,,,,User 069,user069@example.com,"Very insightful, looking forward to more."
p_0018,Kubernetes vs Alternatives,kubernetes-0018,"Lorem ipsum dolor sit amet, consectetur adipiscing elit. Sed do eiusmod tempor incididunt ut labore et dolore magna aliqua. Ut enim ad minim veniam, quis nostrud exercitation ullamco laboris.Lorem ipsum dolor sit amet, consectetur adipiscing elit. Sed do eiusmod tempor incididunt ut labore et dolore magna aliqua. Ut enim ad minim veniam, quis nostrud exercitation ullamco laboris.Lorem ipsum dolor sit amet, consectetur adipiscing elit. Sed do eiusmod tempor incididunt ut labore et dolore magna aliqua. Ut enim ad minim veniam, quis nostrud exercitation ullamco laboris.",draft,,author_002,author_002@example.com,author,Programming|Marketing,github|azure|docker,image_0018.jpg,/uploads/image_0018.jpg,image/jpeg,User 017,user017@example.com,"Very insightful, looking forward to more."
p_0018,Kubernetes vs Alternatives,kubernetes-0018,"Lorem ipsum dolor sit amet, consectetur adipiscing elit. Sed do eiusmod tempor incididunt ut labore et dolore magna aliqua. Ut enim ad minim veniam, quis nostrud exercitation ullamco laboris.Lorem ipsum dolor sit amet, consectetur adipiscing elit. Sed do eiusmod tempor incididunt ut labore et dolore magna aliqua. Ut enim ad minim veniam, quis nostrud exercitation ullamco laboris.Lorem ipsum dolor sit amet, consectetur adipiscing elit. Sed do eiusmod tempor incididunt ut labore et dolore magna aliqua. Ut enim ad minim veniam, quis nostrud exercitation ullamco laboris.",draft,,author_002,author_002@example.com,author,Programming|Marketing,github|azure|docker,image_0018.jpg,/uploads/image_0018.jpg,image/jpeg,User 054,user054@example.com,Bookmarked for later reference.
p_0018,Kubernetes vs Alternatives,kubernetes-0018,"Lorem ipsum dolor sit amet, consectetur adipiscing elit. Sed do eiusmod tempor incididunt ut labore et dolore magna aliqua. Ut enim ad minim veniam, quis nostrud exercitation ullamco laboris.Lorem ipsum dolor sit amet, consectetur adipiscing elit. Sed do eiusmod tempor incididunt ut labore et dolore magna aliqua. Ut enim ad minim veniam, quis nostrud exercitation ullamco laboris.Lorem ipsum dolor sit amet, consectetur adipiscing elit. Sed do eiusmod tempor incididunt ut labore et dolore magna aliqua. Ut enim ad minim veniam, quis nostrud exercitation ullamco laboris.",draft,,author_002,author_002@example.com,author,Programming|Marketing,github|azure|docker,image_0018.jpg,/uploads/image_0018.jpg,image/jpeg,User 087,user087@example.com,I disagree with point 3 -- here's why...
p_0018,Kubernetes vs Alternatives,kubernetes-0018,"Lorem ipsum dolor sit amet, consectetur adipiscing elit. Sed do eiusmod tempor incididunt ut labore et dolore magna aliqua. Ut enim ad minim veniam, quis nostrud exercitation ullamco laboris.Lorem ipsum dolor sit amet, consectetur adipiscing elit. Sed do eiusmod tempor incididunt ut labore et dolore magna aliqua. Ut enim ad minim veniam, quis nostrud exercitation ullamco laboris.Lorem ipsum dolor sit amet, consectetur adipiscing elit. Sed do eiusmod tempor incididunt ut labore et dolore magna aliqua. Ut enim ad minim veniam, quis nostrud exercitation ullamco laboris.",draft,,author_002,author_002@example.com,author,Programming|Marketing,github|azure|docker,image_0018.jpg,/uploads/image_0018.jpg,image/jpeg,User 079,user079@example.com,I had a similar experience recently.
p_0018,Kubernetes vs Alternatives,kubernetes-0018,"Lorem ipsum dolor sit amet, consectetur adipiscing elit. Sed do eiusmod tempor incididunt ut labore et dolore magna aliqua. Ut enim ad minim veniam, quis nostrud exercitation ullamco laboris.Lorem ipsum dolor sit amet, consectetur adipiscing elit. Sed do eiusmod tempor incididunt ut labore et dolore magna aliqua. Ut enim ad minim veniam, quis nostrud exercitation ullamco laboris.Lorem ipsum dolor sit amet, consectetur adipiscing elit. Sed do eiusmod tempor incididunt ut labore et dolore magna aliqua. Ut enim ad minim veniam, quis nostrud exercitation ullamco laboris.",draft,,author_002,author_002@example.com,author,Programming|Marketing,github|azure|docker,image_0018.jpg,/uploads/image_0018.jpg,image/jpeg,User 039,user039@example.com,Bookmarked for later reference.
p_0018,Kubernetes vs Alternatives,kubernetes-0018,"Lorem ipsum dolor sit amet, consectetur adipiscing elit. Sed do eiusmod tempor incididunt ut labore et dolore magna aliqua. Ut enim ad minim veniam, quis nostrud exercitation ullamco laboris.Lorem ipsum dolor sit amet, consectetur adipiscing elit. Sed do eiusmod tempor incididunt ut labore et dolore magna aliqua. Ut enim ad minim veniam, quis nostrud exercitation ullamco laboris.Lorem ipsum dolor sit amet, consectetur adipiscing elit. Sed do eiusmod tempor incididunt ut labore et dolore magna aliqua. Ut enim ad minim veniam, quis nostrud exercitation ullamco laboris.",draft,,author_002,author_002@example.com,author,Programming|Marketing,github|azure|docker,image_0018.jpg,/uploads/image_0018.jpg,image/jpeg,User 071,user071@example.com,Great post! Really helpful.
p_0018,Kubernetes vs Alternatives,kubernetes-0018,"Lorem ipsum dolor sit amet, consectetur adipiscing elit. Sed do eiusmod tempor incididunt ut labore et dolore magna aliqua. Ut enim ad minim veniam, quis nostrud exercitation ullamco laboris.Lorem ipsum dolor sit amet, consectetur adipiscing elit. Sed do eiusmod tempor incididunt ut labore et dolore magna aliqua. Ut enim ad minim veniam, quis nostrud exercitation ullamco laboris.Lorem ipsum dolor sit amet, consectetur adipiscing elit. Sed do eiusmod tempor incididunt ut labore et dolore magna aliqua. Ut enim ad minim veniam, quis nostrud exercitation ullamco laboris.",draft,,author_002,author_002@example.com,author,Programming|Marketing,github|azure|docker,image_0018.jpg,/uploads/image_0018.jpg,image/jpeg,User 039,user039@example.com,This is exactly what I was looking for.
p_0019,Vue vs Alternatives,vue-0019,"Lorem ipsum dolor sit amet, consectetur adipiscing elit. Sed do eiusmod tempor incididunt ut labore et dolore magna aliqua. Ut enim ad minim veniam, quis nostrud exercitation ullamco laboris.Lorem ipsum dolor sit amet, consectetur adipiscing elit. Sed do eiusmod tempor incididunt ut labore et dolore magna aliqua. Ut enim ad minim veniam, quis nostrud exercitation ullamco laboris.",published,2025-07-13T14:54:09.860635,author_018,author_018@example.com,author,Health|Design,agile|microservices|testing|react,image_0018.jpg,/uploads/image_0018.jpg,image/jpeg,User 085,user085@example.com,I had a similar experience recently.
p_0019,Vue vs Alternatives,vue-0019,"Lorem ipsum dolor sit amet, consectetur adipiscing elit. Sed do eiusmod tempor incididunt ut labore et dolore magna aliqua. Ut enim ad minim veniam, quis nostrud exercitation ullamco laboris.Lorem ipsum dolor sit amet, consectetur adipiscing elit. Sed do eiusmod tempor incididunt ut labore et dolore magna aliqua. Ut enim ad minim veniam, quis nostrud exercitation ullamco laboris.",published,2025-07-13T14:54:09.860635,author_018,author_018@example.com,author,Health|Design,agile|microservices|testing|react,image_0018.jpg,/uploads/image_0018.jpg,image/jpeg,User 043,user043@example.com,Thanks for sharing this.
p_0019,Vue vs Alternatives,vue-0019,"Lorem ipsum dolor sit amet, consectetur adipiscing elit. Sed do eiusmod tempor incididunt ut labore et dolore magna aliqua. Ut enim ad minim veniam, quis nostrud exercitation ullamco laboris.Lorem ipsum dolor sit amet, consectetur adipiscing elit. Sed do eiusmod tempor incididunt ut labore et dolore magna aliqua. Ut enim ad minim veniam, quis nostrud exercitation ullamco laboris.",published,2025-07-13T14:54:09.860635,author_018,author_018@example.com,author,Health|Design,agile|microservices|testing|react,image_0018.jpg,/uploads/image_0018.jpg,image/jpeg,User 097,user097@example.com,"Very insightful, looking forward to more."
p_0019,Vue vs Alternatives,vue-0019,"Lorem ipsum dolor sit amet, consectetur adipiscing elit. Sed do eiusmod tempor incididunt ut labore et dolore magna aliqua. Ut enim ad minim veniam, quis nostrud exercitation ullamco laboris.Lorem ipsum dolor sit amet, consectetur adipiscing elit. Sed do eiusmod tempor incididunt ut labore et dolore magna aliqua. Ut enim ad minim veniam, quis nostrud exercitation ullamco laboris.",published,2025-07-13T14:54:09.860635,author_018,author_018@example.com,author,Health|Design,agile|microservices|testing|react,image_0018.jpg,/uploads/image_0018.jpg,image/jpeg,User 087,user087@example.com,This is exactly what I was looking for.
p_0019,Vue vs Alternatives,vue-0019,"Lorem ipsum dolor sit amet, consectetur adipiscing elit. Sed do eiusmod tempor incididunt ut labore et dolore magna aliqua. Ut enim ad minim veniam, quis nostrud exercitation ullamco laboris.Lorem ipsum dolor sit amet, consectetur adipiscing elit. Sed do eiusmod tempor incididunt ut labore et dolore magna aliqua. Ut enim ad minim veniam, quis nostrud exercitation ullamco laboris.",published,2025-07-13T14:54:09.860635,author_018,author_018@example.com,author,Health|Design,agile|microservices|testing|react,image_0018.jpg,/uploads/image_0018.jpg,image/jpeg,User 029,user029@example.com,"Very insightful, looking forward to more."
p_0019,Vue vs Alternatives,vue-0019,"Lorem ipsum dolor sit amet, consectetur adipiscing elit. Sed do eiusmod tempor incididunt ut labore et dolore magna aliqua. Ut enim ad minim veniam, quis nostrud exercitation ullamco laboris.Lorem ipsum dolor sit amet, consectetur adipiscing elit. Sed do eiusmod tempor incididunt ut labore et dolore magna aliqua. Ut enim ad minim veniam, quis nostrud exercitation ullamco laboris.",published,2025-07-13T14:54:09.860635,author_018,author_018@example.com,author,Health|Design,agile|microservices|testing|react,image_0018.jpg,/uploads/image_0018.jpg,image/jpeg,User 019,user019@example.com,Great post! Really helpful.
p_0019,Vue vs Alternatives,vue-0019,"Lorem ipsum dolor sit amet, consectetur adipiscing elit. Sed do eiusmod tempor incididunt ut labore et dolore magna aliqua. Ut enim ad minim veniam, quis nostrud exercitation ullamco laboris.Lorem ipsum dolor sit amet, consectetur adipiscing elit. Sed do eiusmod tempor incididunt ut labore et dolore magna aliqua. Ut enim ad minim veniam, quis nostrud exercitation ullamco laboris.",published,2025-07-13T14:54:09.860635,author_018,author_018@example.com,author,Health|Design,agile|microservices|testing|react,image_0018.jpg,/uploads/image_0018.jpg,image/jpeg,User 006,user006@example.com,"Very insightful, looking forward to more."
p_0020,Sql for Beginners,sql-0020,"Lorem ipsum dolor sit amet, consectetur adipiscing elit. Sed do eiusmod tempor incididunt ut labore et dolore magna aliqua. Ut enim ad minim veniam, quis nostrud exercitation ullamco laboris.Lorem ipsum dolor sit amet, consectetur adipiscing elit. Sed do eiusmod tempor incididunt ut labore et dolore magna aliqua. Ut enim ad minim veniam, quis nostrud exercitation ullamco laboris.Lorem ipsum dolor sit amet, consectetur adipiscing elit. Sed do eiusmod tempor incididunt ut labore et dolore magna aliqua. Ut enim ad minim veniam, quis nostrud exercitation ullamco laboris.",published,2025-09-28T14:54:09.860670,author_002,author_002@example.com,author,Design|Education|Health,nodejs|flask|git|ci-cd,image_0048.png,/uploads/image_0048.png,image/png,User 100,user100@example.com,Bookmarked for later reference.
p_0020,Sql for Beginners,sql-0020,"Lorem ipsum dolor sit amet, consectetur adipiscing elit. Sed do eiusmod tempor incididunt ut labore et dolore magna aliqua. Ut enim ad minim veniam, quis nostrud exercitation ullamco laboris.Lorem ipsum dolor sit amet, consectetur adipiscing elit. Sed do eiusmod tempor incididunt ut labore et dolore magna aliqua. Ut enim ad minim veniam, quis nostrud exercitation ullamco laboris.Lorem ipsum dolor sit amet, consectetur adipiscing elit. Sed do eiusmod tempor incididunt ut labore et dolore magna aliqua. Ut enim ad minim veniam, quis nostrud exercitation ullamco laboris.",published,2025-09-28T14:54:09.860670,author_002,author_002@example.com,author,Design|Education|Health,nodejs|flask|git|ci-cd,image_0048.png,/uploads/image_0048.png,image/png,User 029,user029@example.com,I disagree with point 3 -- here's why...
p_0020,Sql for Beginners,sql-0020,"Lorem ipsum dolor sit amet, consectetur adipiscing elit. Sed do eiusmod tempor incididunt ut labore et dolore magna aliqua. Ut enim ad minim veniam, quis nostrud exercitation ullamco laboris.Lorem ipsum dolor sit amet, consectetur adipiscing elit. Sed do eiusmod tempor incididunt ut labore et dolore magna aliqua. Ut enim ad minim veniam, quis nostrud exercitation ullamco laboris.Lorem ipsum dolor sit amet, consectetur adipiscing elit. Sed do eiusmod tempor incididunt ut labore et dolore magna aliqua. Ut enim ad minim veniam, quis nostrud exercitation ullamco laboris.",published,2025-09-28T14:54:09.860670,author_002,author_002@example.com,author,Design|Education|Health,nodejs|flask|git|ci-cd,image_0048.png,/uploads/image_0048.png,image/png,User 090,user090@example.com,Nice writeup. Subscribed.
p_0021,Getting Started with Gcp,gcp-0021,"Lorem ipsum dolor sit amet, consectetur adipiscing elit. Sed do eiusmod tempor incididunt ut labore et dolore magna aliqua. Ut enim ad minim veniam, quis nostrud exercitation ullamco laboris.",draft,,author_017,author_017@example.com,author,Web Development|Health,tdd|microservices|gcp,image_0046.jpg,/uploads/image_0046.jpg,image/jpeg,User 055,user055@example.com,Nice writeup. Subscribed.
p_0021,Getting Started with Gcp,gcp-0021,"Lorem ipsum dolor sit amet, consectetur adipiscing elit. Sed do eiusmod tempor incididunt ut labore et dolore magna aliqua. Ut enim ad minim veniam, quis nostrud exercitation ullamco laboris.",draft,,author_017,author_017@example.com,author,Web Development|Health,tdd|microservices|gcp,image_0046.jpg,/uploads/image_0046.jpg,image/jpeg,User 058,user058@example.com,I disagree with point 3 -- here's why...
p_0021,Getting Started with Gcp,gcp-0021,"Lorem ipsum dolor sit amet, consectetur adipiscing elit. Sed do eiusmod tempor incididunt ut labore et dolore magna aliqua. Ut enim ad minim veniam, quis nostrud exercitation ullamco laboris.",draft,,author_017,author_017@example.com,author,Web Development|Health,tdd|microservices|gcp,image_0046.jpg,/uploads/image_0046.jpg,image/jpeg,User 096,user096@example.com,Just tried this approach -- it works.
p_0021,Getting Started with Gcp,gcp-0021,"Lorem ipsum dolor sit amet, consectetur adipiscing elit. Sed do eiusmod tempor incididunt ut labore et dolore magna aliqua. Ut enim ad minim veniam, quis nostrud exercitation ullamco laboris.",draft,,author_017,author_017@example.com,author,Web Development|Health,tdd|microservices|gcp,image_0046.jpg,/uploads/image_0046.jpg,image/jpeg,User 058,user058@example.com,This is exactly what I was looking for.
p_0021,Getting Started with Gcp,gcp-0021,"Lorem ipsum dolor sit amet, consectetur adipiscing elit. Sed do eiusmod tempor incididunt ut labore et dolore magna aliqua. Ut enim ad minim veniam, quis nostrud exercitation ullamco laboris.",draft,,author_017,author_017@example.com,author,Web Development|Health,tdd|microservices|gcp,image_0046.jpg,/uploads/image_0046.jpg,image/jpeg,User 097,user097@example.com,"Very insightful, looking forward to more."
p_0021,Getting Started with Gcp,gcp-0021,"Lorem ipsum dolor sit amet, consectetur adipiscing elit. Sed do eiusmod tempor incididunt ut labore et dolore magna aliqua. Ut enim ad minim veniam, quis nostrud exercitation ullamco laboris.",draft,,author_017,author_017@example.com,author,Web Development|Health,tdd|microservices|gcp,image_0046.jpg,/uploads/image_0046.jpg,image/jpeg,User 082,user082@example.com,This is exactly what I was looking for.
p_0021,Getting Started with Gcp,gcp-0021,"Lorem ipsum dolor sit amet, consectetur adipiscing elit. Sed do eiusmod tempor incididunt ut labore et dolore magna aliqua. Ut enim ad minim veniam, quis nostrud exercitation ullamco laboris.",draft,,author_017,author_017@example.com,author,Web Development|Health,tdd|microservices|gcp,image_0046.jpg,/uploads/image_0046.jpg,image/jpeg,User 099,user099@example.com,Nice writeup. Subscribed.
p_0022,Deep Dive into Sql,sql-0022,"Lorem ipsum dolor sit amet, consectetur adipiscing elit. Sed do eiusmod tempor incididunt ut labore et dolore magna aliqua. Ut enim ad minim veniam, quis nostrud exercitation ullamco laboris.Lorem ipsum dolor sit amet, consectetur adipiscing elit. Sed do eiusmod tempor incididunt ut labore et dolore magna aliqua. Ut enim ad minim veniam, quis nostrud exercitation ullamco laboris.",published,2025-10-06T14:54:09.860725,author_008,author_008@example.com,contributor,Marketing,docker|microservices|mongodb,image_0009.gif,/uploads/image_0009.gif,image/gif,User 050,user050@example.com,I disagree with point 3 -- here's why...
p_0022,Deep Dive into Sql,sql-0022,"Lorem ipsum dolor sit amet, consectetur adipiscing elit. Sed do eiusmod tempor incididunt ut labore et dolore magna aliqua. Ut enim ad minim veniam, quis nostrud exercitation ullamco laboris.Lorem ipsum dolor sit amet, consectetur adipiscing elit. Sed do eiusmod tempor incididunt ut labore et dolore magna aliqua. Ut enim ad minim veniam, quis nostrud exercitation ullamco laboris.",published,2025-10-06T14:54:09.860725,author_008,author_008@example.com,contributor,Marketing,docker|microservices|mongodb,image_0009.gif,/uploads/image_0009.gif,image/gif,User 091,user091@example.com,"Very insightful, looking forward to more."
p_0022,Deep Dive into Sql,sql-0022,"Lorem ipsum dolor sit amet, consectetur adipiscing elit. Sed do eiusmod tempor incididunt ut labore et dolore magna aliqua. Ut enim ad minim veniam, quis nostrud exercitation ullamco laboris.Lorem ipsum dolor sit amet, consectetur adipiscing elit. Sed do eiusmod tempor incididunt ut labore et dolore magna aliqua. Ut enim ad minim veniam, quis nostrud exercitation ullamco laboris.",published,2025-10-06T14:54:09.860725,author_008,author_008@example.com,contributor,Marketing,docker|microservices|mongodb,image_0009.gif,/uploads/image_0009.gif,image/gif,User 009,user009@example.com,Bookmarked for later reference.
p_0022,Deep Dive into Sql,sql-0022,"Lorem ipsum dolor sit amet, consectetur adipiscing elit. Sed do eiusmod tempor incididunt ut labore et dolore magna aliqua. Ut enim ad minim veniam, quis nostrud exercitation ullamco laboris.Lorem ipsum dolor sit amet, consectetur adipiscing elit. Sed do eiusmod tempor incididunt ut labore et dolore magna aliqua. Ut enim ad minim veniam, quis nostrud exercitation ullamco laboris.",published,2025-10-06T14:54:09.860725,author_008,author_008@example.com,contributor,Marketing,docker|microservices|mongodb,image_0009.gif,/uploads/image_0009.gif,image/gif,User 053,user053@example.com,Could you elaborate on the second part?
p_0023,Building Production-Ready Mongodb Apps,mongodb-0023,"Lorem ipsum dolor sit amet, consectetur adipiscing elit. Sed do eiusmod tempor incididunt ut labore et dolore magna aliqua. Ut enim ad minim veniam, quis nostrud exercitation ullamco laboris.Lorem ipsum dolor sit amet, consectetur adipiscing elit. Sed do eiusmod tempor incididunt ut labore et dolore magna aliqua. Ut enim ad minim veniam, quis nostrud exercitation ullamco laboris.",published,2026-04-18T14:54:09.860755,author_013,author_013@example.com,author,Photography|Technology,sql|python|kubernetes|html,,,,User 069,user069@example.com,Nice writeup. Subscribed.
p_0023,Building Production-Ready Mongodb Apps,mongodb-0023,"Lorem ipsum dolor sit amet, consectetur adipiscing elit. Sed do eiusmod tempor incididunt ut labore et dolore magna aliqua. Ut enim ad minim veniam, quis nostrud exercitation ullamco laboris.Lorem ipsum dolor sit amet, consectetur adipiscing elit. Sed do eiusmod tempor incididunt ut labore et dolore magna aliqua. Ut enim ad minim veniam, quis nostrud exercitation ullamco laboris.",published,2026-04-18T14:54:09.860755,author_013,author_013@example.com,author,Photography|Technology,sql|python|kubernetes|html,,,,User 078,user078@example.com,"Very insightful, looking forward to more."
p_0023,Building Production-Ready Mongodb Apps,mongodb-0023,"Lorem ipsum dolor sit amet, consectetur adipiscing elit. Sed do eiusmod tempor incididunt ut labore et dolore magna aliqua. Ut enim ad minim veniam, quis nostrud exercitation ullamco laboris.Lorem ipsum dolor sit amet, consectetur adipiscing elit. Sed do eiusmod tempor incididunt ut labore et dolore magna aliqua. Ut enim ad minim veniam, quis nostrud exercitation ullamco laboris.",published,2026-04-18T14:54:09.860755,author_013,author_013@example.com,author,Photography|Technology,sql|python|kubernetes|html,,,,User 063,user063@example.com,"Very insightful, looking forward to more."
p_0023,Building Production-Ready Mongodb Apps,mongodb-0023,"Lorem ipsum dolor sit amet, consectetur adipiscing elit. Sed do eiusmod tempor incididunt ut labore et dolore magna aliqua. Ut enim ad minim veniam, quis nostrud exercitation ullamco laboris.Lorem ipsum dolor sit amet, consectetur adipiscing elit. Sed do eiusmod tempor incididunt ut labore et dolore magna aliqua. Ut enim ad minim veniam, quis nostrud exercitation ullamco laboris.",published,2026-04-18T14:54:09.860755,author_013,author_013@example.com,author,Photography|Technology,sql|python|kubernetes|html,,,,User 035,user035@example.com,Bookmarked for later reference.
p_0023,Building Production-Ready Mongodb Apps,mongodb-0023,"Lorem ipsum dolor sit amet, consectetur adipiscing elit. Sed do eiusmod tempor incididunt ut labore et dolore magna aliqua. Ut enim ad minim veniam, quis nostrud exercitation ullamco laboris.Lorem ipsum dolor sit amet, consectetur adipiscing elit. Sed do eiusmod tempor incididunt ut labore et dolore magna aliqua. Ut enim ad minim veniam, quis nostrud exercitation ullamco laboris.",published,2026-04-18T14:54:09.860755,author_013,author_013@example.com,author,Photography|Technology,sql|python|kubernetes|html,,,,User 063,user063@example.com,Great post! Really helpful.
p_0023,Building Production-Ready Mongodb Apps,mongodb-0023,"Lorem ipsum dolor sit amet, consectetur adipiscing elit. Sed do eiusmod tempor incididunt ut labore et dolore magna aliqua. Ut enim ad minim veniam, quis nostrud exercitation ullamco laboris.Lorem ipsum dolor sit amet, consectetur adipiscing elit. Sed do eiusmod tempor incididunt ut labore et dolore magna aliqua. Ut enim ad minim veniam, quis nostrud exercitation ullamco laboris.",published,2026-04-18T14:54:09.860755,author_013,author_013@example.com,author,Photography|Technology,sql|python|kubernetes|html,,,,User 050,user050@example.com,Could you elaborate on the second part?
p_0024,Github vs Alternatives,github-0024,"Lorem ipsum dolor sit amet, consectetur adipiscing elit. Sed do eiusmod tempor incididunt ut labore et dolore magna aliqua. Ut enim ad minim veniam, quis nostrud exercitation ullamco laboris.Lorem ipsum dolor sit amet, consectetur adipiscing elit. Sed do eiusmod tempor incididunt ut labore et dolore magna aliqua. Ut enim ad minim veniam, quis nostrud exercitation ullamco laboris.Lorem ipsum dolor sit amet, consectetur adipiscing elit. Sed do eiusmod tempor incididunt ut labore et dolore magna aliqua. Ut enim ad minim veniam, quis nostrud exercitation ullamco laboris.",draft,,author_005,author_005@example.com,author,Technology|Education|Photography,git,image_0029.png,/uploads/image_0029.png,image/png,User 007,user007@example.com,This is exactly what I was looking for.
p_0024,Github vs Alternatives,github-0024,"Lorem ipsum dolor sit amet, consectetur adipiscing elit. Sed do eiusmod tempor incididunt ut labore et dolore magna aliqua. Ut enim ad minim veniam, quis nostrud exercitation ullamco laboris.Lorem ipsum dolor sit amet, consectetur adipiscing elit. Sed do eiusmod tempor incididunt ut labore et dolore magna aliqua. Ut enim ad minim veniam, quis nostrud exercitation ullamco laboris.Lorem ipsum dolor sit amet, consectetur adipiscing elit. Sed do eiusmod tempor incididunt ut labore et dolore magna aliqua. Ut enim ad minim veniam, quis nostrud exercitation ullamco laboris.",draft,,author_005,author_005@example.com,author,Technology|Education|Photography,git,image_0029.png,/uploads/image_0029.png,image/png,User 049,user049@example.com,Could you elaborate on the second part?
p_0024,Github vs Alternatives,github-0024,"Lorem ipsum dolor sit amet, consectetur adipiscing elit. Sed do eiusmod tempor incididunt ut labore et dolore magna aliqua. Ut enim ad minim veniam, quis nostrud exercitation ullamco laboris.Lorem ipsum dolor sit amet, consectetur adipiscing elit. Sed do eiusmod tempor incididunt ut labore et dolore magna aliqua. Ut enim ad minim veniam, quis nostrud exercitation ullamco laboris.Lorem ipsum dolor sit amet, consectetur adipiscing elit. Sed do eiusmod tempor incididunt ut labore et dolore magna aliqua. Ut enim ad minim veniam, quis nostrud exercitation ullamco laboris.",draft,,author_005,author_005@example.com,author,Technology|Education|Photography,git,image_0029.png,/uploads/image_0029.png,image/png,User 028,user028@example.com,Just tried this approach -- it works.
p_0024,Github vs Alternatives,github-0024,"Lorem ipsum dolor sit amet, consectetur adipiscing elit. Sed do eiusmod tempor incididunt ut labore et dolore magna aliqua. Ut enim ad minim veniam, quis nostrud exercitation ullamco laboris.Lorem ipsum dolor sit amet, consectetur adipiscing elit. Sed do eiusmod tempor incididunt ut labore et dolore magna aliqua. Ut enim ad minim veniam, quis nostrud exercitation ullamco laboris.Lorem ipsum dolor sit amet, consectetur adipiscing elit. Sed do eiusmod tempor incididunt ut labore et dolore magna aliqua. Ut enim ad minim veniam, quis nostrud exercitation ullamco laboris.",draft,,author_005,author_005@example.com,author,Technology|Education|Photography,git,image_0029.png,/uploads/image_0029.png,image/png,User 042,user042@example.com,Could you elaborate on the second part?
p_0025,Tdd vs Alternatives,tdd-0025,"Lorem ipsum dolor sit amet, consectetur adipiscing elit. Sed do eiusmod tempor incididunt ut labore et dolore magna aliqua. Ut enim ad minim veniam, quis nostrud exercitation ullamco laboris.",published,2025-10-16T14:54:09.860808,author_008,author_008@example.com,contributor,Technology|Travel,kubernetes,image_0004.png,/uploads/image_0004.png,image/png,User 097,user097@example.com,Great post! Really helpful.
p_0025,Tdd vs Alternatives,tdd-0025,"Lorem ipsum dolor sit amet, consectetur adipiscing elit. Sed do eiusmod tempor incididunt ut labore et dolore magna aliqua. Ut enim ad minim veniam, quis nostrud exercitation ullamco laboris.",published,2025-10-16T14:54:09.860808,author_008,author_008@example.com,contributor,Technology|Travel,kubernetes,image_0004.png,/uploads/image_0004.png,image/png,User 032,user032@example.com,"Very insightful, looking forward to more."
p_0025,Tdd vs Alternatives,tdd-0025,"Lorem ipsum dolor sit amet, consectetur adipiscing elit. Sed do eiusmod tempor incididunt ut labore et dolore magna aliqua. Ut enim ad minim veniam, quis nostrud exercitation ullamco laboris.",published,2025-10-16T14:54:09.860808,author_008,author_008@example.com,contributor,Technology|Travel,kubernetes,image_0004.png,/uploads/image_0004.png,image/png,User 003,user003@example.com,I had a similar experience recently.
p_0026,Deep Dive into Flask,flask-0026,"Lorem ipsum dolor sit amet, consectetur adipiscing elit. Sed do eiusmod tempor incididunt ut labore et dolore magna aliqua. Ut enim ad minim veniam, quis nostrud exercitation ullamco laboris.Lorem ipsum dolor sit amet, consectetur adipiscing elit. Sed do eiusmod tempor incididunt ut labore et dolore magna aliqua. Ut enim ad minim veniam, quis nostrud exercitation ullamco laboris.Lorem ipsum dolor sit amet, consectetur adipiscing elit. Sed do eiusmod tempor incididunt ut labore et dolore magna aliqua. Ut enim ad minim veniam, quis nostrud exercitation ullamco laboris.",published,2025-09-19T14:54:09.860825,author_004,author_004@example.com,editor,Health,tdd|kubernetes|react,image_0047.png,/uploads/image_0047.png,image/png,User 100,user100@example.com,I disagree with point 3 -- here's why...
p_0026,Deep Dive into Flask,flask-0026,"Lorem ipsum dolor sit amet, consectetur adipiscing elit. Sed do eiusmod tempor incididunt ut labore et dolore magna aliqua. Ut enim ad minim veniam, quis nostrud exercitation ullamco laboris.Lorem ipsum dolor sit amet, consectetur adipiscing elit. Sed do eiusmod tempor incididunt ut labore et dolore magna aliqua. Ut enim ad minim veniam, quis nostrud exercitation ullamco laboris.Lorem ipsum dolor sit amet, consectetur adipiscing elit. Sed do eiusmod tempor incididunt ut labore et dolore magna aliqua. Ut enim ad minim veniam, quis nostrud exercitation ullamco laboris.",published,2025-09-19T14:54:09.860825,author_004,author_004@example.com,editor,Health,tdd|kubernetes|react,image_0047.png,/uploads/image_0047.png,image/png,User 040,user040@example.com,Thanks for sharing this.
p_0026,Deep Dive into Flask,flask-0026,"Lorem ipsum dolor sit amet, consectetur adipiscing elit. Sed do eiusmod tempor incididunt ut labore et dolore magna aliqua. Ut enim ad minim veniam, quis nostrud exercitation ullamco laboris.Lorem ipsum dolor sit amet, consectetur adipiscing elit. Sed do eiusmod tempor incididunt ut labore et dolore magna aliqua. Ut enim ad minim veniam, quis nostrud exercitation ullamco laboris.Lorem ipsum dolor sit amet, consectetur adipiscing elit. Sed do eiusmod tempor incididunt ut labore et dolore magna aliqua. Ut enim ad minim veniam, quis nostrud exercitation ullamco laboris.",published,2025-09-19T14:54:09.860825,author_004,author_004@example.com,editor,Health,tdd|kubernetes|react,image_0047.png,/uploads/image_0047.png,image/png,User 075,user075@example.com,Great post! Really helpful.
p_0027,10 Tips for Mastering Devops,devops-0027,"Lorem ipsum dolor sit amet, consectetur adipiscing elit. Sed do eiusmod tempor incididunt ut labore et dolore magna aliqua. Ut enim ad minim veniam, quis nostrud exercitation ullamco laboris.Lorem ipsum dolor sit amet, consectetur adipiscing elit. Sed do eiusmod tempor incididunt ut labore et dolore magna aliqua. Ut enim ad minim veniam, quis nostrud exercitation ullamco laboris.",draft,,author_018,author_018@example.com,author,Design|Programming,django|ci-cd,,,,User 016,user016@example.com,I had a similar experience recently.
p_0027,10 Tips for Mastering Devops,devops-0027,"Lorem ipsum dolor sit amet, consectetur adipiscing elit. Sed do eiusmod tempor incididunt ut labore et dolore magna aliqua. Ut enim ad minim veniam, quis nostrud exercitation ullamco laboris.Lorem ipsum dolor sit amet, consectetur adipiscing elit. Sed do eiusmod tempor incididunt ut labore et dolore magna aliqua. Ut enim ad minim veniam, quis nostrud exercitation ullamco laboris.",draft,,author_018,author_018@example.com,author,Design|Programming,django|ci-cd,,,,User 006,user006@example.com,Could you elaborate on the second part?
p_0027,10 Tips for Mastering Devops,devops-0027,"Lorem ipsum dolor sit amet, consectetur adipiscing elit. Sed do eiusmod tempor incididunt ut labore et dolore magna aliqua. Ut enim ad minim veniam, quis nostrud exercitation ullamco laboris.Lorem ipsum dolor sit amet, consectetur adipiscing elit. Sed do eiusmod tempor incididunt ut labore et dolore magna aliqua. Ut enim ad minim veniam, quis nostrud exercitation ullamco laboris.",draft,,author_018,author_018@example.com,author,Design|Programming,django|ci-cd,,,,User 069,user069@example.com,Bookmarked for later reference.
p_0027,10 Tips for Mastering Devops,devops-0027,"Lorem ipsum dolor sit amet, consectetur adipiscing elit. Sed do eiusmod tempor incididunt ut labore et dolore magna aliqua. Ut enim ad minim veniam, quis nostrud exercitation ullamco laboris.Lorem ipsum dolor sit amet, consectetur adipiscing elit. Sed do eiusmod tempor incididunt ut labore et dolore magna aliqua. Ut enim ad minim veniam, quis nostrud exercitation ullamco laboris.",draft,,author_018,author_018@example.com,author,Design|Programming,django|ci-cd,,,,User 085,user085@example.com,Could you elaborate on the second part?
p_0027,10 Tips for Mastering Devops,devops-0027,"Lorem ipsum dolor sit amet, consectetur adipiscing elit. Sed do eiusmod tempor incididunt ut labore et dolore magna aliqua. Ut enim ad minim veniam, quis nostrud exercitation ullamco laboris.Lorem ipsum dolor sit amet, consectetur adipiscing elit. Sed do eiusmod tempor incididunt ut labore et dolore magna aliqua. Ut enim ad minim veniam, quis nostrud exercitation ullamco laboris.",draft,,author_018,author_018@example.com,author,Design|Programming,django|ci-cd,,,,User 009,user009@example.com,Nice writeup. Subscribed.
p_0027,10 Tips for Mastering Devops,devops-0027,"Lorem ipsum dolor sit amet, consectetur adipiscing elit. Sed do eiusmod tempor incididunt ut labore et dolore magna aliqua. Ut enim ad minim veniam, quis nostrud exercitation ullamco laboris.Lorem ipsum dolor sit amet, consectetur adipiscing elit. Sed do eiusmod tempor incididunt ut labore et dolore magna aliqua. Ut enim ad minim veniam, quis nostrud exercitation ullamco laboris.",draft,,author_018,author_018@example.com,author,Design|Programming,django|ci-cd,,,,User 083,user083@example.com,Could you elaborate on the second part?
p_0027,10 Tips for Mastering Devops,devops-0027,"Lorem ipsum dolor sit amet, consectetur adipiscing elit. Sed do eiusmod tempor incididunt ut labore et dolore magna aliqua. Ut enim ad minim veniam, quis nostrud exercitation ullamco laboris.Lorem ipsum dolor sit amet, consectetur adipiscing elit. Sed do eiusmod tempor incididunt ut labore et dolore magna aliqua. Ut enim ad minim veniam, quis nostrud exercitation ullamco laboris.",draft,,author_018,author_018@example.com,author,Design|Programming,django|ci-cd,,,,User 002,user002@example.com,Bookmarked for later reference.
p_0028,Building Production-Ready Rest Api Apps,rest-api-0028,"Lorem ipsum dolor sit amet, consectetur adipiscing elit. Sed do eiusmod tempor incididunt ut labore et dolore magna aliqua. Ut enim ad minim veniam, quis nostrud exercitation ullamco laboris.Lorem ipsum dolor sit amet, consectetur adipiscing elit. Sed do eiusmod tempor incididunt ut labore et dolore magna aliqua. Ut enim ad minim veniam, quis nostrud exercitation ullamco laboris.Lorem ipsum dolor sit amet, consectetur adipiscing elit. Sed do eiusmod tempor incididunt ut labore et dolore magna aliqua. Ut enim ad minim veniam, quis nostrud exercitation ullamco laboris.",draft,,author_003,author_003@example.com,contributor,Web Development|Education,testing|nosql,,,,User 079,user079@example.com,Nice writeup. Subscribed.
p_0028,Building Production-Ready Rest Api Apps,rest-api-0028,"Lorem ipsum dolor sit amet, consectetur adipiscing elit. Sed do eiusmod tempor incididunt ut labore et dolore magna aliqua. Ut enim ad minim veniam, quis nostrud exercitation ullamco laboris.Lorem ipsum dolor sit amet, consectetur adipiscing elit. Sed do eiusmod tempor incididunt ut labore et dolore magna aliqua. Ut enim ad minim veniam, quis nostrud exercitation ullamco laboris.Lorem ipsum dolor sit amet, consectetur adipiscing elit. Sed do eiusmod tempor incididunt ut labore et dolore magna aliqua. Ut enim ad minim veniam, quis nostrud exercitation ullamco laboris.",draft,,author_003,author_003@example.com,contributor,Web Development|Education,testing|nosql,,,,User 100,user100@example.com,Just tried this approach -- it works.
p_0028,Building Production-Ready Rest Api Apps,rest-api-0028,"Lorem ipsum dolor sit amet, consectetur adipiscing elit. Sed do eiusmod tempor incididunt ut labore et dolore magna aliqua. Ut enim ad minim veniam, quis nostrud exercitation ullamco laboris.Lorem ipsum dolor sit amet, consectetur adipiscing elit. Sed do eiusmod tempor incididunt ut labore et dolore magna aliqua. Ut enim ad minim veniam, quis nostrud exercitation ullamco laboris.Lorem ipsum dolor sit amet, consectetur adipiscing elit. Sed do eiusmod tempor incididunt ut labore et dolore magna aliqua. Ut enim ad minim veniam, quis nostrud exercitation ullamco laboris.",draft,,author_003,author_003@example.com,contributor,Web Development|Education,testing|nosql,,,,User 060,user060@example.com,Bookmarked for later reference.
p_0028,Building Production-Ready Rest Api Apps,rest-api-0028,"Lorem ipsum dolor sit amet, consectetur adipiscing elit. Sed do eiusmod tempor incididunt ut labore et dolore magna aliqua. Ut enim ad minim veniam, quis nostrud exercitation ullamco laboris.Lorem ipsum dolor sit amet, consectetur adipiscing elit. Sed do eiusmod tempor incididunt ut labore et dolore magna aliqua. Ut enim ad minim veniam, quis nostrud exercitation ullamco laboris.Lorem ipsum dolor sit amet, consectetur adipiscing elit. Sed do eiusmod tempor incididunt ut labore et dolore magna aliqua. Ut enim ad minim veniam, quis nostrud exercitation ullamco laboris.",draft,,author_003,author_003@example.com,contributor,Web Development|Education,testing|nosql,,,,User 094,user094@example.com,I had a similar experience recently.
p_0028,Building Production-Ready Rest Api Apps,rest-api-0028,"Lorem ipsum dolor sit amet, consectetur adipiscing elit. Sed do eiusmod tempor incididunt ut labore et dolore magna aliqua. Ut enim ad minim veniam, quis nostrud exercitation ullamco laboris.Lorem ipsum dolor sit amet, consectetur adipiscing elit. Sed do eiusmod tempor incididunt ut labore et dolore magna aliqua. Ut enim ad minim veniam, quis nostrud exercitation ullamco laboris.Lorem ipsum dolor sit amet, consectetur adipiscing elit. Sed do eiusmod tempor incididunt ut labore et dolore magna aliqua. Ut enim ad minim veniam, quis nostrud exercitation ullamco laboris.",draft,,author_003,author_003@example.com,contributor,Web Development|Education,testing|nosql,,,,User 035,user035@example.com,Could you elaborate on the second part?
p_0029,Deep Dive into Graphql,graphql-0029,"Lorem ipsum dolor sit amet, consectetur adipiscing elit. Sed do eiusmod tempor incididunt ut labore et dolore magna aliqua. Ut enim ad minim veniam, quis nostrud exercitation ullamco laboris.",draft,,author_002,author_002@example.com,author,Photography|Education,python|sql|graphql,image_0031.jpg,/uploads/image_0031.jpg,image/jpeg,User 046,user046@example.com,This is exactly what I was looking for.
p_0029,Deep Dive into Graphql,graphql-0029,"Lorem ipsum dolor sit amet, consectetur adipiscing elit. Sed do eiusmod tempor incididunt ut labore et dolore magna aliqua. Ut enim ad minim veniam, quis nostrud exercitation ullamco laboris.",draft,,author_002,author_002@example.com,author,Photography|Education,python|sql|graphql,image_0031.jpg,/uploads/image_0031.jpg,image/jpeg,User 044,user044@example.com,This is exactly what I was looking for.
p_0029,Deep Dive into Graphql,graphql-0029,"Lorem ipsum dolor sit amet, consectetur adipiscing elit. Sed do eiusmod tempor incididunt ut labore et dolore magna aliqua. Ut enim ad minim veniam, quis nostrud exercitation ullamco laboris.",draft,,author_002,author_002@example.com,author,Photography|Education,python|sql|graphql,image_0031.jpg,/uploads/image_0031.jpg,image/jpeg,User 077,user077@example.com,This is exactly what I was looking for.
p_0029,Deep Dive into Graphql,graphql-0029,"Lorem ipsum dolor sit amet, consectetur adipiscing elit. Sed do eiusmod tempor incididunt ut labore et dolore magna aliqua. Ut enim ad minim veniam, quis nostrud exercitation ullamco laboris.",draft,,author_002,author_002@example.com,author,Photography|Education,python|sql|graphql,image_0031.jpg,/uploads/image_0031.jpg,image/jpeg,User 072,user072@example.com,Great post! Really helpful.
p_0030,Deep Dive into Nosql,nosql-0030,"Lorem ipsum dolor sit amet, consectetur adipiscing elit. Sed do eiusmod tempor incididunt ut labore et dolore magna aliqua. Ut enim ad minim veniam, quis nostrud exercitation ullamco laboris.Lorem ipsum dolor sit amet, consectetur adipiscing elit. Sed do eiusmod tempor incididunt ut labore et dolore magna aliqua. Ut enim ad minim veniam, quis nostrud exercitation ullamco laboris.",published,2026-01-16T14:54:09.860916,author_002,author_002@example.com,author,Design|Health|Travel,agile|python|fastapi|html,image_0044.png,/uploads/image_0044.png,image/png,User 040,user040@example.com,I had a similar experience recently.
p_0030,Deep Dive into Nosql,nosql-0030,"Lorem ipsum dolor sit amet, consectetur adipiscing elit. Sed do eiusmod tempor incididunt ut labore et dolore magna aliqua. Ut enim ad minim veniam, quis nostrud exercitation ullamco laboris.Lorem ipsum dolor sit amet, consectetur adipiscing elit. Sed do eiusmod tempor incididunt ut labore et dolore magna aliqua. Ut enim ad minim veniam, quis nostrud exercitation ullamco laboris.",published,2026-01-16T14:54:09.860916,author_002,author_002@example.com,author,Design|Health|Travel,agile|python|fastapi|html,image_0044.png,/uploads/image_0044.png,image/png,User 048,user048@example.com,Just tried this approach -- it works.
p_0030,Deep Dive into Nosql,nosql-0030,"Lorem ipsum dolor sit amet, consectetur adipiscing elit. Sed do eiusmod tempor incididunt ut labore et dolore magna aliqua. Ut enim ad minim veniam, quis nostrud exercitation ullamco laboris.Lorem ipsum dolor sit amet, consectetur adipiscing elit. Sed do eiusmod tempor incididunt ut labore et dolore magna aliqua. Ut enim ad minim veniam, quis nostrud exercitation ullamco laboris.",published,2026-01-16T14:54:09.860916,author_002,author_002@example.com,author,Design|Health|Travel,agile|python|fastapi|html,image_0044.png,/uploads/image_0044.png,image/png,User 071,user071@example.com,Nice writeup. Subscribed.
p_0030,Deep Dive into Nosql,nosql-0030,"Lorem ipsum dolor sit amet, consectetur adipiscing elit. Sed do eiusmod tempor incididunt ut labore et dolore magna aliqua. Ut enim ad minim veniam, quis nostrud exercitation ullamco laboris.Lorem ipsum dolor sit amet, consectetur adipiscing elit. Sed do eiusmod tempor incididunt ut labore et dolore magna aliqua. Ut enim ad minim veniam, quis nostrud exercitation ullamco laboris.",published,2026-01-16T14:54:09.860916,author_002,author_002@example.com,author,Design|Health|Travel,agile|python|fastapi|html,image_0044.png,/uploads/image_0044.png,image/png,User 045,user045@example.com,Bookmarked for later reference.
p_0031,The Future of Testing,testing-0031,"Lorem ipsum dolor sit amet, consectetur adipiscing elit. Sed do eiusmod tempor incididunt ut labore et dolore magna aliqua. Ut enim ad minim veniam, quis nostrud exercitation ullamco laboris.Lorem ipsum dolor sit amet, consectetur adipiscing elit. Sed do eiusmod tempor incididunt ut labore et dolore magna aliqua. Ut enim ad minim veniam, quis nostrud exercitation ullamco laboris.",published,2025-11-20T14:54:09.860938,author_010,author_010@example.com,contributor,Marketing|Design,testing,image_0007.jpg,/uploads/image_0007.jpg,image/jpeg,User 098,user098@example.com,I disagree with point 3 -- here's why...
p_0031,The Future of Testing,testing-0031,"Lorem ipsum dolor sit amet, consectetur adipiscing elit. Sed do eiusmod tempor incididunt ut labore et dolore magna aliqua. Ut enim ad minim veniam, quis nostrud exercitation ullamco laboris.Lorem ipsum dolor sit amet, consectetur adipiscing elit. Sed do eiusmod tempor incididunt ut labore et dolore magna aliqua. Ut enim ad minim veniam, quis nostrud exercitation ullamco laboris.",published,2025-11-20T14:54:09.860938,author_010,author_010@example.com,contributor,Marketing|Design,testing,image_0007.jpg,/uploads/image_0007.jpg,image/jpeg,User 025,user025@example.com,"Very insightful, looking forward to more."
p_0031,The Future of Testing,testing-0031,"Lorem ipsum dolor sit amet, consectetur adipiscing elit. Sed do eiusmod tempor incididunt ut labore et dolore magna aliqua. Ut enim ad minim veniam, quis nostrud exercitation ullamco laboris.Lorem ipsum dolor sit amet, consectetur adipiscing elit. Sed do eiusmod tempor incididunt ut labore et dolore magna aliqua. Ut enim ad minim veniam, quis nostrud exercitation ullamco laboris.",published,2025-11-20T14:54:09.860938,author_010,author_010@example.com,contributor,Marketing|Design,testing,image_0007.jpg,/uploads/image_0007.jpg,image/jpeg,User 095,user095@example.com,Just tried this approach -- it works.
p_0031,The Future of Testing,testing-0031,"Lorem ipsum dolor sit amet, consectetur adipiscing elit. Sed do eiusmod tempor incididunt ut labore et dolore magna aliqua. Ut enim ad minim veniam, quis nostrud exercitation ullamco laboris.Lorem ipsum dolor sit amet, consectetur adipiscing elit. Sed do eiusmod tempor incididunt ut labore et dolore magna aliqua. Ut enim ad minim veniam, quis nostrud exercitation ullamco laboris.",published,2025-11-20T14:54:09.860938,author_010,author_010@example.com,contributor,Marketing|Design,testing,image_0007.jpg,/uploads/image_0007.jpg,image/jpeg,User 036,user036@example.com,I had a similar experience recently.
p_0031,The Future of Testing,testing-0031,"Lorem ipsum dolor sit amet, consectetur adipiscing elit. Sed do eiusmod tempor incididunt ut labore et dolore magna aliqua. Ut enim ad minim veniam, quis nostrud exercitation ullamco laboris.Lorem ipsum dolor sit amet, consectetur adipiscing elit. Sed do eiusmod tempor incididunt ut labore et dolore magna aliqua. Ut enim ad minim veniam, quis nostrud exercitation ullamco laboris.",published,2025-11-20T14:54:09.860938,author_010,author_010@example.com,contributor,Marketing|Design,testing,image_0007.jpg,/uploads/image_0007.jpg,image/jpeg,User 098,user098@example.com,Nice writeup. Subscribed.
p_0031,The Future of Testing,testing-0031,"Lorem ipsum dolor sit amet, consectetur adipiscing elit. Sed do eiusmod tempor incididunt ut labore et dolore magna aliqua. Ut enim ad minim veniam, quis nostrud exercitation ullamco laboris.Lorem ipsum dolor sit amet, consectetur adipiscing elit. Sed do eiusmod tempor incididunt ut labore et dolore magna aliqua. Ut enim ad minim veniam, quis nostrud exercitation ullamco laboris.",published,2025-11-20T14:54:09.860938,author_010,author_010@example.com,contributor,Marketing|Design,testing,image_0007.jpg,/uploads/image_0007.jpg,image/jpeg,User 077,user077@example.com,This is exactly what I was looking for.
p_0031,The Future of Testing,testing-0031,"Lorem ipsum dolor sit amet, consectetur adipiscing elit. Sed do eiusmod tempor incididunt ut labore et dolore magna aliqua. Ut enim ad minim veniam, quis nostrud exercitation ullamco laboris.Lorem ipsum dolor sit amet, consectetur adipiscing elit. Sed do eiusmod tempor incididunt ut labore et dolore magna aliqua. Ut enim ad minim veniam, quis nostrud exercitation ullamco laboris.",published,2025-11-20T14:54:09.860938,author_010,author_010@example.com,contributor,Marketing|Design,testing,image_0007.jpg,/uploads/image_0007.jpg,image/jpeg,User 013,user013@example.com,"Very insightful, looking forward to more."
p_0032,Deep Dive into Html,html-0032,"Lorem ipsum dolor sit amet, consectetur adipiscing elit. Sed do eiusmod tempor incididunt ut labore et dolore magna aliqua. Ut enim ad minim veniam, quis nostrud exercitation ullamco laboris.Lorem ipsum dolor sit amet, consectetur adipiscing elit. Sed do eiusmod tempor incididunt ut labore et dolore magna aliqua. Ut enim ad minim veniam, quis nostrud exercitation ullamco laboris.Lorem ipsum dolor sit amet, consectetur adipiscing elit. Sed do eiusmod tempor incididunt ut labore et dolore magna aliqua. Ut enim ad minim veniam, quis nostrud exercitation ullamco laboris.",published,2026-02-17T14:54:09.860968,author_011,author_011@example.com,contributor,Web Development|Marketing|Technology,mongodb,image_0008.png,/uploads/image_0008.png,image/png,User 014,user014@example.com,Great post! Really helpful.
p_0032,Deep Dive into Html,html-0032,"Lorem ipsum dolor sit amet, consectetur adipiscing elit. Sed do eiusmod tempor incididunt ut labore et dolore magna aliqua. Ut enim ad minim veniam, quis nostrud exercitation ullamco laboris.Lorem ipsum dolor sit amet, consectetur adipiscing elit. Sed do eiusmod tempor incididunt ut labore et dolore magna aliqua. Ut enim ad minim veniam, quis nostrud exercitation ullamco laboris.Lorem ipsum dolor sit amet, consectetur adipiscing elit. Sed do eiusmod tempor incididunt ut labore et dolore magna aliqua. Ut enim ad minim veniam, quis nostrud exercitation ullamco laboris.",published,2026-02-17T14:54:09.860968,author_011,author_011@example.com,contributor,Web Development|Marketing|Technology,mongodb,image_0008.png,/uploads/image_0008.png,image/png,User 074,user074@example.com,This is exactly what I was looking for.
p_0032,Deep Dive into Html,html-0032,"Lorem ipsum dolor sit amet, consectetur adipiscing elit. Sed do eiusmod tempor incididunt ut labore et dolore magna aliqua. Ut enim ad minim veniam, quis nostrud exercitation ullamco laboris.Lorem ipsum dolor sit amet, consectetur adipiscing elit. Sed do eiusmod tempor incididunt ut labore et dolore magna aliqua. Ut enim ad minim veniam, quis nostrud exercitation ullamco laboris.Lorem ipsum dolor sit amet, consectetur adipiscing elit. Sed do eiusmod tempor incididunt ut labore et dolore magna aliqua. Ut enim ad minim veniam, quis nostrud exercitation ullamco laboris.",published,2026-02-17T14:54:09.860968,author_011,author_011@example.com,contributor,Web Development|Marketing|Technology,mongodb,image_0008.png,/uploads/image_0008.png,image/png,User 061,user061@example.com,Just tried this approach -- it works.
p_0032,Deep Dive into Html,html-0032,"Lorem ipsum dolor sit amet, consectetur adipiscing elit. Sed do eiusmod tempor incididunt ut labore et dolore magna aliqua. Ut enim ad minim veniam, quis nostrud exercitation ullamco laboris.Lorem ipsum dolor sit amet, consectetur adipiscing elit. Sed do eiusmod tempor incididunt ut labore et dolore magna aliqua. Ut enim ad minim veniam, quis nostrud exercitation ullamco laboris.Lorem ipsum dolor sit amet, consectetur adipiscing elit. Sed do eiusmod tempor incididunt ut labore et dolore magna aliqua. Ut enim ad minim veniam, quis nostrud exercitation ullamco laboris.",published,2026-02-17T14:54:09.860968,author_011,author_011@example.com,contributor,Web Development|Marketing|Technology,mongodb,image_0008.png,/uploads/image_0008.png,image/png,User 057,user057@example.com,Could you elaborate on the second part?
p_0032,Deep Dive into Html,html-0032,"Lorem ipsum dolor sit amet, consectetur adipiscing elit. Sed do eiusmod tempor incididunt ut labore et dolore magna aliqua. Ut enim ad minim veniam, quis nostrud exercitation ullamco laboris.Lorem ipsum dolor sit amet, consectetur adipiscing elit. Sed do eiusmod tempor incididunt ut labore et dolore magna aliqua. Ut enim ad minim veniam, quis nostrud exercitation ullamco laboris.Lorem ipsum dolor sit amet, consectetur adipiscing elit. Sed do eiusmod tempor incididunt ut labore et dolore magna aliqua. Ut enim ad minim veniam, quis nostrud exercitation ullamco laboris.",published,2026-02-17T14:54:09.860968,author_011,author_011@example.com,contributor,Web Development|Marketing|Technology,mongodb,image_0008.png,/uploads/image_0008.png,image/png,User 024,user024@example.com,Great post! Really helpful.
p_0032,Deep Dive into Html,html-0032,"Lorem ipsum dolor sit amet, consectetur adipiscing elit. Sed do eiusmod tempor incididunt ut labore et dolore magna aliqua. Ut enim ad minim veniam, quis nostrud exercitation ullamco laboris.Lorem ipsum dolor sit amet, consectetur adipiscing elit. Sed do eiusmod tempor incididunt ut labore et dolore magna aliqua. Ut enim ad minim veniam, quis nostrud exercitation ullamco laboris.Lorem ipsum dolor sit amet, consectetur adipiscing elit. Sed do eiusmod tempor incididunt ut labore et dolore magna aliqua. Ut enim ad minim veniam, quis nostrud exercitation ullamco laboris.",published,2026-02-17T14:54:09.860968,author_011,author_011@example.com,contributor,Web Development|Marketing|Technology,mongodb,image_0008.png,/uploads/image_0008.png,image/png,User 033,user033@example.com,Just tried this approach -- it works.
p_0033,Best Practices for Django,django-0033,"Lorem ipsum dolor sit amet, consectetur adipiscing elit. Sed do eiusmod tempor incididunt ut labore et dolore magna aliqua. Ut enim ad minim veniam, quis nostrud exercitation ullamco laboris.Lorem ipsum dolor sit amet, consectetur adipiscing elit. Sed do eiusmod tempor incididunt ut labore et dolore magna aliqua. Ut enim ad minim veniam, quis nostrud exercitation ullamco laboris.Lorem ipsum dolor sit amet, consectetur adipiscing elit. Sed do eiusmod tempor incididunt ut labore et dolore magna aliqua. Ut enim ad minim veniam, quis nostrud exercitation ullamco laboris.",published,2025-09-10T14:54:09.860991,author_012,author_012@example.com,contributor,Technology|Web Development|Travel,fastapi|nodejs|django,image_0026.jpg,/uploads/image_0026.jpg,image/jpeg,User 077,user077@example.com,I had a similar experience recently.
p_0033,Best Practices for Django,django-0033,"Lorem ipsum dolor sit amet, consectetur adipiscing elit. Sed do eiusmod tempor incididunt ut labore et dolore magna aliqua. Ut enim ad minim veniam, quis nostrud exercitation ullamco laboris.Lorem ipsum dolor sit amet, consectetur adipiscing elit. Sed do eiusmod tempor incididunt ut labore et dolore magna aliqua. Ut enim ad minim veniam, quis nostrud exercitation ullamco laboris.Lorem ipsum dolor sit amet, consectetur adipiscing elit. Sed do eiusmod tempor incididunt ut labore et dolore magna aliqua. Ut enim ad minim veniam, quis nostrud exercitation ullamco laboris.",published,2025-09-10T14:54:09.860991,author_012,author_012@example.com,contributor,Technology|Web Development|Travel,fastapi|nodejs|django,image_0026.jpg,/uploads/image_0026.jpg,image/jpeg,User 029,user029@example.com,Nice writeup. Subscribed.
p_0033,Best Practices for Django,django-0033,"Lorem ipsum dolor sit amet, consectetur adipiscing elit. Sed do eiusmod tempor incididunt ut labore et dolore magna aliqua. Ut enim ad minim veniam, quis nostrud exercitation ullamco laboris.Lorem ipsum dolor sit amet, consectetur adipiscing elit. Sed do eiusmod tempor incididunt ut labore et dolore magna aliqua. Ut enim ad minim veniam, quis nostrud exercitation ullamco laboris.Lorem ipsum dolor sit amet, consectetur adipiscing elit. Sed do eiusmod tempor incididunt ut labore et dolore magna aliqua. Ut enim ad minim veniam, quis nostrud exercitation ullamco laboris.",published,2025-09-10T14:54:09.860991,author_012,author_012@example.com,contributor,Technology|Web Development|Travel,fastapi|nodejs|django,image_0026.jpg,/uploads/image_0026.jpg,image/jpeg,User 049,user049@example.com,Just tried this approach -- it works.
p_0033,Best Practices for Django,django-0033,"Lorem ipsum dolor sit amet, consectetur adipiscing elit. Sed do eiusmod tempor incididunt ut labore et dolore magna aliqua. Ut enim ad minim veniam, quis nostrud exercitation ullamco laboris.Lorem ipsum dolor sit amet, consectetur adipiscing elit. Sed do eiusmod tempor incididunt ut labore et dolore magna aliqua. Ut enim ad minim veniam, quis nostrud exercitation ullamco laboris.Lorem ipsum dolor sit amet, consectetur adipiscing elit. Sed do eiusmod tempor incididunt ut labore et dolore magna aliqua. Ut enim ad minim veniam, quis nostrud exercitation ullamco laboris.",published,2025-09-10T14:54:09.860991,author_012,author_012@example.com,contributor,Technology|Web Development|Travel,fastapi|nodejs|django,image_0026.jpg,/uploads/image_0026.jpg,image/jpeg,User 057,user057@example.com,This is exactly what I was looking for.
p_0033,Best Practices for Django,django-0033,"Lorem ipsum dolor sit amet, consectetur adipiscing elit. Sed do eiusmod tempor incididunt ut labore et dolore magna aliqua. Ut enim ad minim veniam, quis nostrud exercitation ullamco laboris.Lorem ipsum dolor sit amet, consectetur adipiscing elit. Sed do eiusmod tempor incididunt ut labore et dolore magna aliqua. Ut enim ad minim veniam, quis nostrud exercitation ullamco laboris.Lorem ipsum dolor sit amet, consectetur adipiscing elit. Sed do eiusmod tempor incididunt ut labore et dolore magna aliqua. Ut enim ad minim veniam, quis nostrud exercitation ullamco laboris.",published,2025-09-10T14:54:09.860991,author_012,author_012@example.com,contributor,Technology|Web Development|Travel,fastapi|nodejs|django,image_0026.jpg,/uploads/image_0026.jpg,image/jpeg,User 076,user076@example.com,Bookmarked for later reference.
p_0033,Best Practices for Django,django-0033,"Lorem ipsum dolor sit amet, consectetur adipiscing elit. Sed do eiusmod tempor incididunt ut labore et dolore magna aliqua. Ut enim ad minim veniam, quis nostrud exercitation ullamco laboris.Lorem ipsum dolor sit amet, consectetur adipiscing elit. Sed do eiusmod tempor incididunt ut labore et dolore magna aliqua. Ut enim ad minim veniam, quis nostrud exercitation ullamco laboris.Lorem ipsum dolor sit amet, consectetur adipiscing elit. Sed do eiusmod tempor incididunt ut labore et dolore magna aliqua. Ut enim ad minim veniam, quis nostrud exercitation ullamco laboris.",published,2025-09-10T14:54:09.860991,author_012,author_012@example.com,contributor,Technology|Web Development|Travel,fastapi|nodejs|django,image_0026.jpg,/uploads/image_0026.jpg,image/jpeg,User 040,user040@example.com,I had a similar experience recently.
p_0033,Best Practices for Django,django-0033,"Lorem ipsum dolor sit amet, consectetur adipiscing elit. Sed do eiusmod tempor incididunt ut labore et dolore magna aliqua. Ut enim ad minim veniam, quis nostrud exercitation ullamco laboris.Lorem ipsum dolor sit amet, consectetur adipiscing elit. Sed do eiusmod tempor incididunt ut labore et dolore magna aliqua. Ut enim ad minim veniam, quis nostrud exercitation ullamco laboris.Lorem ipsum dolor sit amet, consectetur adipiscing elit. Sed do eiusmod tempor incididunt ut labore et dolore magna aliqua. Ut enim ad minim veniam, quis nostrud exercitation ullamco laboris.",published,2025-09-10T14:54:09.860991,author_012,author_012@example.com,contributor,Technology|Web Development|Travel,fastapi|nodejs|django,image_0026.jpg,/uploads/image_0026.jpg,image/jpeg,User 080,user080@example.com,Great post! Really helpful.
p_0034,Best Practices for Redis,redis-0034,"Lorem ipsum dolor sit amet, consectetur adipiscing elit. Sed do eiusmod tempor incididunt ut labore et dolore magna aliqua. Ut enim ad minim veniam, quis nostrud exercitation ullamco laboris.Lorem ipsum dolor sit amet, consectetur adipiscing elit. Sed do eiusmod tempor incididunt ut labore et dolore magna aliqua. Ut enim ad minim veniam, quis nostrud exercitation ullamco laboris.Lorem ipsum dolor sit amet, consectetur adipiscing elit. Sed do eiusmod tempor incididunt ut labore et dolore magna aliqua. Ut enim ad minim veniam, quis nostrud exercitation ullamco laboris.",published,2025-07-03T14:54:09.861019,author_006,author_006@example.com,author,Web Development,react|mongodb,image_0000.png,/uploads/image_0000.png,image/png,User 058,user058@example.com,I had a similar experience recently.
p_0034,Best Practices for Redis,redis-0034,"Lorem ipsum dolor sit amet, consectetur adipiscing elit. Sed do eiusmod tempor incididunt ut labore et dolore magna aliqua. Ut enim ad minim veniam, quis nostrud exercitation ullamco laboris.Lorem ipsum dolor sit amet, consectetur adipiscing elit. Sed do eiusmod tempor incididunt ut labore et dolore magna aliqua. Ut enim ad minim veniam, quis nostrud exercitation ullamco laboris.Lorem ipsum dolor sit amet, consectetur adipiscing elit. Sed do eiusmod tempor incididunt ut labore et dolore magna aliqua. Ut enim ad minim veniam, quis nostrud exercitation ullamco laboris.",published,2025-07-03T14:54:09.861019,author_006,author_006@example.com,author,Web Development,react|mongodb,image_0000.png,/uploads/image_0000.png,image/png,User 061,user061@example.com,This is exactly what I was looking for.
p_0034,Best Practices for Redis,redis-0034,"Lorem ipsum dolor sit amet, consectetur adipiscing elit. Sed do eiusmod tempor incididunt ut labore et dolore magna aliqua. Ut enim ad minim veniam, quis nostrud exercitation ullamco laboris.Lorem ipsum dolor sit amet, consectetur adipiscing elit. Sed do eiusmod tempor incididunt ut labore et dolore magna aliqua. Ut enim ad minim veniam, quis nostrud exercitation ullamco laboris.Lorem ipsum dolor sit amet, consectetur adipiscing elit. Sed do eiusmod tempor incididunt ut labore et dolore magna aliqua. Ut enim ad minim veniam, quis nostrud exercitation ullamco laboris.",published,2025-07-03T14:54:09.861019,author_006,author_006@example.com,author,Web Development,react|mongodb,image_0000.png,/uploads/image_0000.png,image/png,User 005,user005@example.com,"Very insightful, looking forward to more."
p_0034,Best Practices for Redis,redis-0034,"Lorem ipsum dolor sit amet, consectetur adipiscing elit. Sed do eiusmod tempor incididunt ut labore et dolore magna aliqua. Ut enim ad minim veniam, quis nostrud exercitation ullamco laboris.Lorem ipsum dolor sit amet, consectetur adipiscing elit. Sed do eiusmod tempor incididunt ut labore et dolore magna aliqua. Ut enim ad minim veniam, quis nostrud exercitation ullamco laboris.Lorem ipsum dolor sit amet, consectetur adipiscing elit. Sed do eiusmod tempor incididunt ut labore et dolore magna aliqua. Ut enim ad minim veniam, quis nostrud exercitation ullamco laboris.",published,2025-07-03T14:54:09.861019,author_006,author_006@example.com,author,Web Development,react|mongodb,image_0000.png,/uploads/image_0000.png,image/png,User 037,user037@example.com,This is exactly what I was looking for.
p_0034,Best Practices for Redis,redis-0034,"Lorem ipsum dolor sit amet, consectetur adipiscing elit. Sed do eiusmod tempor incididunt ut labore et dolore magna aliqua. Ut enim ad minim veniam, quis nostrud exercitation ullamco laboris.Lorem ipsum dolor sit amet, consectetur adipiscing elit. Sed do eiusmod tempor incididunt ut labore et dolore magna aliqua. Ut enim ad minim veniam, quis nostrud exercitation ullamco laboris.Lorem ipsum dolor sit amet, consectetur adipiscing elit. Sed do eiusmod tempor incididunt ut labore et dolore magna aliqua. Ut enim ad minim veniam, quis nostrud exercitation ullamco laboris.",published,2025-07-03T14:54:09.861019,author_006,author_006@example.com,author,Web Development,react|mongodb,image_0000.png,/uploads/image_0000.png,image/png,User 090,user090@example.com,Just tried this approach -- it works.
p_0034,Best Practices for Redis,redis-0034,"Lorem ipsum dolor sit amet, consectetur adipiscing elit. Sed do eiusmod tempor incididunt ut labore et dolore magna aliqua. Ut enim ad minim veniam, quis nostrud exercitation ullamco laboris.Lorem ipsum dolor sit amet, consectetur adipiscing elit. Sed do eiusmod tempor incididunt ut labore et dolore magna aliqua. Ut enim ad minim veniam, quis nostrud exercitation ullamco laboris.Lorem ipsum dolor sit amet, consectetur adipiscing elit. Sed do eiusmod tempor incididunt ut labore et dolore magna aliqua. Ut enim ad minim veniam, quis nostrud exercitation ullamco laboris.",published,2025-07-03T14:54:09.861019,author_006,author_006@example.com,author,Web Development,react|mongodb,image_0000.png,/uploads/image_0000.png,image/png,User 010,user010@example.com,"Very insightful, looking forward to more."
p_0035,10 Tips for Mastering Devops,devops-0035,"Lorem ipsum dolor sit amet, consectetur adipiscing elit. Sed do eiusmod tempor incididunt ut labore et dolore magna aliqua. Ut enim ad minim veniam, quis nostrud exercitation ullamco laboris.",draft,,author_018,author_018@example.com,author,Programming|Travel,git|flask,,,,User 010,user010@example.com,Great post! Really helpful.
p_0035,10 Tips for Mastering Devops,devops-0035,"Lorem ipsum dolor sit amet, consectetur adipiscing elit. Sed do eiusmod tempor incididunt ut labore et dolore magna aliqua. Ut enim ad minim veniam, quis nostrud exercitation ullamco laboris.",draft,,author_018,author_018@example.com,author,Programming|Travel,git|flask,,,,User 022,user022@example.com,This is exactly what I was looking for.
p_0035,10 Tips for Mastering Devops,devops-0035,"Lorem ipsum dolor sit amet, consectetur adipiscing elit. Sed do eiusmod tempor incididunt ut labore et dolore magna aliqua. Ut enim ad minim veniam, quis nostrud exercitation ullamco laboris.",draft,,author_018,author_018@example.com,author,Programming|Travel,git|flask,,,,User 077,user077@example.com,I had a similar experience recently.
p_0035,10 Tips for Mastering Devops,devops-0035,"Lorem ipsum dolor sit amet, consectetur adipiscing elit. Sed do eiusmod tempor incididunt ut labore et dolore magna aliqua. Ut enim ad minim veniam, quis nostrud exercitation ullamco laboris.",draft,,author_018,author_018@example.com,author,Programming|Travel,git|flask,,,,User 037,user037@example.com,Just tried this approach -- it works.
p_0036,Building Production-Ready Django Apps,django-0036,"Lorem ipsum dolor sit amet, consectetur adipiscing elit. Sed do eiusmod tempor incididunt ut labore et dolore magna aliqua. Ut enim ad minim veniam, quis nostrud exercitation ullamco laboris.Lorem ipsum dolor sit amet, consectetur adipiscing elit. Sed do eiusmod tempor incididunt ut labore et dolore magna aliqua. Ut enim ad minim veniam, quis nostrud exercitation ullamco laboris.",published,2025-05-26T14:54:09.861059,author_009,author_009@example.com,author,Travel|Health|Photography,redis,image_0027.webp,/uploads/image_0027.webp,image/webp,User 078,user078@example.com,This is exactly what I was looking for.
p_0036,Building Production-Ready Django Apps,django-0036,"Lorem ipsum dolor sit amet, consectetur adipiscing elit. Sed do eiusmod tempor incididunt ut labore et dolore magna aliqua. Ut enim ad minim veniam, quis nostrud exercitation ullamco laboris.Lorem ipsum dolor sit amet, consectetur adipiscing elit. Sed do eiusmod tempor incididunt ut labore et dolore magna aliqua. Ut enim ad minim veniam, quis nostrud exercitation ullamco laboris.",published,2025-05-26T14:54:09.861059,author_009,author_009@example.com,author,Travel|Health|Photography,redis,image_0027.webp,/uploads/image_0027.webp,image/webp,User 004,user004@example.com,Thanks for sharing this.
p_0036,Building Production-Ready Django Apps,django-0036,"Lorem ipsum dolor sit amet, consectetur adipiscing elit. Sed do eiusmod tempor incididunt ut labore et dolore magna aliqua. Ut enim ad minim veniam, quis nostrud exercitation ullamco laboris.Lorem ipsum dolor sit amet, consectetur adipiscing elit. Sed do eiusmod tempor incididunt ut labore et dolore magna aliqua. Ut enim ad minim veniam, quis nostrud exercitation ullamco laboris.",published,2025-05-26T14:54:09.861059,author_009,author_009@example.com,author,Travel|Health|Photography,redis,image_0027.webp,/uploads/image_0027.webp,image/webp,User 030,user030@example.com,I had a similar experience recently.
p_0036,Building Production-Ready Django Apps,django-0036,"Lorem ipsum dolor sit amet, consectetur adipiscing elit. Sed do eiusmod tempor incididunt ut labore et dolore magna aliqua. Ut enim ad minim veniam, quis nostrud exercitation ullamco laboris.Lorem ipsum dolor sit amet, consectetur adipiscing elit. Sed do eiusmod tempor incididunt ut labore et dolore magna aliqua. Ut enim ad minim veniam, quis nostrud exercitation ullamco laboris.",published,2025-05-26T14:54:09.861059,author_009,author_009@example.com,author,Travel|Health|Photography,redis,image_0027.webp,/uploads/image_0027.webp,image/webp,User 076,user076@example.com,Great post! Really helpful.
p_0036,Building Production-Ready Django Apps,django-0036,"Lorem ipsum dolor sit amet, consectetur adipiscing elit. Sed do eiusmod tempor incididunt ut labore et dolore magna aliqua. Ut enim ad minim veniam, quis nostrud exercitation ullamco laboris.Lorem ipsum dolor sit amet, consectetur adipiscing elit. Sed do eiusmod tempor incididunt ut labore et dolore magna aliqua. Ut enim ad minim veniam, quis nostrud exercitation ullamco laboris.",published,2025-05-26T14:54:09.861059,author_009,author_009@example.com,author,Travel|Health|Photography,redis,image_0027.webp,/uploads/image_0027.webp,image/webp,User 098,user098@example.com,This is exactly what I was looking for.
p_0037,Getting Started with Postgresql,postgresql-0037,"Lorem ipsum dolor sit amet, consectetur adipiscing elit. Sed do eiusmod tempor incididunt ut labore et dolore magna aliqua. Ut enim ad minim veniam, quis nostrud exercitation ullamco laboris.Lorem ipsum dolor sit amet, consectetur adipiscing elit. Sed do eiusmod tempor incididunt ut labore et dolore magna aliqua. Ut enim ad minim veniam, quis nostrud exercitation ullamco laboris.",published,2025-09-21T14:54:09.861083,author_005,author_005@example.com,author,Web Development|Education,fastapi|sql|kubernetes|azure,image_0042.webp,/uploads/image_0042.webp,image/webp,User 021,user021@example.com,Could you elaborate on the second part?
p_0037,Getting Started with Postgresql,postgresql-0037,"Lorem ipsum dolor sit amet, consectetur adipiscing elit. Sed do eiusmod tempor incididunt ut labore et dolore magna aliqua. Ut enim ad minim veniam, quis nostrud exercitation ullamco laboris.Lorem ipsum dolor sit amet, consectetur adipiscing elit. Sed do eiusmod tempor incididunt ut labore et dolore magna aliqua. Ut enim ad minim veniam, quis nostrud exercitation ullamco laboris.",published,2025-09-21T14:54:09.861083,author_005,author_005@example.com,author,Web Development|Education,fastapi|sql|kubernetes|azure,image_0042.webp,/uploads/image_0042.webp,image/webp,User 053,user053@example.com,Just tried this approach -- it works.
p_0037,Getting Started with Postgresql,postgresql-0037,"Lorem ipsum dolor sit amet, consectetur adipiscing elit. Sed do eiusmod tempor incididunt ut labore et dolore magna aliqua. Ut enim ad minim veniam, quis nostrud exercitation ullamco laboris.Lorem ipsum dolor sit amet, consectetur adipiscing elit. Sed do eiusmod tempor incididunt ut labore et dolore magna aliqua. Ut enim ad minim veniam, quis nostrud exercitation ullamco laboris.",published,2025-09-21T14:54:09.861083,author_005,author_005@example.com,author,Web Development|Education,fastapi|sql|kubernetes|azure,image_0042.webp,/uploads/image_0042.webp,image/webp,User 037,user037@example.com,Bookmarked for later reference.
p_0038,The Future of Rest Api,rest-api-0038,"Lorem ipsum dolor sit amet, consectetur adipiscing elit. Sed do eiusmod tempor incididunt ut labore et dolore magna aliqua. Ut enim ad minim veniam, quis nostrud exercitation ullamco laboris.Lorem ipsum dolor sit amet, consectetur adipiscing elit. Sed do eiusmod tempor incididunt ut labore et dolore magna aliqua. Ut enim ad minim veniam, quis nostrud exercitation ullamco laboris.",published,2025-09-29T14:54:09.861105,author_001,author_001@example.com,author,Programming|Education,github,,,,User 053,user053@example.com,Great post! Really helpful.
p_0038,The Future of Rest Api,rest-api-0038,"Lorem ipsum dolor sit amet, consectetur adipiscing elit. Sed do eiusmod tempor incididunt ut labore et dolore magna aliqua. Ut enim ad minim veniam, quis nostrud exercitation ullamco laboris.Lorem ipsum dolor sit amet, consectetur adipiscing elit. Sed do eiusmod tempor incididunt ut labore et dolore magna aliqua. Ut enim ad minim veniam, quis nostrud exercitation ullamco laboris.",published,2025-09-29T14:54:09.861105,author_001,author_001@example.com,author,Programming|Education,github,,,,User 025,user025@example.com,Nice writeup. Subscribed.
p_0038,The Future of Rest Api,rest-api-0038,"Lorem ipsum dolor sit amet, consectetur adipiscing elit. Sed do eiusmod tempor incididunt ut labore et dolore magna aliqua. Ut enim ad minim veniam, quis nostrud exercitation ullamco laboris.Lorem ipsum dolor sit amet, consectetur adipiscing elit. Sed do eiusmod tempor incididunt ut labore et dolore magna aliqua. Ut enim ad minim veniam, quis nostrud exercitation ullamco laboris.",published,2025-09-29T14:54:09.861105,author_001,author_001@example.com,author,Programming|Education,github,,,,User 047,user047@example.com,I had a similar experience recently.
p_0038,The Future of Rest Api,rest-api-0038,"Lorem ipsum dolor sit amet, consectetur adipiscing elit. Sed do eiusmod tempor incididunt ut labore et dolore magna aliqua. Ut enim ad minim veniam, quis nostrud exercitation ullamco laboris.Lorem ipsum dolor sit amet, consectetur adipiscing elit. Sed do eiusmod tempor incididunt ut labore et dolore magna aliqua. Ut enim ad minim veniam, quis nostrud exercitation ullamco laboris.",published,2025-09-29T14:54:09.861105,author_001,author_001@example.com,author,Programming|Education,github,,,,User 097,user097@example.com,Just tried this approach -- it works.
p_0038,The Future of Rest Api,rest-api-0038,"Lorem ipsum dolor sit amet, consectetur adipiscing elit. Sed do eiusmod tempor incididunt ut labore et dolore magna aliqua. Ut enim ad minim veniam, quis nostrud exercitation ullamco laboris.Lorem ipsum dolor sit amet, consectetur adipiscing elit. Sed do eiusmod tempor incididunt ut labore et dolore magna aliqua. Ut enim ad minim veniam, quis nostrud exercitation ullamco laboris.",published,2025-09-29T14:54:09.861105,author_001,author_001@example.com,author,Programming|Education,github,,,,User 081,user081@example.com,Just tried this approach -- it works.
p_0038,The Future of Rest Api,rest-api-0038,"Lorem ipsum dolor sit amet, consectetur adipiscing elit. Sed do eiusmod tempor incididunt ut labore et dolore magna aliqua. Ut enim ad minim veniam, quis nostrud exercitation ullamco laboris.Lorem ipsum dolor sit amet, consectetur adipiscing elit. Sed do eiusmod tempor incididunt ut labore et dolore magna aliqua. Ut enim ad minim veniam, quis nostrud exercitation ullamco laboris.",published,2025-09-29T14:54:09.861105,author_001,author_001@example.com,author,Programming|Education,github,,,,User 098,user098@example.com,Great post! Really helpful.
p_0039,10 Tips for Mastering Vue,vue-0039,"Lorem ipsum dolor sit amet, consectetur adipiscing elit. Sed do eiusmod tempor incididunt ut labore et dolore magna aliqua. Ut enim ad minim veniam, quis nostrud exercitation ullamco laboris.Lorem ipsum dolor sit amet, consectetur adipiscing elit. Sed do eiusmod tempor incididunt ut labore et dolore magna aliqua. Ut enim ad minim veniam, quis nostrud exercitation ullamco laboris.",draft,,author_017,author_017@example.com,author,Health|Programming|Technology,ci-cd|react,image_0000.png,/uploads/image_0000.png,image/png,User 053,user053@example.com,Thanks for sharing this.
p_0039,10 Tips for Mastering Vue,vue-0039,"Lorem ipsum dolor sit amet, consectetur adipiscing elit. Sed do eiusmod tempor incididunt ut labore et dolore magna aliqua. Ut enim ad minim veniam, quis nostrud exercitation ullamco laboris.Lorem ipsum dolor sit amet, consectetur adipiscing elit. Sed do eiusmod tempor incididunt ut labore et dolore magna aliqua. Ut enim ad minim veniam, quis nostrud exercitation ullamco laboris.",draft,,author_017,author_017@example.com,author,Health|Programming|Technology,ci-cd|react,image_0000.png,/uploads/image_0000.png,image/png,User 029,user029@example.com,Thanks for sharing this.
p_0039,10 Tips for Mastering Vue,vue-0039,"Lorem ipsum dolor sit amet, consectetur adipiscing elit. Sed do eiusmod tempor incididunt ut labore et dolore magna aliqua. Ut enim ad minim veniam, quis nostrud exercitation ullamco laboris.Lorem ipsum dolor sit amet, consectetur adipiscing elit. Sed do eiusmod tempor incididunt ut labore et dolore magna aliqua. Ut enim ad minim veniam, quis nostrud exercitation ullamco laboris.",draft,,author_017,author_017@example.com,author,Health|Programming|Technology,ci-cd|react,image_0000.png,/uploads/image_0000.png,image/png,User 060,user060@example.com,Thanks for sharing this.
p_0039,10 Tips for Mastering Vue,vue-0039,"Lorem ipsum dolor sit amet, consectetur adipiscing elit. Sed do eiusmod tempor incididunt ut labore et dolore magna aliqua. Ut enim ad minim veniam, quis nostrud exercitation ullamco laboris.Lorem ipsum dolor sit amet, consectetur adipiscing elit. Sed do eiusmod tempor incididunt ut labore et dolore magna aliqua. Ut enim ad minim veniam, quis nostrud exercitation ullamco laboris.",draft,,author_017,author_017@example.com,author,Health|Programming|Technology,ci-cd|react,image_0000.png,/uploads/image_0000.png,image/png,User 083,user083@example.com,I disagree with point 3 -- here's why...
p_0039,10 Tips for Mastering Vue,vue-0039,"Lorem ipsum dolor sit amet, consectetur adipiscing elit. Sed do eiusmod tempor incididunt ut labore et dolore magna aliqua. Ut enim ad minim veniam, quis nostrud exercitation ullamco laboris.Lorem ipsum dolor sit amet, consectetur adipiscing elit. Sed do eiusmod tempor incididunt ut labore et dolore magna aliqua. Ut enim ad minim veniam, quis nostrud exercitation ullamco laboris.",draft,,author_017,author_017@example.com,author,Health|Programming|Technology,ci-cd|react,image_0000.png,/uploads/image_0000.png,image/png,User 064,user064@example.com,This is exactly what I was looking for.
p_0039,10 Tips for Mastering Vue,vue-0039,"Lorem ipsum dolor sit amet, consectetur adipiscing elit. Sed do eiusmod tempor incididunt ut labore et dolore magna aliqua. Ut enim ad minim veniam, quis nostrud exercitation ullamco laboris.Lorem ipsum dolor sit amet, consectetur adipiscing elit. Sed do eiusmod tempor incididunt ut labore et dolore magna aliqua. Ut enim ad minim veniam, quis nostrud exercitation ullamco laboris.",draft,,author_017,author_017@example.com,author,Health|Programming|Technology,ci-cd|react,image_0000.png,/uploads/image_0000.png,image/png,User 066,user066@example.com,This is exactly what I was looking for.
p_0039,10 Tips for Mastering Vue,vue-0039,"Lorem ipsum dolor sit amet, consectetur adipiscing elit. Sed do eiusmod tempor incididunt ut labore et dolore magna aliqua. Ut enim ad minim veniam, quis nostrud exercitation ullamco laboris.Lorem ipsum dolor sit amet, consectetur adipiscing elit. Sed do eiusmod tempor incididunt ut labore et dolore magna aliqua. Ut enim ad minim veniam, quis nostrud exercitation ullamco laboris.",draft,,author_017,author_017@example.com,author,Health|Programming|Technology,ci-cd|react,image_0000.png,/uploads/image_0000.png,image/png,User 054,user054@example.com,Just tried this approach -- it works.
p_0040,Deep Dive into Sql,sql-0040,"Lorem ipsum dolor sit amet, consectetur adipiscing elit. Sed do eiusmod tempor incididunt ut labore et dolore magna aliqua. Ut enim ad minim veniam, quis nostrud exercitation ullamco laboris.",published,2025-08-10T14:54:09.861154,author_014,author_014@example.com,contributor,Travel|Web Development|Programming,tdd|agile|graphql,image_0032.png,/uploads/image_0032.png,image/png,User 001,user001@example.com,This is exactly what I was looking for.
p_0040,Deep Dive into Sql,sql-0040,"Lorem ipsum dolor sit amet, consectetur adipiscing elit. Sed do eiusmod tempor incididunt ut labore et dolore magna aliqua. Ut enim ad minim veniam, quis nostrud exercitation ullamco laboris.",published,2025-08-10T14:54:09.861154,author_014,author_014@example.com,contributor,Travel|Web Development|Programming,tdd|agile|graphql,image_0032.png,/uploads/image_0032.png,image/png,User 093,user093@example.com,This is exactly what I was looking for.
p_0040,Deep Dive into Sql,sql-0040,"Lorem ipsum dolor sit amet, consectetur adipiscing elit. Sed do eiusmod tempor incididunt ut labore et dolore magna aliqua. Ut enim ad minim veniam, quis nostrud exercitation ullamco laboris.",published,2025-08-10T14:54:09.861154,author_014,author_014@example.com,contributor,Travel|Web Development|Programming,tdd|agile|graphql,image_0032.png,/uploads/image_0032.png,image/png,User 076,user076@example.com,I had a similar experience recently.
p_0040,Deep Dive into Sql,sql-0040,"Lorem ipsum dolor sit amet, consectetur adipiscing elit. Sed do eiusmod tempor incididunt ut labore et dolore magna aliqua. Ut enim ad minim veniam, quis nostrud exercitation ullamco laboris.",published,2025-08-10T14:54:09.861154,author_014,author_014@example.com,contributor,Travel|Web Development|Programming,tdd|agile|graphql,image_0032.png,/uploads/image_0032.png,image/png,User 085,user085@example.com,Just tried this approach -- it works.
p_0040,Deep Dive into Sql,sql-0040,"Lorem ipsum dolor sit amet, consectetur adipiscing elit. Sed do eiusmod tempor incididunt ut labore et dolore magna aliqua. Ut enim ad minim veniam, quis nostrud exercitation ullamco laboris.",published,2025-08-10T14:54:09.861154,author_014,author_014@example.com,contributor,Travel|Web Development|Programming,tdd|agile|graphql,image_0032.png,/uploads/image_0032.png,image/png,User 020,user020@example.com,Just tried this approach -- it works.
p_0041,Building Production-Ready Mongodb Apps,mongodb-0041,"Lorem ipsum dolor sit amet, consectetur adipiscing elit. Sed do eiusmod tempor incididunt ut labore et dolore magna aliqua. Ut enim ad minim veniam, quis nostrud exercitation ullamco laboris.Lorem ipsum dolor sit amet, consectetur adipiscing elit. Sed do eiusmod tempor incididunt ut labore et dolore magna aliqua. Ut enim ad minim veniam, quis nostrud exercitation ullamco laboris.Lorem ipsum dolor sit amet, consectetur adipiscing elit. Sed do eiusmod tempor incididunt ut labore et dolore magna aliqua. Ut enim ad minim veniam, quis nostrud exercitation ullamco laboris.",published,2025-11-30T14:54:09.861176,author_011,author_011@example.com,contributor,Health|Business,ci-cd|nodejs,image_0014.webp,/uploads/image_0014.webp,image/webp,User 006,user006@example.com,Could you elaborate on the second part?
p_0041,Building Production-Ready Mongodb Apps,mongodb-0041,"Lorem ipsum dolor sit amet, consectetur adipiscing elit. Sed do eiusmod tempor incididunt ut labore et dolore magna aliqua. Ut enim ad minim veniam, quis nostrud exercitation ullamco laboris.Lorem ipsum dolor sit amet, consectetur adipiscing elit. Sed do eiusmod tempor incididunt ut labore et dolore magna aliqua. Ut enim ad minim veniam, quis nostrud exercitation ullamco laboris.Lorem ipsum dolor sit amet, consectetur adipiscing elit. Sed do eiusmod tempor incididunt ut labore et dolore magna aliqua. Ut enim ad minim veniam, quis nostrud exercitation ullamco laboris.",published,2025-11-30T14:54:09.861176,author_011,author_011@example.com,contributor,Health|Business,ci-cd|nodejs,image_0014.webp,/uploads/image_0014.webp,image/webp,User 096,user096@example.com,Just tried this approach -- it works.
p_0041,Building Production-Ready Mongodb Apps,mongodb-0041,"Lorem ipsum dolor sit amet, consectetur adipiscing elit. Sed do eiusmod tempor incididunt ut labore et dolore magna aliqua. Ut enim ad minim veniam, quis nostrud exercitation ullamco laboris.Lorem ipsum dolor sit amet, consectetur adipiscing elit. Sed do eiusmod tempor incididunt ut labore et dolore magna aliqua. Ut enim ad minim veniam, quis nostrud exercitation ullamco laboris.Lorem ipsum dolor sit amet, consectetur adipiscing elit. Sed do eiusmod tempor incididunt ut labore et dolore magna aliqua. Ut enim ad minim veniam, quis nostrud exercitation ullamco laboris.",published,2025-11-30T14:54:09.861176,author_011,author_011@example.com,contributor,Health|Business,ci-cd|nodejs,image_0014.webp,/uploads/image_0014.webp,image/webp,User 091,user091@example.com,Bookmarked for later reference.
p_0041,Building Production-Ready Mongodb Apps,mongodb-0041,"Lorem ipsum dolor sit amet, consectetur adipiscing elit. Sed do eiusmod tempor incididunt ut labore et dolore magna aliqua. Ut enim ad minim veniam, quis nostrud exercitation ullamco laboris.Lorem ipsum dolor sit amet, consectetur adipiscing elit. Sed do eiusmod tempor incididunt ut labore et dolore magna aliqua. Ut enim ad minim veniam, quis nostrud exercitation ullamco laboris.Lorem ipsum dolor sit amet, consectetur adipiscing elit. Sed do eiusmod tempor incididunt ut labore et dolore magna aliqua. Ut enim ad minim veniam, quis nostrud exercitation ullamco laboris.",published,2025-11-30T14:54:09.861176,author_011,author_011@example.com,contributor,Health|Business,ci-cd|nodejs,image_0014.webp,/uploads/image_0014.webp,image/webp,User 050,user050@example.com,I disagree with point 3 -- here's why...
p_0041,Building Production-Ready Mongodb Apps,mongodb-0041,"Lorem ipsum dolor sit amet, consectetur adipiscing elit. Sed do eiusmod tempor incididunt ut labore et dolore magna aliqua. Ut enim ad minim veniam, quis nostrud exercitation ullamco laboris.Lorem ipsum dolor sit amet, consectetur adipiscing elit. Sed do eiusmod tempor incididunt ut labore et dolore magna aliqua. Ut enim ad minim veniam, quis nostrud exercitation ullamco laboris.Lorem ipsum dolor sit amet, consectetur adipiscing elit. Sed do eiusmod tempor incididunt ut labore et dolore magna aliqua. Ut enim ad minim veniam, quis nostrud exercitation ullamco laboris.",published,2025-11-30T14:54:09.861176,author_011,author_011@example.com,contributor,Health|Business,ci-cd|nodejs,image_0014.webp,/uploads/image_0014.webp,image/webp,User 064,user064@example.com,Great post! Really helpful.
p_0041,Building Production-Ready Mongodb Apps,mongodb-0041,"Lorem ipsum dolor sit amet, consectetur adipiscing elit. Sed do eiusmod tempor incididunt ut labore et dolore magna aliqua. Ut enim ad minim veniam, quis nostrud exercitation ullamco laboris.Lorem ipsum dolor sit amet, consectetur adipiscing elit. Sed do eiusmod tempor incididunt ut labore et dolore magna aliqua. Ut enim ad minim veniam, quis nostrud exercitation ullamco laboris.Lorem ipsum dolor sit amet, consectetur adipiscing elit. Sed do eiusmod tempor incididunt ut labore et dolore magna aliqua. Ut enim ad minim veniam, quis nostrud exercitation ullamco laboris.",published,2025-11-30T14:54:09.861176,author_011,author_011@example.com,contributor,Health|Business,ci-cd|nodejs,image_0014.webp,/uploads/image_0014.webp,image/webp,User 017,user017@example.com,Nice writeup. Subscribed.
p_0042,Common Mistakes in Postgresql,postgresql-0042,"Lorem ipsum dolor sit amet, consectetur adipiscing elit. Sed do eiusmod tempor incididunt ut labore et dolore magna aliqua. Ut enim ad minim veniam, quis nostrud exercitation ullamco laboris.Lorem ipsum dolor sit amet, consectetur adipiscing elit. Sed do eiusmod tempor incididunt ut labore et dolore magna aliqua. Ut enim ad minim veniam, quis nostrud exercitation ullamco laboris.",published,2025-10-06T14:54:09.861202,author_003,author_003@example.com,contributor,Web Development,graphql|git|flask|fastapi,image_0016.jpg,/uploads/image_0016.jpg,image/jpeg,User 080,user080@example.com,Bookmarked for later reference.
p_0042,Common Mistakes in Postgresql,postgresql-0042,"Lorem ipsum dolor sit amet, consectetur adipiscing elit. Sed do eiusmod tempor incididunt ut labore et dolore magna aliqua. Ut enim ad minim veniam, quis nostrud exercitation ullamco laboris.Lorem ipsum dolor sit amet, consectetur adipiscing elit. Sed do eiusmod tempor incididunt ut labore et dolore magna aliqua. Ut enim ad minim veniam, quis nostrud exercitation ullamco laboris.",published,2025-10-06T14:54:09.861202,author_003,author_003@example.com,contributor,Web Development,graphql|git|flask|fastapi,image_0016.jpg,/uploads/image_0016.jpg,image/jpeg,User 084,user084@example.com,Thanks for sharing this.
p_0042,Common Mistakes in Postgresql,postgresql-0042,"Lorem ipsum dolor sit amet, consectetur adipiscing elit. Sed do eiusmod tempor incididunt ut labore et dolore magna aliqua. Ut enim ad minim veniam, quis nostrud exercitation ullamco laboris.Lorem ipsum dolor sit amet, consectetur adipiscing elit. Sed do eiusmod tempor incididunt ut labore et dolore magna aliqua. Ut enim ad minim veniam, quis nostrud exercitation ullamco laboris.",published,2025-10-06T14:54:09.861202,author_003,author_003@example.com,contributor,Web Development,graphql|git|flask|fastapi,image_0016.jpg,/uploads/image_0016.jpg,image/jpeg,User 043,user043@example.com,Nice writeup. Subscribed.
p_0042,Common Mistakes in Postgresql,postgresql-0042,"Lorem ipsum dolor sit amet, consectetur adipiscing elit. Sed do eiusmod tempor incididunt ut labore et dolore magna aliqua. Ut enim ad minim veniam, quis nostrud exercitation ullamco laboris.Lorem ipsum dolor sit amet, consectetur adipiscing elit. Sed do eiusmod tempor incididunt ut labore et dolore magna aliqua. Ut enim ad minim veniam, quis nostrud exercitation ullamco laboris.",published,2025-10-06T14:54:09.861202,author_003,author_003@example.com,contributor,Web Development,graphql|git|flask|fastapi,image_0016.jpg,/uploads/image_0016.jpg,image/jpeg,User 049,user049@example.com,Could you elaborate on the second part?
p_0042,Common Mistakes in Postgresql,postgresql-0042,"Lorem ipsum dolor sit amet, consectetur adipiscing elit. Sed do eiusmod tempor incididunt ut labore et dolore magna aliqua. Ut enim ad minim veniam, quis nostrud exercitation ullamco laboris.Lorem ipsum dolor sit amet, consectetur adipiscing elit. Sed do eiusmod tempor incididunt ut labore et dolore magna aliqua. Ut enim ad minim veniam, quis nostrud exercitation ullamco laboris.",published,2025-10-06T14:54:09.861202,author_003,author_003@example.com,contributor,Web Development,graphql|git|flask|fastapi,image_0016.jpg,/uploads/image_0016.jpg,image/jpeg,User 081,user081@example.com,Just tried this approach -- it works.
p_0043,The Future of Graphql,graphql-0043,"Lorem ipsum dolor sit amet, consectetur adipiscing elit. Sed do eiusmod tempor incididunt ut labore et dolore magna aliqua. Ut enim ad minim veniam, quis nostrud exercitation ullamco laboris.Lorem ipsum dolor sit amet, consectetur adipiscing elit. Sed do eiusmod tempor incididunt ut labore et dolore magna aliqua. Ut enim ad minim veniam, quis nostrud exercitation ullamco laboris.Lorem ipsum dolor sit amet, consectetur adipiscing elit. Sed do eiusmod tempor incididunt ut labore et dolore magna aliqua. Ut enim ad minim veniam, quis nostrud exercitation ullamco laboris.",published,2025-07-07T14:54:09.861222,author_001,author_001@example.com,author,Marketing|Design|Programming,django|tdd|git|ci-cd,,,,User 022,user022@example.com,This is exactly what I was looking for.
p_0043,The Future of Graphql,graphql-0043,"Lorem ipsum dolor sit amet, consectetur adipiscing elit. Sed do eiusmod tempor incididunt ut labore et dolore magna aliqua. Ut enim ad minim veniam, quis nostrud exercitation ullamco laboris.Lorem ipsum dolor sit amet, consectetur adipiscing elit. Sed do eiusmod tempor incididunt ut labore et dolore magna aliqua. Ut enim ad minim veniam, quis nostrud exercitation ullamco laboris.Lorem ipsum dolor sit amet, consectetur adipiscing elit. Sed do eiusmod tempor incididunt ut labore et dolore magna aliqua. Ut enim ad minim veniam, quis nostrud exercitation ullamco laboris.",published,2025-07-07T14:54:09.861222,author_001,author_001@example.com,author,Marketing|Design|Programming,django|tdd|git|ci-cd,,,,User 004,user004@example.com,Great post! Really helpful.
p_0043,The Future of Graphql,graphql-0043,"Lorem ipsum dolor sit amet, consectetur adipiscing elit. Sed do eiusmod tempor incididunt ut labore et dolore magna aliqua. Ut enim ad minim veniam, quis nostrud exercitation ullamco laboris.Lorem ipsum dolor sit amet, consectetur adipiscing elit. Sed do eiusmod tempor incididunt ut labore et dolore magna aliqua. Ut enim ad minim veniam, quis nostrud exercitation ullamco laboris.Lorem ipsum dolor sit amet, consectetur adipiscing elit. Sed do eiusmod tempor incididunt ut labore et dolore magna aliqua. Ut enim ad minim veniam, quis nostrud exercitation ullamco laboris.",published,2025-07-07T14:54:09.861222,author_001,author_001@example.com,author,Marketing|Design|Programming,django|tdd|git|ci-cd,,,,User 042,user042@example.com,Great post! Really helpful.
p_0043,The Future of Graphql,graphql-0043,"Lorem ipsum dolor sit amet, consectetur adipiscing elit. Sed do eiusmod tempor incididunt ut labore et dolore magna aliqua. Ut enim ad minim veniam, quis nostrud exercitation ullamco laboris.Lorem ipsum dolor sit amet, consectetur adipiscing elit. Sed do eiusmod tempor incididunt ut labore et dolore magna aliqua. Ut enim ad minim veniam, quis nostrud exercitation ullamco laboris.Lorem ipsum dolor sit amet, consectetur adipiscing elit. Sed do eiusmod tempor incididunt ut labore et dolore magna aliqua. Ut enim ad minim veniam, quis nostrud exercitation ullamco laboris.",published,2025-07-07T14:54:09.861222,author_001,author_001@example.com,author,Marketing|Design|Programming,django|tdd|git|ci-cd,,,,User 038,user038@example.com,Could you elaborate on the second part?
p_0043,The Future of Graphql,graphql-0043,"Lorem ipsum dolor sit amet, consectetur adipiscing elit. Sed do eiusmod tempor incididunt ut labore et dolore magna aliqua. Ut enim ad minim veniam, quis nostrud exercitation ullamco laboris.Lorem ipsum dolor sit amet, consectetur adipiscing elit. Sed do eiusmod tempor incididunt ut labore et dolore magna aliqua. Ut enim ad minim veniam, quis nostrud exercitation ullamco laboris.Lorem ipsum dolor sit amet, consectetur adipiscing elit. Sed do eiusmod tempor incididunt ut labore et dolore magna aliqua. Ut enim ad minim veniam, quis nostrud exercitation ullamco laboris.",published,2025-07-07T14:54:09.861222,author_001,author_001@example.com,author,Marketing|Design|Programming,django|tdd|git|ci-cd,,,,User 048,user048@example.com,Bookmarked for later reference.
p_0043,The Future of Graphql,graphql-0043,"Lorem ipsum dolor sit amet, consectetur adipiscing elit. Sed do eiusmod tempor incididunt ut labore et dolore magna aliqua. Ut enim ad minim veniam, quis nostrud exercitation ullamco laboris.Lorem ipsum dolor sit amet, consectetur adipiscing elit. Sed do eiusmod tempor incididunt ut labore et dolore magna aliqua. Ut enim ad minim veniam, quis nostrud exercitation ullamco laboris.Lorem ipsum dolor sit amet, consectetur adipiscing elit. Sed do eiusmod tempor incididunt ut labore et dolore magna aliqua. Ut enim ad minim veniam, quis nostrud exercitation ullamco laboris.",published,2025-07-07T14:54:09.861222,author_001,author_001@example.com,author,Marketing|Design|Programming,django|tdd|git|ci-cd,,,,User 019,user019@example.com,"Very insightful, looking forward to more."
p_0044,Nosql vs Alternatives,nosql-0044,"Lorem ipsum dolor sit amet, consectetur adipiscing elit. Sed do eiusmod tempor incididunt ut labore et dolore magna aliqua. Ut enim ad minim veniam, quis nostrud exercitation ullamco laboris.",draft,,author_018,author_018@example.com,author,Programming,redis|github|nodejs|sql,,,,User 030,user030@example.com,Just tried this approach -- it works.
p_0044,Nosql vs Alternatives,nosql-0044,"Lorem ipsum dolor sit amet, consectetur adipiscing elit. Sed do eiusmod tempor incididunt ut labore et dolore magna aliqua. Ut enim ad minim veniam, quis nostrud exercitation ullamco laboris.",draft,,author_018,author_018@example.com,author,Programming,redis|github|nodejs|sql,,,,User 082,user082@example.com,This is exactly what I was looking for.
p_0044,Nosql vs Alternatives,nosql-0044,"Lorem ipsum dolor sit amet, consectetur adipiscing elit. Sed do eiusmod tempor incididunt ut labore et dolore magna aliqua. Ut enim ad minim veniam, quis nostrud exercitation ullamco laboris.",draft,,author_018,author_018@example.com,author,Programming,redis|github|nodejs|sql,,,,User 059,user059@example.com,This is exactly what I was looking for.
p_0044,Nosql vs Alternatives,nosql-0044,"Lorem ipsum dolor sit amet, consectetur adipiscing elit. Sed do eiusmod tempor incididunt ut labore et dolore magna aliqua. Ut enim ad minim veniam, quis nostrud exercitation ullamco laboris.",draft,,author_018,author_018@example.com,author,Programming,redis|github|nodejs|sql,,,,User 086,user086@example.com,Great post! Really helpful.
p_0045,Building Production-Ready Microservices Apps,microservices-0045,"Lorem ipsum dolor sit amet, consectetur adipiscing elit. Sed do eiusmod tempor incididunt ut labore et dolore magna aliqua. Ut enim ad minim veniam, quis nostrud exercitation ullamco laboris.",published,2025-06-07T14:54:09.861265,author_009,author_009@example.com,author,Business|Marketing,ci-cd|css|gcp|graphql,image_0024.jpg,/uploads/image_0024.jpg,image/jpeg,User 014,user014@example.com,"Very insightful, looking forward to more."
p_0045,Building Production-Ready Microservices Apps,microservices-0045,"Lorem ipsum dolor sit amet, consectetur adipiscing elit. Sed do eiusmod tempor incididunt ut labore et dolore magna aliqua. Ut enim ad minim veniam, quis nostrud exercitation ullamco laboris.",published,2025-06-07T14:54:09.861265,author_009,author_009@example.com,author,Business|Marketing,ci-cd|css|gcp|graphql,image_0024.jpg,/uploads/image_0024.jpg,image/jpeg,User 049,user049@example.com,I had a similar experience recently.
p_0045,Building Production-Ready Microservices Apps,microservices-0045,"Lorem ipsum dolor sit amet, consectetur adipiscing elit. Sed do eiusmod tempor incididunt ut labore et dolore magna aliqua. Ut enim ad minim veniam, quis nostrud exercitation ullamco laboris.",published,2025-06-07T14:54:09.861265,author_009,author_009@example.com,author,Business|Marketing,ci-cd|css|gcp|graphql,image_0024.jpg,/uploads/image_0024.jpg,image/jpeg,User 046,user046@example.com,I had a similar experience recently.
p_0045,Building Production-Ready Microservices Apps,microservices-0045,"Lorem ipsum dolor sit amet, consectetur adipiscing elit. Sed do eiusmod tempor incididunt ut labore et dolore magna aliqua. Ut enim ad minim veniam, quis nostrud exercitation ullamco laboris.",published,2025-06-07T14:54:09.861265,author_009,author_009@example.com,author,Business|Marketing,ci-cd|css|gcp|graphql,image_0024.jpg,/uploads/image_0024.jpg,image/jpeg,User 038,user038@example.com,This is exactly what I was looking for.
p_0045,Building Production-Ready Microservices Apps,microservices-0045,"Lorem ipsum dolor sit amet, consectetur adipiscing elit. Sed do eiusmod tempor incididunt ut labore et dolore magna aliqua. Ut enim ad minim veniam, quis nostrud exercitation ullamco laboris.",published,2025-06-07T14:54:09.861265,author_009,author_009@example.com,author,Business|Marketing,ci-cd|css|gcp|graphql,image_0024.jpg,/uploads/image_0024.jpg,image/jpeg,User 003,user003@example.com,Bookmarked for later reference.
p_0045,Building Production-Ready Microservices Apps,microservices-0045,"Lorem ipsum dolor sit amet, consectetur adipiscing elit. Sed do eiusmod tempor incididunt ut labore et dolore magna aliqua. Ut enim ad minim veniam, quis nostrud exercitation ullamco laboris.",published,2025-06-07T14:54:09.861265,author_009,author_009@example.com,author,Business|Marketing,ci-cd|css|gcp|graphql,image_0024.jpg,/uploads/image_0024.jpg,image/jpeg,User 036,user036@example.com,Great post! Really helpful.
p_0046,Getting Started with Postgresql,postgresql-0046,"Lorem ipsum dolor sit amet, consectetur adipiscing elit. Sed do eiusmod tempor incididunt ut labore et dolore magna aliqua. Ut enim ad minim veniam, quis nostrud exercitation ullamco laboris.Lorem ipsum dolor sit amet, consectetur adipiscing elit. Sed do eiusmod tempor incididunt ut labore et dolore magna aliqua. Ut enim ad minim veniam, quis nostrud exercitation ullamco laboris.",draft,,author_019,author_019@example.com,author,Photography,nodejs|git|vue,image_0043.webp,/uploads/image_0043.webp,image/webp,User 081,user081@example.com,Thanks for sharing this.
p_0046,Getting Started with Postgresql,postgresql-0046,"Lorem ipsum dolor sit amet, consectetur adipiscing elit. Sed do eiusmod tempor incididunt ut labore et dolore magna aliqua. Ut enim ad minim veniam, quis nostrud exercitation ullamco laboris.Lorem ipsum dolor sit amet, consectetur adipiscing elit. Sed do eiusmod tempor incididunt ut labore et dolore magna aliqua. Ut enim ad minim veniam, quis nostrud exercitation ullamco laboris.",draft,,author_019,author_019@example.com,author,Photography,nodejs|git|vue,image_0043.webp,/uploads/image_0043.webp,image/webp,User 081,user081@example.com,Great post! Really helpful.
p_0046,Getting Started with Postgresql,postgresql-0046,"Lorem ipsum dolor sit amet, consectetur adipiscing elit. Sed do eiusmod tempor incididunt ut labore et dolore magna aliqua. Ut enim ad minim veniam, quis nostrud exercitation ullamco laboris.Lorem ipsum dolor sit amet, consectetur adipiscing elit. Sed do eiusmod tempor incididunt ut labore et dolore magna aliqua. Ut enim ad minim veniam, quis nostrud exercitation ullamco laboris.",draft,,author_019,author_019@example.com,author,Photography,nodejs|git|vue,image_0043.webp,/uploads/image_0043.webp,image/webp,User 040,user040@example.com,Just tried this approach -- it works.
p_0046,Getting Started with Postgresql,postgresql-0046,"Lorem ipsum dolor sit amet, consectetur adipiscing elit. Sed do eiusmod tempor incididunt ut labore et dolore magna aliqua. Ut enim ad minim veniam, quis nostrud exercitation ullamco laboris.Lorem ipsum dolor sit amet, consectetur adipiscing elit. Sed do eiusmod tempor incididunt ut labore et dolore magna aliqua. Ut enim ad minim veniam, quis nostrud exercitation ullamco laboris.",draft,,author_019,author_019@example.com,author,Photography,nodejs|git|vue,image_0043.webp,/uploads/image_0043.webp,image/webp,User 005,user005@example.com,I had a similar experience recently.
p_0047,Why Kubernetes Matters in 2024,kubernetes-0047,"Lorem ipsum dolor sit amet, consectetur adipiscing elit. Sed do eiusmod tempor incididunt ut labore et dolore magna aliqua. Ut enim ad minim veniam, quis nostrud exercitation ullamco laboris.Lorem ipsum dolor sit amet, consectetur adipiscing elit. Sed do eiusmod tempor incididunt ut labore et dolore magna aliqua. Ut enim ad minim veniam, quis nostrud exercitation ullamco laboris.",published,2025-12-19T14:54:09.861306,author_002,author_002@example.com,author,Design,agile|mongodb,,,,User 068,user068@example.com,Nice writeup. Subscribed.
p_0047,Why Kubernetes Matters in 2024,kubernetes-0047,"Lorem ipsum dolor sit amet, consectetur adipiscing elit. Sed do eiusmod tempor incididunt ut labore et dolore magna aliqua. Ut enim ad minim veniam, quis nostrud exercitation ullamco laboris.Lorem ipsum dolor sit amet, consectetur adipiscing elit. Sed do eiusmod tempor incididunt ut labore et dolore magna aliqua. Ut enim ad minim veniam, quis nostrud exercitation ullamco laboris.",published,2025-12-19T14:54:09.861306,author_002,author_002@example.com,author,Design,agile|mongodb,,,,User 035,user035@example.com,I disagree with point 3 -- here's why...
p_0047,Why Kubernetes Matters in 2024,kubernetes-0047,"Lorem ipsum dolor sit amet, consectetur adipiscing elit. Sed do eiusmod tempor incididunt ut labore et dolore magna aliqua. Ut enim ad minim veniam, quis nostrud exercitation ullamco laboris.Lorem ipsum dolor sit amet, consectetur adipiscing elit. Sed do eiusmod tempor incididunt ut labore et dolore magna aliqua. Ut enim ad minim veniam, quis nostrud exercitation ullamco laboris.",published,2025-12-19T14:54:09.861306,author_002,author_002@example.com,author,Design,agile|mongodb,,,,User 033,user033@example.com,Just tried this approach -- it works.
p_0047,Why Kubernetes Matters in 2024,kubernetes-0047,"Lorem ipsum dolor sit amet, consectetur adipiscing elit. Sed do eiusmod tempor incididunt ut labore et dolore magna aliqua. Ut enim ad minim veniam, quis nostrud exercitation ullamco laboris.Lorem ipsum dolor sit amet, consectetur adipiscing elit. Sed do eiusmod tempor incididunt ut labore et dolore magna aliqua. Ut enim ad minim veniam, quis nostrud exercitation ullamco laboris.",published,2025-12-19T14:54:09.861306,author_002,author_002@example.com,author,Design,agile|mongodb,,,,User 038,user038@example.com,Could you elaborate on the second part?
p_0047,Why Kubernetes Matters in 2024,kubernetes-0047,"Lorem ipsum dolor sit amet, consectetur adipiscing elit. Sed do eiusmod tempor incididunt ut labore et dolore magna aliqua. Ut enim ad minim veniam, quis nostrud exercitation ullamco laboris.Lorem ipsum dolor sit amet, consectetur adipiscing elit. Sed do eiusmod tempor incididunt ut labore et dolore magna aliqua. Ut enim ad minim veniam, quis nostrud exercitation ullamco laboris.",published,2025-12-19T14:54:09.861306,author_002,author_002@example.com,author,Design,agile|mongodb,,,,User 015,user015@example.com,Just tried this approach -- it works.
p_0048,Why Fastapi Matters in 2024,fastapi-0048,"Lorem ipsum dolor sit amet, consectetur adipiscing elit. Sed do eiusmod tempor incididunt ut labore et dolore magna aliqua. Ut enim ad minim veniam, quis nostrud exercitation ullamco laboris.Lorem ipsum dolor sit amet, consectetur adipiscing elit. Sed do eiusmod tempor incididunt ut labore et dolore magna aliqua. Ut enim ad minim veniam, quis nostrud exercitation ullamco laboris.",published,2025-06-07T14:54:09.861329,author_007,author_007@example.com,author,Business|Programming|Education,css,image_0029.png,/uploads/image_0029.png,image/png,User 087,user087@example.com,This is exactly what I was looking for.
p_0048,Why Fastapi Matters in 2024,fastapi-0048,"Lorem ipsum dolor sit amet, consectetur adipiscing elit. Sed do eiusmod tempor incididunt ut labore et dolore magna aliqua. Ut enim ad minim veniam, quis nostrud exercitation ullamco laboris.Lorem ipsum dolor sit amet, consectetur adipiscing elit. Sed do eiusmod tempor incididunt ut labore et dolore magna aliqua. Ut enim ad minim veniam, quis nostrud exercitation ullamco laboris.",published,2025-06-07T14:54:09.861329,author_007,author_007@example.com,author,Business|Programming|Education,css,image_0029.png,/uploads/image_0029.png,image/png,User 075,user075@example.com,Bookmarked for later reference.
p_0048,Why Fastapi Matters in 2024,fastapi-0048,"Lorem ipsum dolor sit amet, consectetur adipiscing elit. Sed do eiusmod tempor incididunt ut labore et dolore magna aliqua. Ut enim ad minim veniam, quis nostrud exercitation ullamco laboris.Lorem ipsum dolor sit amet, consectetur adipiscing elit. Sed do eiusmod tempor incididunt ut labore et dolore magna aliqua. Ut enim ad minim veniam, quis nostrud exercitation ullamco laboris.",published,2025-06-07T14:54:09.861329,author_007,author_007@example.com,author,Business|Programming|Education,css,image_0029.png,/uploads/image_0029.png,image/png,User 082,user082@example.com,Could you elaborate on the second part?
p_0048,Why Fastapi Matters in 2024,fastapi-0048,"Lorem ipsum dolor sit amet, consectetur adipiscing elit. Sed do eiusmod tempor incididunt ut labore et dolore magna aliqua. Ut enim ad minim veniam, quis nostrud exercitation ullamco laboris.Lorem ipsum dolor sit amet, consectetur adipiscing elit. Sed do eiusmod tempor incididunt ut labore et dolore magna aliqua. Ut enim ad minim veniam, quis nostrud exercitation ullamco laboris.",published,2025-06-07T14:54:09.861329,author_007,author_007@example.com,author,Business|Programming|Education,css,image_0029.png,/uploads/image_0029.png,image/png,User 014,user014@example.com,"Very insightful, looking forward to more."
p_0048,Why Fastapi Matters in 2024,fastapi-0048,"Lorem ipsum dolor sit amet, consectetur adipiscing elit. Sed do eiusmod tempor incididunt ut labore et dolore magna aliqua. Ut enim ad minim veniam, quis nostrud exercitation ullamco laboris.Lorem ipsum dolor sit amet, consectetur adipiscing elit. Sed do eiusmod tempor incididunt ut labore et dolore magna aliqua. Ut enim ad minim veniam, quis nostrud exercitation ullamco laboris.",published,2025-06-07T14:54:09.861329,author_007,author_007@example.com,author,Business|Programming|Education,css,image_0029.png,/uploads/image_0029.png,image/png,User 061,user061@example.com,Great post! Really helpful.
p_0049,The Future of Redis,redis-0049,"Lorem ipsum dolor sit amet, consectetur adipiscing elit. Sed do eiusmod tempor incididunt ut labore et dolore magna aliqua. Ut enim ad minim veniam, quis nostrud exercitation ullamco laboris.",published,2025-07-11T14:54:09.861349,author_010,author_010@example.com,contributor,Health|Marketing|Education,flask,image_0002.png,/uploads/image_0002.png,image/png,User 064,user064@example.com,Thanks for sharing this.
p_0049,The Future of Redis,redis-0049,"Lorem ipsum dolor sit amet, consectetur adipiscing elit. Sed do eiusmod tempor incididunt ut labore et dolore magna aliqua. Ut enim ad minim veniam, quis nostrud exercitation ullamco laboris.",published,2025-07-11T14:54:09.861349,author_010,author_010@example.com,contributor,Health|Marketing|Education,flask,image_0002.png,/uploads/image_0002.png,image/png,User 013,user013@example.com,"Very insightful, looking forward to more."
p_0049,The Future of Redis,redis-0049,"Lorem ipsum dolor sit amet, consectetur adipiscing elit. Sed do eiusmod tempor incididunt ut labore et dolore magna aliqua. Ut enim ad minim veniam, quis nostrud exercitation ullamco laboris.",published,2025-07-11T14:54:09.861349,author_010,author_010@example.com,contributor,Health|Marketing|Education,flask,image_0002.png,/uploads/image_0002.png,image/png,User 069,user069@example.com,I disagree with point 3 -- here's why...
p_0049,The Future of Redis,redis-0049,"Lorem ipsum dolor sit amet, consectetur adipiscing elit. Sed do eiusmod tempor incididunt ut labore et dolore magna aliqua. Ut enim ad minim veniam, quis nostrud exercitation ullamco laboris.",published,2025-07-11T14:54:09.861349,author_010,author_010@example.com,contributor,Health|Marketing|Education,flask,image_0002.png,/uploads/image_0002.png,image/png,User 050,user050@example.com,Just tried this approach -- it works.
p_0049,The Future of Redis,redis-0049,"Lorem ipsum dolor sit amet, consectetur adipiscing elit. Sed do eiusmod tempor incididunt ut labore et dolore magna aliqua. Ut enim ad minim veniam, quis nostrud exercitation ullamco laboris.",published,2025-07-11T14:54:09.861349,author_010,author_010@example.com,contributor,Health|Marketing|Education,flask,image_0002.png,/uploads/image_0002.png,image/png,User 048,user048@example.com,Nice writeup. Subscribed.
p_0050,Azure for Beginners,azure-0050,"Lorem ipsum dolor sit amet, consectetur adipiscing elit. Sed do eiusmod tempor incididunt ut labore et dolore magna aliqua. Ut enim ad minim veniam, quis nostrud exercitation ullamco laboris.Lorem ipsum dolor sit amet, consectetur adipiscing elit. Sed do eiusmod tempor incididunt ut labore et dolore magna aliqua. Ut enim ad minim veniam, quis nostrud exercitation ullamco laboris.",published,2025-10-19T14:54:09.861370,author_004,author_004@example.com,editor,Education|Marketing|Technology,vue|gcp|nodejs,,,,User 088,user088@example.com,Could you elaborate on the second part?
p_0050,Azure for Beginners,azure-0050,"Lorem ipsum dolor sit amet, consectetur adipiscing elit. Sed do eiusmod tempor incididunt ut labore et dolore magna aliqua. Ut enim ad minim veniam, quis nostrud exercitation ullamco laboris.Lorem ipsum dolor sit amet, consectetur adipiscing elit. Sed do eiusmod tempor incididunt ut labore et dolore magna aliqua. Ut enim ad minim veniam, quis nostrud exercitation ullamco laboris.",published,2025-10-19T14:54:09.861370,author_004,author_004@example.com,editor,Education|Marketing|Technology,vue|gcp|nodejs,,,,User 070,user070@example.com,Could you elaborate on the second part?
p_0050,Azure for Beginners,azure-0050,"Lorem ipsum dolor sit amet, consectetur adipiscing elit. Sed do eiusmod tempor incididunt ut labore et dolore magna aliqua. Ut enim ad minim veniam, quis nostrud exercitation ullamco laboris.Lorem ipsum dolor sit amet, consectetur adipiscing elit. Sed do eiusmod tempor incididunt ut labore et dolore magna aliqua. Ut enim ad minim veniam, quis nostrud exercitation ullamco laboris.",published,2025-10-19T14:54:09.861370,author_004,author_004@example.com,editor,Education|Marketing|Technology,vue|gcp|nodejs,,,,User 008,user008@example.com,Bookmarked for later reference.
p_0051,Deep Dive into Css,css-0051,"Lorem ipsum dolor sit amet, consectetur adipiscing elit. Sed do eiusmod tempor incididunt ut labore et dolore magna aliqua. Ut enim ad minim veniam, quis nostrud exercitation ullamco laboris.",published,2025-09-29T14:54:09.861386,author_003,author_003@example.com,contributor,Photography|Technology|Travel,nodejs|flask|agile,image_0004.png,/uploads/image_0004.png,image/png,User 027,user027@example.com,I had a similar experience recently.
p_0051,Deep Dive into Css,css-0051,"Lorem ipsum dolor sit amet, consectetur adipiscing elit. Sed do eiusmod tempor incididunt ut labore et dolore magna aliqua. Ut enim ad minim veniam, quis nostrud exercitation ullamco laboris.",published,2025-09-29T14:54:09.861386,author_003,author_003@example.com,contributor,Photography|Technology|Travel,nodejs|flask|agile,image_0004.png,/uploads/image_0004.png,image/png,User 028,user028@example.com,"Very insightful, looking forward to more."
p_0051,Deep Dive into Css,css-0051,"Lorem ipsum dolor sit amet, consectetur adipiscing elit. Sed do eiusmod tempor incididunt ut labore et dolore magna aliqua. Ut enim ad minim veniam, quis nostrud exercitation ullamco laboris.",published,2025-09-29T14:54:09.861386,author_003,author_003@example.com,contributor,Photography|Technology|Travel,nodejs|flask|agile,image_0004.png,/uploads/image_0004.png,image/png,User 043,user043@example.com,I disagree with point 3 -- here's why...
p_0051,Deep Dive into Css,css-0051,"Lorem ipsum dolor sit amet, consectetur adipiscing elit. Sed do eiusmod tempor incididunt ut labore et dolore magna aliqua. Ut enim ad minim veniam, quis nostrud exercitation ullamco laboris.",published,2025-09-29T14:54:09.861386,author_003,author_003@example.com,contributor,Photography|Technology|Travel,nodejs|flask|agile,image_0004.png,/uploads/image_0004.png,image/png,User 077,user077@example.com,Great post! Really helpful.
p_0051,Deep Dive into Css,css-0051,"Lorem ipsum dolor sit amet, consectetur adipiscing elit. Sed do eiusmod tempor incididunt ut labore et dolore magna aliqua. Ut enim ad minim veniam, quis nostrud exercitation ullamco laboris.",published,2025-09-29T14:54:09.861386,author_003,author_003@example.com,contributor,Photography|Technology|Travel,nodejs|flask|agile,image_0004.png,/uploads/image_0004.png,image/png,User 036,user036@example.com,I disagree with point 3 -- here's why...
p_0051,Deep Dive into Css,css-0051,"Lorem ipsum dolor sit amet, consectetur adipiscing elit. Sed do eiusmod tempor incididunt ut labore et dolore magna aliqua. Ut enim ad minim veniam, quis nostrud exercitation ullamco laboris.",published,2025-09-29T14:54:09.861386,author_003,author_003@example.com,contributor,Photography|Technology|Travel,nodejs|flask|agile,image_0004.png,/uploads/image_0004.png,image/png,User 017,user017@example.com,Nice writeup. Subscribed.
p_0051,Deep Dive into Css,css-0051,"Lorem ipsum dolor sit amet, consectetur adipiscing elit. Sed do eiusmod tempor incididunt ut labore et dolore magna aliqua. Ut enim ad minim veniam, quis nostrud exercitation ullamco laboris.",published,2025-09-29T14:54:09.861386,author_003,author_003@example.com,contributor,Photography|Technology|Travel,nodejs|flask|agile,image_0004.png,/uploads/image_0004.png,image/png,User 033,user033@example.com,I disagree with point 3 -- here's why...
p_0052,Getting Started with Django,django-0052,"Lorem ipsum dolor sit amet, consectetur adipiscing elit. Sed do eiusmod tempor incididunt ut labore et dolore magna aliqua. Ut enim ad minim veniam, quis nostrud exercitation ullamco laboris.",published,2026-05-12T14:54:09.861415,author_004,author_004@example.com,editor,Business|Technology|Web Development,javascript|flask|testing,image_0007.jpg,/uploads/image_0007.jpg,image/jpeg,User 061,user061@example.com,Just tried this approach -- it works.
p_0052,Getting Started with Django,django-0052,"Lorem ipsum dolor sit amet, consectetur adipiscing elit. Sed do eiusmod tempor incididunt ut labore et dolore magna aliqua. Ut enim ad minim veniam, quis nostrud exercitation ullamco laboris.",published,2026-05-12T14:54:09.861415,author_004,author_004@example.com,editor,Business|Technology|Web Development,javascript|flask|testing,image_0007.jpg,/uploads/image_0007.jpg,image/jpeg,User 100,user100@example.com,Could you elaborate on the second part?
p_0052,Getting Started with Django,django-0052,"Lorem ipsum dolor sit amet, consectetur adipiscing elit. Sed do eiusmod tempor incididunt ut labore et dolore magna aliqua. Ut enim ad minim veniam, quis nostrud exercitation ullamco laboris.",published,2026-05-12T14:54:09.861415,author_004,author_004@example.com,editor,Business|Technology|Web Development,javascript|flask|testing,image_0007.jpg,/uploads/image_0007.jpg,image/jpeg,User 066,user066@example.com,I had a similar experience recently.
p_0053,Building Production-Ready Django Apps,django-0053,"Lorem ipsum dolor sit amet, consectetur adipiscing elit. Sed do eiusmod tempor incididunt ut labore et dolore magna aliqua. Ut enim ad minim veniam, quis nostrud exercitation ullamco laboris.",draft,,author_016,author_016@example.com,author,Travel|Marketing|Health,javascript,,,,User 055,user055@example.com,Thanks for sharing this.
p_0053,Building Production-Ready Django Apps,django-0053,"Lorem ipsum dolor sit amet, consectetur adipiscing elit. Sed do eiusmod tempor incididunt ut labore et dolore magna aliqua. Ut enim ad minim veniam, quis nostrud exercitation ullamco laboris.",draft,,author_016,author_016@example.com,author,Travel|Marketing|Health,javascript,,,,User 063,user063@example.com,Just tried this approach -- it works.
p_0053,Building Production-Ready Django Apps,django-0053,"Lorem ipsum dolor sit amet, consectetur adipiscing elit. Sed do eiusmod tempor incididunt ut labore et dolore magna aliqua. Ut enim ad minim veniam, quis nostrud exercitation ullamco laboris.",draft,,author_016,author_016@example.com,author,Travel|Marketing|Health,javascript,,,,User 010,user010@example.com,Thanks for sharing this.
p_0053,Building Production-Ready Django Apps,django-0053,"Lorem ipsum dolor sit amet, consectetur adipiscing elit. Sed do eiusmod tempor incididunt ut labore et dolore magna aliqua. Ut enim ad minim veniam, quis nostrud exercitation ullamco laboris.",draft,,author_016,author_016@example.com,author,Travel|Marketing|Health,javascript,,,,User 042,user042@example.com,I had a similar experience recently.
p_0053,Building Production-Ready Django Apps,django-0053,"Lorem ipsum dolor sit amet, consectetur adipiscing elit. Sed do eiusmod tempor incididunt ut labore et dolore magna aliqua. Ut enim ad minim veniam, quis nostrud exercitation ullamco laboris.",draft,,author_016,author_016@example.com,author,Travel|Marketing|Health,javascript,,,,User 019,user019@example.com,Thanks for sharing this.
p_0053,Building Production-Ready Django Apps,django-0053,"Lorem ipsum dolor sit amet, consectetur adipiscing elit. Sed do eiusmod tempor incididunt ut labore et dolore magna aliqua. Ut enim ad minim veniam, quis nostrud exercitation ullamco laboris.",draft,,author_016,author_016@example.com,author,Travel|Marketing|Health,javascript,,,,User 017,user017@example.com,This is exactly what I was looking for.
p_0054,Redis for Beginners,redis-0054,"Lorem ipsum dolor sit amet, consectetur adipiscing elit. Sed do eiusmod tempor incididunt ut labore et dolore magna aliqua. Ut enim ad minim veniam, quis nostrud exercitation ullamco laboris.Lorem ipsum dolor sit amet, consectetur adipiscing elit. Sed do eiusmod tempor incididunt ut labore et dolore magna aliqua. Ut enim ad minim veniam, quis nostrud exercitation ullamco laboris.Lorem ipsum dolor sit amet, consectetur adipiscing elit. Sed do eiusmod tempor incididunt ut labore et dolore magna aliqua. Ut enim ad minim veniam, quis nostrud exercitation ullamco laboris.",published,2025-05-20T14:54:09.861453,author_017,author_017@example.com,author,Marketing|Health|Education,agile,,,,User 093,user093@example.com,"Very insightful, looking forward to more."
p_0054,Redis for Beginners,redis-0054,"Lorem ipsum dolor sit amet, consectetur adipiscing elit. Sed do eiusmod tempor incididunt ut labore et dolore magna aliqua. Ut enim ad minim veniam, quis nostrud exercitation ullamco laboris.Lorem ipsum dolor sit amet, consectetur adipiscing elit. Sed do eiusmod tempor incididunt ut labore et dolore magna aliqua. Ut enim ad minim veniam, quis nostrud exercitation ullamco laboris.Lorem ipsum dolor sit amet, consectetur adipiscing elit. Sed do eiusmod tempor incididunt ut labore et dolore magna aliqua. Ut enim ad minim veniam, quis nostrud exercitation ullamco laboris.",published,2025-05-20T14:54:09.861453,author_017,author_017@example.com,author,Marketing|Health|Education,agile,,,,User 056,user056@example.com,Just tried this approach -- it works.
p_0054,Redis for Beginners,redis-0054,"Lorem ipsum dolor sit amet, consectetur adipiscing elit. Sed do eiusmod tempor incididunt ut labore et dolore magna aliqua. Ut enim ad minim veniam, quis nostrud exercitation ullamco laboris.Lorem ipsum dolor sit amet, consectetur adipiscing elit. Sed do eiusmod tempor incididunt ut labore et dolore magna aliqua. Ut enim ad minim veniam, quis nostrud exercitation ullamco laboris.Lorem ipsum dolor sit amet, consectetur adipiscing elit. Sed do eiusmod tempor incididunt ut labore et dolore magna aliqua. Ut enim ad minim veniam, quis nostrud exercitation ullamco laboris.",published,2025-05-20T14:54:09.861453,author_017,author_017@example.com,author,Marketing|Health|Education,agile,,,,User 030,user030@example.com,Bookmarked for later reference.
p_0054,Redis for Beginners,redis-0054,"Lorem ipsum dolor sit amet, consectetur adipiscing elit. Sed do eiusmod tempor incididunt ut labore et dolore magna aliqua. Ut enim ad minim veniam, quis nostrud exercitation ullamco laboris.Lorem ipsum dolor sit amet, consectetur adipiscing elit. Sed do eiusmod tempor incididunt ut labore et dolore magna aliqua. Ut enim ad minim veniam, quis nostrud exercitation ullamco laboris.Lorem ipsum dolor sit amet, consectetur adipiscing elit. Sed do eiusmod tempor incididunt ut labore et dolore magna aliqua. Ut enim ad minim veniam, quis nostrud exercitation ullamco laboris.",published,2025-05-20T14:54:09.861453,author_017,author_017@example.com,author,Marketing|Health|Education,agile,,,,User 044,user044@example.com,Just tried this approach -- it works.
p_0054,Redis for Beginners,redis-0054,"Lorem ipsum dolor sit amet, consectetur adipiscing elit. Sed do eiusmod tempor incididunt ut labore et dolore magna aliqua. Ut enim ad minim veniam, quis nostrud exercitation ullamco laboris.Lorem ipsum dolor sit amet, consectetur adipiscing elit. Sed do eiusmod tempor incididunt ut labore et dolore magna aliqua. Ut enim ad minim veniam, quis nostrud exercitation ullamco laboris.Lorem ipsum dolor sit amet, consectetur adipiscing elit. Sed do eiusmod tempor incididunt ut labore et dolore magna aliqua. Ut enim ad minim veniam, quis nostrud exercitation ullamco laboris.",published,2025-05-20T14:54:09.861453,author_017,author_017@example.com,author,Marketing|Health|Education,agile,,,,User 052,user052@example.com,Bookmarked for later reference.
p_0054,Redis for Beginners,redis-0054,"Lorem ipsum dolor sit amet, consectetur adipiscing elit. Sed do eiusmod tempor incididunt ut labore et dolore magna aliqua. Ut enim ad minim veniam, quis nostrud exercitation ullamco laboris.Lorem ipsum dolor sit amet, consectetur adipiscing elit. Sed do eiusmod tempor incididunt ut labore et dolore magna aliqua. Ut enim ad minim veniam, quis nostrud exercitation ullamco laboris.Lorem ipsum dolor sit amet, consectetur adipiscing elit. Sed do eiusmod tempor incididunt ut labore et dolore magna aliqua. Ut enim ad minim veniam, quis nostrud exercitation ullamco laboris.",published,2025-05-20T14:54:09.861453,author_017,author_017@example.com,author,Marketing|Health|Education,agile,,,,User 094,user094@example.com,Thanks for sharing this.
p_0054,Redis for Beginners,redis-0054,"Lorem ipsum dolor sit amet, consectetur adipiscing elit. Sed do eiusmod tempor incididunt ut labore et dolore magna aliqua. Ut enim ad minim veniam, quis nostrud exercitation ullamco laboris.Lorem ipsum dolor sit amet, consectetur adipiscing elit. Sed do eiusmod tempor incididunt ut labore et dolore magna aliqua. Ut enim ad minim veniam, quis nostrud exercitation ullamco laboris.Lorem ipsum dolor sit amet, consectetur adipiscing elit. Sed do eiusmod tempor incididunt ut labore et dolore magna aliqua. Ut enim ad minim veniam, quis nostrud exercitation ullamco laboris.",published,2025-05-20T14:54:09.861453,author_017,author_017@example.com,author,Marketing|Health|Education,agile,,,,User 041,user041@example.com,Bookmarked for later reference.
p_0055,10 Tips for Mastering Docker,docker-0055,"Lorem ipsum dolor sit amet, consectetur adipiscing elit. Sed do eiusmod tempor incididunt ut labore et dolore magna aliqua. Ut enim ad minim veniam, quis nostrud exercitation ullamco laboris.Lorem ipsum dolor sit amet, consectetur adipiscing elit. Sed do eiusmod tempor incididunt ut labore et dolore magna aliqua. Ut enim ad minim veniam, quis nostrud exercitation ullamco laboris.",published,2026-03-02T14:54:09.861478,author_011,author_011@example.com,contributor,Programming,fastapi,image_0047.png,/uploads/image_0047.png,image/png,User 017,user017@example.com,Nice writeup. Subscribed.
p_0055,10 Tips for Mastering Docker,docker-0055,"Lorem ipsum dolor sit amet, consectetur adipiscing elit. Sed do eiusmod tempor incididunt ut labore et dolore magna aliqua. Ut enim ad minim veniam, quis nostrud exercitation ullamco laboris.Lorem ipsum dolor sit amet, consectetur adipiscing elit. Sed do eiusmod tempor incididunt ut labore et dolore magna aliqua. Ut enim ad minim veniam, quis nostrud exercitation ullamco laboris.",published,2026-03-02T14:54:09.861478,author_011,author_011@example.com,contributor,Programming,fastapi,image_0047.png,/uploads/image_0047.png,image/png,User 008,user008@example.com,I had a similar experience recently.
p_0055,10 Tips for Mastering Docker,docker-0055,"Lorem ipsum dolor sit amet, consectetur adipiscing elit. Sed do eiusmod tempor incididunt ut labore et dolore magna aliqua. Ut enim ad minim veniam, quis nostrud exercitation ullamco laboris.Lorem ipsum dolor sit amet, consectetur adipiscing elit. Sed do eiusmod tempor incididunt ut labore et dolore magna aliqua. Ut enim ad minim veniam, quis nostrud exercitation ullamco laboris.",published,2026-03-02T14:54:09.861478,author_011,author_011@example.com,contributor,Programming,fastapi,image_0047.png,/uploads/image_0047.png,image/png,User 072,user072@example.com,Nice writeup. Subscribed.
p_0055,10 Tips for Mastering Docker,docker-0055,"Lorem ipsum dolor sit amet, consectetur adipiscing elit. Sed do eiusmod tempor incididunt ut labore et dolore magna aliqua. Ut enim ad minim veniam, quis nostrud exercitation ullamco laboris.Lorem ipsum dolor sit amet, consectetur adipiscing elit. Sed do eiusmod tempor incididunt ut labore et dolore magna aliqua. Ut enim ad minim veniam, quis nostrud exercitation ullamco laboris.",published,2026-03-02T14:54:09.861478,author_011,author_011@example.com,contributor,Programming,fastapi,image_0047.png,/uploads/image_0047.png,image/png,User 043,user043@example.com,Thanks for sharing this.
p_0055,10 Tips for Mastering Docker,docker-0055,"Lorem ipsum dolor sit amet, consectetur adipiscing elit. Sed do eiusmod tempor incididunt ut labore et dolore magna aliqua. Ut enim ad minim veniam, quis nostrud exercitation ullamco laboris.Lorem ipsum dolor sit amet, consectetur adipiscing elit. Sed do eiusmod tempor incididunt ut labore et dolore magna aliqua. Ut enim ad minim veniam, quis nostrud exercitation ullamco laboris.",published,2026-03-02T14:54:09.861478,author_011,author_011@example.com,contributor,Programming,fastapi,image_0047.png,/uploads/image_0047.png,image/png,User 053,user053@example.com,Could you elaborate on the second part?
p_0056,Graphql vs Alternatives,graphql-0056,"Lorem ipsum dolor sit amet, consectetur adipiscing elit. Sed do eiusmod tempor incididunt ut labore et dolore magna aliqua. Ut enim ad minim veniam, quis nostrud exercitation ullamco laboris.Lorem ipsum dolor sit amet, consectetur adipiscing elit. Sed do eiusmod tempor incididunt ut labore et dolore magna aliqua. Ut enim ad minim veniam, quis nostrud exercitation ullamco laboris.",published,2025-12-23T14:54:09.861506,author_001,author_001@example.com,author,Photography,flask|github,image_0006.webp,/uploads/image_0006.webp,image/webp,User 072,user072@example.com,Could you elaborate on the second part?
p_0056,Graphql vs Alternatives,graphql-0056,"Lorem ipsum dolor sit amet, consectetur adipiscing elit. Sed do eiusmod tempor incididunt ut labore et dolore magna aliqua. Ut enim ad minim veniam, quis nostrud exercitation ullamco laboris.Lorem ipsum dolor sit amet, consectetur adipiscing elit. Sed do eiusmod tempor incididunt ut labore et dolore magna aliqua. Ut enim ad minim veniam, quis nostrud exercitation ullamco laboris.",published,2025-12-23T14:54:09.861506,author_001,author_001@example.com,author,Photography,flask|github,image_0006.webp,/uploads/image_0006.webp,image/webp,User 015,user015@example.com,This is exactly what I was looking for.
p_0056,Graphql vs Alternatives,graphql-0056,"Lorem ipsum dolor sit amet, consectetur adipiscing elit. Sed do eiusmod tempor incididunt ut labore et dolore magna aliqua. Ut enim ad minim veniam, quis nostrud exercitation ullamco laboris.Lorem ipsum dolor sit amet, consectetur adipiscing elit. Sed do eiusmod tempor incididunt ut labore et dolore magna aliqua. Ut enim ad minim veniam, quis nostrud exercitation ullamco laboris.",published,2025-12-23T14:54:09.861506,author_001,author_001@example.com,author,Photography,flask|github,image_0006.webp,/uploads/image_0006.webp,image/webp,User 074,user074@example.com,"Very insightful, looking forward to more."
p_0056,Graphql vs Alternatives,graphql-0056,"Lorem ipsum dolor sit amet, consectetur adipiscing elit. Sed do eiusmod tempor incididunt ut labore et dolore magna aliqua. Ut enim ad minim veniam, quis nostrud exercitation ullamco laboris.Lorem ipsum dolor sit amet, consectetur adipiscing elit. Sed do eiusmod tempor incididunt ut labore et dolore magna aliqua. Ut enim ad minim veniam, quis nostrud exercitation ullamco laboris.",published,2025-12-23T14:54:09.861506,author_001,author_001@example.com,author,Photography,flask|github,image_0006.webp,/uploads/image_0006.webp,image/webp,User 055,user055@example.com,Nice writeup. Subscribed.
p_0056,Graphql vs Alternatives,graphql-0056,"Lorem ipsum dolor sit amet, consectetur adipiscing elit. Sed do eiusmod tempor incididunt ut labore et dolore magna aliqua. Ut enim ad minim veniam, quis nostrud exercitation ullamco laboris.Lorem ipsum dolor sit amet, consectetur adipiscing elit. Sed do eiusmod tempor incididunt ut labore et dolore magna aliqua. Ut enim ad minim veniam, quis nostrud exercitation ullamco laboris.",published,2025-12-23T14:54:09.861506,author_001,author_001@example.com,author,Photography,flask|github,image_0006.webp,/uploads/image_0006.webp,image/webp,User 099,user099@example.com,I had a similar experience recently.
p_0057,The Future of Redis,redis-0057,"Lorem ipsum dolor sit amet, consectetur adipiscing elit. Sed do eiusmod tempor incididunt ut labore et dolore magna aliqua. Ut enim ad minim veniam, quis nostrud exercitation ullamco laboris.Lorem ipsum dolor sit amet, consectetur adipiscing elit. Sed do eiusmod tempor incididunt ut labore et dolore magna aliqua. Ut enim ad minim veniam, quis nostrud exercitation ullamco laboris.Lorem ipsum dolor sit amet, consectetur adipiscing elit. Sed do eiusmod tempor incididunt ut labore et dolore magna aliqua. Ut enim ad minim veniam, quis nostrud exercitation ullamco laboris.",draft,,author_000,author_000@example.com,contributor,Technology|Web Development,ci-cd|tdd|html,,,,User 001,user001@example.com,I disagree with point 3 -- here's why...
p_0057,The Future of Redis,redis-0057,"Lorem ipsum dolor sit amet, consectetur adipiscing elit. Sed do eiusmod tempor incididunt ut labore et dolore magna aliqua. Ut enim ad minim veniam, quis nostrud exercitation ullamco laboris.Lorem ipsum dolor sit amet, consectetur adipiscing elit. Sed do eiusmod tempor incididunt ut labore et dolore magna aliqua. Ut enim ad minim veniam, quis nostrud exercitation ullamco laboris.Lorem ipsum dolor sit amet, consectetur adipiscing elit. Sed do eiusmod tempor incididunt ut labore et dolore magna aliqua. Ut enim ad minim veniam, quis nostrud exercitation ullamco laboris.",draft,,author_000,author_000@example.com,contributor,Technology|Web Development,ci-cd|tdd|html,,,,User 019,user019@example.com,I had a similar experience recently.
p_0057,The Future of Redis,redis-0057,"Lorem ipsum dolor sit amet, consectetur adipiscing elit. Sed do eiusmod tempor incididunt ut labore et dolore magna aliqua. Ut enim ad minim veniam, quis nostrud exercitation ullamco laboris.Lorem ipsum dolor sit amet, consectetur adipiscing elit. Sed do eiusmod tempor incididunt ut labore et dolore magna aliqua. Ut enim ad minim veniam, quis nostrud exercitation ullamco laboris.Lorem ipsum dolor sit amet, consectetur adipiscing elit. Sed do eiusmod tempor incididunt ut labore et dolore magna aliqua. Ut enim ad minim veniam, quis nostrud exercitation ullamco laboris.",draft,,author_000,author_000@example.com,contributor,Technology|Web Development,ci-cd|tdd|html,,,,User 085,user085@example.com,Bookmarked for later reference.
p_0057,The Future of Redis,redis-0057,"Lorem ipsum dolor sit amet, consectetur adipiscing elit. Sed do eiusmod tempor incididunt ut labore et dolore magna aliqua. Ut enim ad minim veniam, quis nostrud exercitation ullamco laboris.Lorem ipsum dolor sit amet, consectetur adipiscing elit. Sed do eiusmod tempor incididunt ut labore et dolore magna aliqua. Ut enim ad minim veniam, quis nostrud exercitation ullamco laboris.Lorem ipsum dolor sit amet, consectetur adipiscing elit. Sed do eiusmod tempor incididunt ut labore et dolore magna aliqua. Ut enim ad minim veniam, quis nostrud exercitation ullamco laboris.",draft,,author_000,author_000@example.com,contributor,Technology|Web Development,ci-cd|tdd|html,,,,User 009,user009@example.com,I disagree with point 3 -- here's why...
p_0057,The Future of Redis,redis-0057,"Lorem ipsum dolor sit amet, consectetur adipiscing elit. Sed do eiusmod tempor incididunt ut labore et dolore magna aliqua. Ut enim ad minim veniam, quis nostrud exercitation ullamco laboris.Lorem ipsum dolor sit amet, consectetur adipiscing elit. Sed do eiusmod tempor incididunt ut labore et dolore magna aliqua. Ut enim ad minim veniam, quis nostrud exercitation ullamco laboris.Lorem ipsum dolor sit amet, consectetur adipiscing elit. Sed do eiusmod tempor incididunt ut labore et dolore magna aliqua. Ut enim ad minim veniam, quis nostrud exercitation ullamco laboris.",draft,,author_000,author_000@example.com,contributor,Technology|Web Development,ci-cd|tdd|html,,,,User 095,user095@example.com,Great post! Really helpful.
p_0058,The Future of Fastapi,fastapi-0058,"Lorem ipsum dolor sit amet, consectetur adipiscing elit. Sed do eiusmod tempor incididunt ut labore et dolore magna aliqua. Ut enim ad minim veniam, quis nostrud exercitation ullamco laboris.Lorem ipsum dolor sit amet, consectetur adipiscing elit. Sed do eiusmod tempor incididunt ut labore et dolore magna aliqua. Ut enim ad minim veniam, quis nostrud exercitation ullamco laboris.",published,2025-11-08T14:54:09.861558,author_006,author_006@example.com,author,Business,testing|docker|tdd,,,,User 011,user011@example.com,Great post! Really helpful.
p_0058,The Future of Fastapi,fastapi-0058,"Lorem ipsum dolor sit amet, consectetur adipiscing elit. Sed do eiusmod tempor incididunt ut labore et dolore magna aliqua. Ut enim ad minim veniam, quis nostrud exercitation ullamco laboris.Lorem ipsum dolor sit amet, consectetur adipiscing elit. Sed do eiusmod tempor incididunt ut labore et dolore magna aliqua. Ut enim ad minim veniam, quis nostrud exercitation ullamco laboris.",published,2025-11-08T14:54:09.861558,author_006,author_006@example.com,author,Business,testing|docker|tdd,,,,User 020,user020@example.com,I disagree with point 3 -- here's why...
p_0058,The Future of Fastapi,fastapi-0058,"Lorem ipsum dolor sit amet, consectetur adipiscing elit. Sed do eiusmod tempor incididunt ut labore et dolore magna aliqua. Ut enim ad minim veniam, quis nostrud exercitation ullamco laboris.Lorem ipsum dolor sit amet, consectetur adipiscing elit. Sed do eiusmod tempor incididunt ut labore et dolore magna aliqua. Ut enim ad minim veniam, quis nostrud exercitation ullamco laboris.",published,2025-11-08T14:54:09.861558,author_006,author_006@example.com,author,Business,testing|docker|tdd,,,,User 097,user097@example.com,I had a similar experience recently.
p_0058,The Future of Fastapi,fastapi-0058,"Lorem ipsum dolor sit amet, consectetur adipiscing elit. Sed do eiusmod tempor incididunt ut labore et dolore magna aliqua. Ut enim ad minim veniam, quis nostrud exercitation ullamco laboris.Lorem ipsum dolor sit amet, consectetur adipiscing elit. Sed do eiusmod tempor incididunt ut labore et dolore magna aliqua. Ut enim ad minim veniam, quis nostrud exercitation ullamco laboris.",published,2025-11-08T14:54:09.861558,author_006,author_006@example.com,author,Business,testing|docker|tdd,,,,User 007,user007@example.com,Thanks for sharing this.
p_0058,The Future of Fastapi,fastapi-0058,"Lorem ipsum dolor sit amet, consectetur adipiscing elit. Sed do eiusmod tempor incididunt ut labore et dolore magna aliqua. Ut enim ad minim veniam, quis nostrud exercitation ullamco laboris.Lorem ipsum dolor sit amet, consectetur adipiscing elit. Sed do eiusmod tempor incididunt ut labore et dolore magna aliqua. Ut enim ad minim veniam, quis nostrud exercitation ullamco laboris.",published,2025-11-08T14:54:09.861558,author_006,author_006@example.com,author,Business,testing|docker|tdd,,,,User 035,user035@example.com,Just tried this approach -- it works.
p_0058,The Future of Fastapi,fastapi-0058,"Lorem ipsum dolor sit amet, consectetur adipiscing elit. Sed do eiusmod tempor incididunt ut labore et dolore magna aliqua. Ut enim ad minim veniam, quis nostrud exercitation ullamco laboris.Lorem ipsum dolor sit amet, consectetur adipiscing elit. Sed do eiusmod tempor incididunt ut labore et dolore magna aliqua. Ut enim ad minim veniam, quis nostrud exercitation ullamco laboris.",published,2025-11-08T14:54:09.861558,author_006,author_006@example.com,author,Business,testing|docker|tdd,,,,User 085,user085@example.com,Bookmarked for later reference.
p_0058,The Future of Fastapi,fastapi-0058,"Lorem ipsum dolor sit amet, consectetur adipiscing elit. Sed do eiusmod tempor incididunt ut labore et dolore magna aliqua. Ut enim ad minim veniam, quis nostrud exercitation ullamco laboris.Lorem ipsum dolor sit amet, consectetur adipiscing elit. Sed do eiusmod tempor incididunt ut labore et dolore magna aliqua. Ut enim ad minim veniam, quis nostrud exercitation ullamco laboris.",published,2025-11-08T14:54:09.861558,author_006,author_006@example.com,author,Business,testing|docker|tdd,,,,User 063,user063@example.com,I had a similar experience recently.
p_0059,Gcp vs Alternatives,gcp-0059,"Lorem ipsum dolor sit amet, consectetur adipiscing elit. Sed do eiusmod tempor incididunt ut labore et dolore magna aliqua. Ut enim ad minim veniam, quis nostrud exercitation ullamco laboris.",draft,,author_008,author_008@example.com,contributor,Education|Programming,github|postgresql|sql,image_0019.webp,/uploads/image_0019.webp,image/webp,User 029,user029@example.com,Bookmarked for later reference.
p_0059,Gcp vs Alternatives,gcp-0059,"Lorem ipsum dolor sit amet, consectetur adipiscing elit. Sed do eiusmod tempor incididunt ut labore et dolore magna aliqua. Ut enim ad minim veniam, quis nostrud exercitation ullamco laboris.",draft,,author_008,author_008@example.com,contributor,Education|Programming,github|postgresql|sql,image_0019.webp,/uploads/image_0019.webp,image/webp,User 077,user077@example.com,Great post! Really helpful.
p_0059,Gcp vs Alternatives,gcp-0059,"Lorem ipsum dolor sit amet, consectetur adipiscing elit. Sed do eiusmod tempor incididunt ut labore et dolore magna aliqua. Ut enim ad minim veniam, quis nostrud exercitation ullamco laboris.",draft,,author_008,author_008@example.com,contributor,Education|Programming,github|postgresql|sql,image_0019.webp,/uploads/image_0019.webp,image/webp,User 001,user001@example.com,"Very insightful, looking forward to more."
p_0060,Deep Dive into Html,html-0060,"Lorem ipsum dolor sit amet, consectetur adipiscing elit. Sed do eiusmod tempor incididunt ut labore et dolore magna aliqua. Ut enim ad minim veniam, quis nostrud exercitation ullamco laboris.",published,2026-01-09T14:54:09.861600,author_004,author_004@example.com,editor,Health,react|flask|aws|mongodb,,,,User 072,user072@example.com,Could you elaborate on the second part?
p_0060,Deep Dive into Html,html-0060,"Lorem ipsum dolor sit amet, consectetur adipiscing elit. Sed do eiusmod tempor incididunt ut labore et dolore magna aliqua. Ut enim ad minim veniam, quis nostrud exercitation ullamco laboris.",published,2026-01-09T14:54:09.861600,author_004,author_004@example.com,editor,Health,react|flask|aws|mongodb,,,,User 010,user010@example.com,Bookmarked for later reference.
p_0060,Deep Dive into Html,html-0060,"Lorem ipsum dolor sit amet, consectetur adipiscing elit. Sed do eiusmod tempor incididunt ut labore et dolore magna aliqua. Ut enim ad minim veniam, quis nostrud exercitation ullamco laboris.",published,2026-01-09T14:54:09.861600,author_004,author_004@example.com,editor,Health,react|flask|aws|mongodb,,,,User 095,user095@example.com,Great post! Really helpful.
p_0060,Deep Dive into Html,html-0060,"Lorem ipsum dolor sit amet, consectetur adipiscing elit. Sed do eiusmod tempor incididunt ut labore et dolore magna aliqua. Ut enim ad minim veniam, quis nostrud exercitation ullamco laboris.",published,2026-01-09T14:54:09.861600,author_004,author_004@example.com,editor,Health,react|flask|aws|mongodb,,,,User 056,user056@example.com,Great post! Really helpful.
p_0060,Deep Dive into Html,html-0060,"Lorem ipsum dolor sit amet, consectetur adipiscing elit. Sed do eiusmod tempor incididunt ut labore et dolore magna aliqua. Ut enim ad minim veniam, quis nostrud exercitation ullamco laboris.",published,2026-01-09T14:54:09.861600,author_004,author_004@example.com,editor,Health,react|flask|aws|mongodb,,,,User 059,user059@example.com,Thanks for sharing this.
p_0060,Deep Dive into Html,html-0060,"Lorem ipsum dolor sit amet, consectetur adipiscing elit. Sed do eiusmod tempor incididunt ut labore et dolore magna aliqua. Ut enim ad minim veniam, quis nostrud exercitation ullamco laboris.",published,2026-01-09T14:54:09.861600,author_004,author_004@example.com,editor,Health,react|flask|aws|mongodb,,,,User 041,user041@example.com,I had a similar experience recently.
p_0060,Deep Dive into Html,html-0060,"Lorem ipsum dolor sit amet, consectetur adipiscing elit. Sed do eiusmod tempor incididunt ut labore et dolore magna aliqua. Ut enim ad minim veniam, quis nostrud exercitation ullamco laboris.",published,2026-01-09T14:54:09.861600,author_004,author_004@example.com,editor,Health,react|flask|aws|mongodb,,,,User 055,user055@example.com,I had a similar experience recently.
p_0061,Aws vs Alternatives,aws-0061,"Lorem ipsum dolor sit amet, consectetur adipiscing elit. Sed do eiusmod tempor incididunt ut labore et dolore magna aliqua. Ut enim ad minim veniam, quis nostrud exercitation ullamco laboris.Lorem ipsum dolor sit amet, consectetur adipiscing elit. Sed do eiusmod tempor incididunt ut labore et dolore magna aliqua. Ut enim ad minim veniam, quis nostrud exercitation ullamco laboris.",published,2026-03-22T14:54:09.861623,author_009,author_009@example.com,author,Photography,rest-api|ci-cd|devops|kubernetes,image_0006.webp,/uploads/image_0006.webp,image/webp,User 056,user056@example.com,I had a similar experience recently.
p_0061,Aws vs Alternatives,aws-0061,"Lorem ipsum dolor sit amet, consectetur adipiscing elit. Sed do eiusmod tempor incididunt ut labore et dolore magna aliqua. Ut enim ad minim veniam, quis nostrud exercitation ullamco laboris.Lorem ipsum dolor sit amet, consectetur adipiscing elit. Sed do eiusmod tempor incididunt ut labore et dolore magna aliqua. Ut enim ad minim veniam, quis nostrud exercitation ullamco laboris.",published,2026-03-22T14:54:09.861623,author_009,author_009@example.com,author,Photography,rest-api|ci-cd|devops|kubernetes,image_0006.webp,/uploads/image_0006.webp,image/webp,User 052,user052@example.com,Nice writeup. Subscribed.
p_0061,Aws vs Alternatives,aws-0061,"Lorem ipsum dolor sit amet, consectetur adipiscing elit. Sed do eiusmod tempor incididunt ut labore et dolore magna aliqua. Ut enim ad minim veniam, quis nostrud exercitation ullamco laboris.Lorem ipsum dolor sit amet, consectetur adipiscing elit. Sed do eiusmod tempor incididunt ut labore et dolore magna aliqua. Ut enim ad minim veniam, quis nostrud exercitation ullamco laboris.",published,2026-03-22T14:54:09.861623,author_009,author_009@example.com,author,Photography,rest-api|ci-cd|devops|kubernetes,image_0006.webp,/uploads/image_0006.webp,image/webp,User 011,user011@example.com,Bookmarked for later reference.
p_0061,Aws vs Alternatives,aws-0061,"Lorem ipsum dolor sit amet, consectetur adipiscing elit. Sed do eiusmod tempor incididunt ut labore et dolore magna aliqua. Ut enim ad minim veniam, quis nostrud exercitation ullamco laboris.Lorem ipsum dolor sit amet, consectetur adipiscing elit. Sed do eiusmod tempor incididunt ut labore et dolore magna aliqua. Ut enim ad minim veniam, quis nostrud exercitation ullamco laboris.",published,2026-03-22T14:54:09.861623,author_009,author_009@example.com,author,Photography,rest-api|ci-cd|devops|kubernetes,image_0006.webp,/uploads/image_0006.webp,image/webp,User 040,user040@example.com,Could you elaborate on the second part?
p_0062,Common Mistakes in Nodejs,nodejs-0062,"Lorem ipsum dolor sit amet, consectetur adipiscing elit. Sed do eiusmod tempor incididunt ut labore et dolore magna aliqua. Ut enim ad minim veniam, quis nostrud exercitation ullamco laboris.",published,2026-04-10T14:54:09.861645,author_005,author_005@example.com,author,Travel|Design|Business,testing|rest-api|git,,,,User 014,user014@example.com,I disagree with point 3 -- here's why...
p_0062,Common Mistakes in Nodejs,nodejs-0062,"Lorem ipsum dolor sit amet, consectetur adipiscing elit. Sed do eiusmod tempor incididunt ut labore et dolore magna aliqua. Ut enim ad minim veniam, quis nostrud exercitation ullamco laboris.",published,2026-04-10T14:54:09.861645,author_005,author_005@example.com,author,Travel|Design|Business,testing|rest-api|git,,,,User 033,user033@example.com,"Very insightful, looking forward to more."
p_0062,Common Mistakes in Nodejs,nodejs-0062,"Lorem ipsum dolor sit amet, consectetur adipiscing elit. Sed do eiusmod tempor incididunt ut labore et dolore magna aliqua. Ut enim ad minim veniam, quis nostrud exercitation ullamco laboris.",published,2026-04-10T14:54:09.861645,author_005,author_005@example.com,author,Travel|Design|Business,testing|rest-api|git,,,,User 023,user023@example.com,I had a similar experience recently.
p_0062,Common Mistakes in Nodejs,nodejs-0062,"Lorem ipsum dolor sit amet, consectetur adipiscing elit. Sed do eiusmod tempor incididunt ut labore et dolore magna aliqua. Ut enim ad minim veniam, quis nostrud exercitation ullamco laboris.",published,2026-04-10T14:54:09.861645,author_005,author_005@example.com,author,Travel|Design|Business,testing|rest-api|git,,,,User 020,user020@example.com,Thanks for sharing this.
p_0063,Building Production-Ready React Apps,react-0063,"Lorem ipsum dolor sit amet, consectetur adipiscing elit. Sed do eiusmod tempor incididunt ut labore et dolore magna aliqua. Ut enim ad minim veniam, quis nostrud exercitation ullamco laboris.Lorem ipsum dolor sit amet, consectetur adipiscing elit. Sed do eiusmod tempor incididunt ut labore et dolore magna aliqua. Ut enim ad minim veniam, quis nostrud exercitation ullamco laboris.",draft,,author_014,author_014@example.com,contributor,Photography|Business|Travel,gcp|fastapi,image_0040.webp,/uploads/image_0040.webp,image/webp,User 036,user036@example.com,I had a similar experience recently.
p_0063,Building Production-Ready React Apps,react-0063,"Lorem ipsum dolor sit amet, consectetur adipiscing elit. Sed do eiusmod tempor incididunt ut labore et dolore magna aliqua. Ut enim ad minim veniam, quis nostrud exercitation ullamco laboris.Lorem ipsum dolor sit amet, consectetur adipiscing elit. Sed do eiusmod tempor incididunt ut labore et dolore magna aliqua. Ut enim ad minim veniam, quis nostrud exercitation ullamco laboris.",draft,,author_014,author_014@example.com,contributor,Photography|Business|Travel,gcp|fastapi,image_0040.webp,/uploads/image_0040.webp,image/webp,User 008,user008@example.com,Could you elaborate on the second part?
p_0063,Building Production-Ready React Apps,react-0063,"Lorem ipsum dolor sit amet, consectetur adipiscing elit. Sed do eiusmod tempor incididunt ut labore et dolore magna aliqua. Ut enim ad minim veniam, quis nostrud exercitation ullamco laboris.Lorem ipsum dolor sit amet, consectetur adipiscing elit. Sed do eiusmod tempor incididunt ut labore et dolore magna aliqua. Ut enim ad minim veniam, quis nostrud exercitation ullamco laboris.",draft,,author_014,author_014@example.com,contributor,Photography|Business|Travel,gcp|fastapi,image_0040.webp,/uploads/image_0040.webp,image/webp,User 065,user065@example.com,Thanks for sharing this.
p_0063,Building Production-Ready React Apps,react-0063,"Lorem ipsum dolor sit amet, consectetur adipiscing elit. Sed do eiusmod tempor incididunt ut labore et dolore magna aliqua. Ut enim ad minim veniam, quis nostrud exercitation ullamco laboris.Lorem ipsum dolor sit amet, consectetur adipiscing elit. Sed do eiusmod tempor incididunt ut labore et dolore magna aliqua. Ut enim ad minim veniam, quis nostrud exercitation ullamco laboris.",draft,,author_014,author_014@example.com,contributor,Photography|Business|Travel,gcp|fastapi,image_0040.webp,/uploads/image_0040.webp,image/webp,User 040,user040@example.com,Just tried this approach -- it works.
p_0063,Building Production-Ready React Apps,react-0063,"Lorem ipsum dolor sit amet, consectetur adipiscing elit. Sed do eiusmod tempor incididunt ut labore et dolore magna aliqua. Ut enim ad minim veniam, quis nostrud exercitation ullamco laboris.Lorem ipsum dolor sit amet, consectetur adipiscing elit. Sed do eiusmod tempor incididunt ut labore et dolore magna aliqua. Ut enim ad minim veniam, quis nostrud exercitation ullamco laboris.",draft,,author_014,author_014@example.com,contributor,Photography|Business|Travel,gcp|fastapi,image_0040.webp,/uploads/image_0040.webp,image/webp,User 058,user058@example.com,Great post! Really helpful.
p_0064,Common Mistakes in Javascript,javascript-0064,"Lorem ipsum dolor sit amet, consectetur adipiscing elit. Sed do eiusmod tempor incididunt ut labore et dolore magna aliqua. Ut enim ad minim veniam, quis nostrud exercitation ullamco laboris.",published,2026-04-10T14:54:09.861689,author_009,author_009@example.com,author,Photography|Travel|Education,postgresql|mongodb|agile|testing,,,,User 074,user074@example.com,"Very insightful, looking forward to more."
p_0064,Common Mistakes in Javascript,javascript-0064,"Lorem ipsum dolor sit amet, consectetur adipiscing elit. Sed do eiusmod tempor incididunt ut labore et dolore magna aliqua. Ut enim ad minim veniam, quis nostrud exercitation ullamco laboris.",published,2026-04-10T14:54:09.861689,author_009,author_009@example.com,author,Photography|Travel|Education,postgresql|mongodb|agile|testing,,,,User 042,user042@example.com,I had a similar experience recently.
p_0064,Common Mistakes in Javascript,javascript-0064,"Lorem ipsum dolor sit amet, consectetur adipiscing elit. Sed do eiusmod tempor incididunt ut labore et dolore magna aliqua. Ut enim ad minim veniam, quis nostrud exercitation ullamco laboris.",published,2026-04-10T14:54:09.861689,author_009,author_009@example.com,author,Photography|Travel|Education,postgresql|mongodb|agile|testing,,,,User 061,user061@example.com,Nice writeup. Subscribed.
p_0064,Common Mistakes in Javascript,javascript-0064,"Lorem ipsum dolor sit amet, consectetur adipiscing elit. Sed do eiusmod tempor incididunt ut labore et dolore magna aliqua. Ut enim ad minim veniam, quis nostrud exercitation ullamco laboris.",published,2026-04-10T14:54:09.861689,author_009,author_009@example.com,author,Photography|Travel|Education,postgresql|mongodb|agile|testing,,,,User 020,user020@example.com,Great post! Really helpful.
p_0064,Common Mistakes in Javascript,javascript-0064,"Lorem ipsum dolor sit amet, consectetur adipiscing elit. Sed do eiusmod tempor incididunt ut labore et dolore magna aliqua. Ut enim ad minim veniam, quis nostrud exercitation ullamco laboris.",published,2026-04-10T14:54:09.861689,author_009,author_009@example.com,author,Photography|Travel|Education,postgresql|mongodb|agile|testing,,,,User 058,user058@example.com,Thanks for sharing this.
p_0064,Common Mistakes in Javascript,javascript-0064,"Lorem ipsum dolor sit amet, consectetur adipiscing elit. Sed do eiusmod tempor incididunt ut labore et dolore magna aliqua. Ut enim ad minim veniam, quis nostrud exercitation ullamco laboris.",published,2026-04-10T14:54:09.861689,author_009,author_009@example.com,author,Photography|Travel|Education,postgresql|mongodb|agile|testing,,,,User 044,user044@example.com,Thanks for sharing this.
p_0065,Why Nosql Matters in 2024,nosql-0065,"Lorem ipsum dolor sit amet, consectetur adipiscing elit. Sed do eiusmod tempor incididunt ut labore et dolore magna aliqua. Ut enim ad minim veniam, quis nostrud exercitation ullamco laboris.Lorem ipsum dolor sit amet, consectetur adipiscing elit. Sed do eiusmod tempor incididunt ut labore et dolore magna aliqua. Ut enim ad minim veniam, quis nostrud exercitation ullamco laboris.",published,2026-01-13T14:54:09.861711,author_001,author_001@example.com,author,Travel|Web Development|Business,devops|html|aws,image_0021.webp,/uploads/image_0021.webp,image/webp,User 007,user007@example.com,Could you elaborate on the second part?
p_0065,Why Nosql Matters in 2024,nosql-0065,"Lorem ipsum dolor sit amet, consectetur adipiscing elit. Sed do eiusmod tempor incididunt ut labore et dolore magna aliqua. Ut enim ad minim veniam, quis nostrud exercitation ullamco laboris.Lorem ipsum dolor sit amet, consectetur adipiscing elit. Sed do eiusmod tempor incididunt ut labore et dolore magna aliqua. Ut enim ad minim veniam, quis nostrud exercitation ullamco laboris.",published,2026-01-13T14:54:09.861711,author_001,author_001@example.com,author,Travel|Web Development|Business,devops|html|aws,image_0021.webp,/uploads/image_0021.webp,image/webp,User 009,user009@example.com,Could you elaborate on the second part?
p_0065,Why Nosql Matters in 2024,nosql-0065,"Lorem ipsum dolor sit amet, consectetur adipiscing elit. Sed do eiusmod tempor incididunt ut labore et dolore magna aliqua. Ut enim ad minim veniam, quis nostrud exercitation ullamco laboris.Lorem ipsum dolor sit amet, consectetur adipiscing elit. Sed do eiusmod tempor incididunt ut labore et dolore magna aliqua. Ut enim ad minim veniam, quis nostrud exercitation ullamco laboris.",published,2026-01-13T14:54:09.861711,author_001,author_001@example.com,author,Travel|Web Development|Business,devops|html|aws,image_0021.webp,/uploads/image_0021.webp,image/webp,User 013,user013@example.com,Nice writeup. Subscribed.
p_0065,Why Nosql Matters in 2024,nosql-0065,"Lorem ipsum dolor sit amet, consectetur adipiscing elit. Sed do eiusmod tempor incididunt ut labore et dolore magna aliqua. Ut enim ad minim veniam, quis nostrud exercitation ullamco laboris.Lorem ipsum dolor sit amet, consectetur adipiscing elit. Sed do eiusmod tempor incididunt ut labore et dolore magna aliqua. Ut enim ad minim veniam, quis nostrud exercitation ullamco laboris.",published,2026-01-13T14:54:09.861711,author_001,author_001@example.com,author,Travel|Web Development|Business,devops|html|aws,image_0021.webp,/uploads/image_0021.webp,image/webp,User 087,user087@example.com,Bookmarked for later reference.
p_0065,Why Nosql Matters in 2024,nosql-0065,"Lorem ipsum dolor sit amet, consectetur adipiscing elit. Sed do eiusmod tempor incididunt ut labore et dolore magna aliqua. Ut enim ad minim veniam, quis nostrud exercitation ullamco laboris.Lorem ipsum dolor sit amet, consectetur adipiscing elit. Sed do eiusmod tempor incididunt ut labore et dolore magna aliqua. Ut enim ad minim veniam, quis nostrud exercitation ullamco laboris.",published,2026-01-13T14:54:09.861711,author_001,author_001@example.com,author,Travel|Web Development|Business,devops|html|aws,image_0021.webp,/uploads/image_0021.webp,image/webp,User 037,user037@example.com,This is exactly what I was looking for.
p_0065,Why Nosql Matters in 2024,nosql-0065,"Lorem ipsum dolor sit amet, consectetur adipiscing elit. Sed do eiusmod tempor incididunt ut labore et dolore magna aliqua. Ut enim ad minim veniam, quis nostrud exercitation ullamco laboris.Lorem ipsum dolor sit amet, consectetur adipiscing elit. Sed do eiusmod tempor incididunt ut labore et dolore magna aliqua. Ut enim ad minim veniam, quis nostrud exercitation ullamco laboris.",published,2026-01-13T14:54:09.861711,author_001,author_001@example.com,author,Travel|Web Development|Business,devops|html|aws,image_0021.webp,/uploads/image_0021.webp,image/webp,User 093,user093@example.com,I had a similar experience recently.
p_0065,Why Nosql Matters in 2024,nosql-0065,"Lorem ipsum dolor sit amet, consectetur adipiscing elit. Sed do eiusmod tempor incididunt ut labore et dolore magna aliqua. Ut enim ad minim veniam, quis nostrud exercitation ullamco laboris.Lorem ipsum dolor sit amet, consectetur adipiscing elit. Sed do eiusmod tempor incididunt ut labore et dolore magna aliqua. Ut enim ad minim veniam, quis nostrud exercitation ullamco laboris.",published,2026-01-13T14:54:09.861711,author_001,author_001@example.com,author,Travel|Web Development|Business,devops|html|aws,image_0021.webp,/uploads/image_0021.webp,image/webp,User 020,user020@example.com,Could you elaborate on the second part?
p_0066,Fastapi for Beginners,fastapi-0066,"Lorem ipsum dolor sit amet, consectetur adipiscing elit. Sed do eiusmod tempor incididunt ut labore et dolore magna aliqua. Ut enim ad minim veniam, quis nostrud exercitation ullamco laboris.Lorem ipsum dolor sit amet, consectetur adipiscing elit. Sed do eiusmod tempor incididunt ut labore et dolore magna aliqua. Ut enim ad minim veniam, quis nostrud exercitation ullamco laboris.Lorem ipsum dolor sit amet, consectetur adipiscing elit. Sed do eiusmod tempor incididunt ut labore et dolore magna aliqua. Ut enim ad minim veniam, quis nostrud exercitation ullamco laboris.",published,2025-11-21T14:54:09.861738,author_004,author_004@example.com,editor,Education|Web Development|Programming,mongodb|aws|git,,,,User 086,user086@example.com,Nice writeup. Subscribed.
p_0066,Fastapi for Beginners,fastapi-0066,"Lorem ipsum dolor sit amet, consectetur adipiscing elit. Sed do eiusmod tempor incididunt ut labore et dolore magna aliqua. Ut enim ad minim veniam, quis nostrud exercitation ullamco laboris.Lorem ipsum dolor sit amet, consectetur adipiscing elit. Sed do eiusmod tempor incididunt ut labore et dolore magna aliqua. Ut enim ad minim veniam, quis nostrud exercitation ullamco laboris.Lorem ipsum dolor sit amet, consectetur adipiscing elit. Sed do eiusmod tempor incididunt ut labore et dolore magna aliqua. Ut enim ad minim veniam, quis nostrud exercitation ullamco laboris.",published,2025-11-21T14:54:09.861738,author_004,author_004@example.com,editor,Education|Web Development|Programming,mongodb|aws|git,,,,User 012,user012@example.com,Bookmarked for later reference.
p_0066,Fastapi for Beginners,fastapi-0066,"Lorem ipsum dolor sit amet, consectetur adipiscing elit. Sed do eiusmod tempor incididunt ut labore et dolore magna aliqua. Ut enim ad minim veniam, quis nostrud exercitation ullamco laboris.Lorem ipsum dolor sit amet, consectetur adipiscing elit. Sed do eiusmod tempor incididunt ut labore et dolore magna aliqua. Ut enim ad minim veniam, quis nostrud exercitation ullamco laboris.Lorem ipsum dolor sit amet, consectetur adipiscing elit. Sed do eiusmod tempor incididunt ut labore et dolore magna aliqua. Ut enim ad minim veniam, quis nostrud exercitation ullamco laboris.",published,2025-11-21T14:54:09.861738,author_004,author_004@example.com,editor,Education|Web Development|Programming,mongodb|aws|git,,,,User 066,user066@example.com,Could you elaborate on the second part?
p_0066,Fastapi for Beginners,fastapi-0066,"Lorem ipsum dolor sit amet, consectetur adipiscing elit. Sed do eiusmod tempor incididunt ut labore et dolore magna aliqua. Ut enim ad minim veniam, quis nostrud exercitation ullamco laboris.Lorem ipsum dolor sit amet, consectetur adipiscing elit. Sed do eiusmod tempor incididunt ut labore et dolore magna aliqua. Ut enim ad minim veniam, quis nostrud exercitation ullamco laboris.Lorem ipsum dolor sit amet, consectetur adipiscing elit. Sed do eiusmod tempor incididunt ut labore et dolore magna aliqua. Ut enim ad minim veniam, quis nostrud exercitation ullamco laboris.",published,2025-11-21T14:54:09.861738,author_004,author_004@example.com,editor,Education|Web Development|Programming,mongodb|aws|git,,,,User 003,user003@example.com,Could you elaborate on the second part?
p_0067,Why Html Matters in 2024,html-0067,"Lorem ipsum dolor sit amet, consectetur adipiscing elit. Sed do eiusmod tempor incididunt ut labore et dolore magna aliqua. Ut enim ad minim veniam, quis nostrud exercitation ullamco laboris.Lorem ipsum dolor sit amet, consectetur adipiscing elit. Sed do eiusmod tempor incididunt ut labore et dolore magna aliqua. Ut enim ad minim veniam, quis nostrud exercitation ullamco laboris.",draft,,author_006,author_006@example.com,author,Design,flask|fastapi,image_0006.webp,/uploads/image_0006.webp,image/webp,User 099,user099@example.com,Nice writeup. Subscribed.
p_0067,Why Html Matters in 2024,html-0067,"Lorem ipsum dolor sit amet, consectetur adipiscing elit. Sed do eiusmod tempor incididunt ut labore et dolore magna aliqua. Ut enim ad minim veniam, quis nostrud exercitation ullamco laboris.Lorem ipsum dolor sit amet, consectetur adipiscing elit. Sed do eiusmod tempor incididunt ut labore et dolore magna aliqua. Ut enim ad minim veniam, quis nostrud exercitation ullamco laboris.",draft,,author_006,author_006@example.com,author,Design,flask|fastapi,image_0006.webp,/uploads/image_0006.webp,image/webp,User 095,user095@example.com,Nice writeup. Subscribed.
p_0067,Why Html Matters in 2024,html-0067,"Lorem ipsum dolor sit amet, consectetur adipiscing elit. Sed do eiusmod tempor incididunt ut labore et dolore magna aliqua. Ut enim ad minim veniam, quis nostrud exercitation ullamco laboris.Lorem ipsum dolor sit amet, consectetur adipiscing elit. Sed do eiusmod tempor incididunt ut labore et dolore magna aliqua. Ut enim ad minim veniam, quis nostrud exercitation ullamco laboris.",draft,,author_006,author_006@example.com,author,Design,flask|fastapi,image_0006.webp,/uploads/image_0006.webp,image/webp,User 005,user005@example.com,Could you elaborate on the second part?
p_0067,Why Html Matters in 2024,html-0067,"Lorem ipsum dolor sit amet, consectetur adipiscing elit. Sed do eiusmod tempor incididunt ut labore et dolore magna aliqua. Ut enim ad minim veniam, quis nostrud exercitation ullamco laboris.Lorem ipsum dolor sit amet, consectetur adipiscing elit. Sed do eiusmod tempor incididunt ut labore et dolore magna aliqua. Ut enim ad minim veniam, quis nostrud exercitation ullamco laboris.",draft,,author_006,author_006@example.com,author,Design,flask|fastapi,image_0006.webp,/uploads/image_0006.webp,image/webp,User 099,user099@example.com,I had a similar experience recently.
p_0067,Why Html Matters in 2024,html-0067,"Lorem ipsum dolor sit amet, consectetur adipiscing elit. Sed do eiusmod tempor incididunt ut labore et dolore magna aliqua. Ut enim ad minim veniam, quis nostrud exercitation ullamco laboris.Lorem ipsum dolor sit amet, consectetur adipiscing elit. Sed do eiusmod tempor incididunt ut labore et dolore magna aliqua. Ut enim ad minim veniam, quis nostrud exercitation ullamco laboris.",draft,,author_006,author_006@example.com,author,Design,flask|fastapi,image_0006.webp,/uploads/image_0006.webp,image/webp,User 017,user017@example.com,I had a similar experience recently.
p_0067,Why Html Matters in 2024,html-0067,"Lorem ipsum dolor sit amet, consectetur adipiscing elit. Sed do eiusmod tempor incididunt ut labore et dolore magna aliqua. Ut enim ad minim veniam, quis nostrud exercitation ullamco laboris.Lorem ipsum dolor sit amet, consectetur adipiscing elit. Sed do eiusmod tempor incididunt ut labore et dolore magna aliqua. Ut enim ad minim veniam, quis nostrud exercitation ullamco laboris.",draft,,author_006,author_006@example.com,author,Design,flask|fastapi,image_0006.webp,/uploads/image_0006.webp,image/webp,User 049,user049@example.com,I disagree with point 3 -- here's why...
p_0067,Why Html Matters in 2024,html-0067,"Lorem ipsum dolor sit amet, consectetur adipiscing elit. Sed do eiusmod tempor incididunt ut labore et dolore magna aliqua. Ut enim ad minim veniam, quis nostrud exercitation ullamco laboris.Lorem ipsum dolor sit amet, consectetur adipiscing elit. Sed do eiusmod tempor incididunt ut labore et dolore magna aliqua. Ut enim ad minim veniam, quis nostrud exercitation ullamco laboris.",draft,,author_006,author_006@example.com,author,Design,flask|fastapi,image_0006.webp,/uploads/image_0006.webp,image/webp,User 021,user021@example.com,I disagree with point 3 -- here's why...
p_0068,Rest Api for Beginners,rest-api-0068,"Lorem ipsum dolor sit amet, consectetur adipiscing elit. Sed do eiusmod tempor incididunt ut labore et dolore magna aliqua. Ut enim ad minim veniam, quis nostrud exercitation ullamco laboris.Lorem ipsum dolor sit amet, consectetur adipiscing elit. Sed do eiusmod tempor incididunt ut labore et dolore magna aliqua. Ut enim ad minim veniam, quis nostrud exercitation ullamco laboris.",published,2025-10-07T14:54:09.861780,author_005,author_005@example.com,author,Design|Health|Marketing,nodejs|mongodb|html|agile,,,,User 048,user048@example.com,I had a similar experience recently.
p_0068,Rest Api for Beginners,rest-api-0068,"Lorem ipsum dolor sit amet, consectetur adipiscing elit. Sed do eiusmod tempor incididunt ut labore et dolore magna aliqua. Ut enim ad minim veniam, quis nostrud exercitation ullamco laboris.Lorem ipsum dolor sit amet, consectetur adipiscing elit. Sed do eiusmod tempor incididunt ut labore et dolore magna aliqua. Ut enim ad minim veniam, quis nostrud exercitation ullamco laboris.",published,2025-10-07T14:54:09.861780,author_005,author_005@example.com,author,Design|Health|Marketing,nodejs|mongodb|html|agile,,,,User 057,user057@example.com,Just tried this approach -- it works.
p_0068,Rest Api for Beginners,rest-api-0068,"Lorem ipsum dolor sit amet, consectetur adipiscing elit. Sed do eiusmod tempor incididunt ut labore et dolore magna aliqua. Ut enim ad minim veniam, quis nostrud exercitation ullamco laboris.Lorem ipsum dolor sit amet, consectetur adipiscing elit. Sed do eiusmod tempor incididunt ut labore et dolore magna aliqua. Ut enim ad minim veniam, quis nostrud exercitation ullamco laboris.",published,2025-10-07T14:54:09.861780,author_005,author_005@example.com,author,Design|Health|Marketing,nodejs|mongodb|html|agile,,,,User 099,user099@example.com,This is exactly what I was looking for.
p_0068,Rest Api for Beginners,rest-api-0068,"Lorem ipsum dolor sit amet, consectetur adipiscing elit. Sed do eiusmod tempor incididunt ut labore et dolore magna aliqua. Ut enim ad minim veniam, quis nostrud exercitation ullamco laboris.Lorem ipsum dolor sit amet, consectetur adipiscing elit. Sed do eiusmod tempor incididunt ut labore et dolore magna aliqua. Ut enim ad minim veniam, quis nostrud exercitation ullamco laboris.",published,2025-10-07T14:54:09.861780,author_005,author_005@example.com,author,Design|Health|Marketing,nodejs|mongodb|html|agile,,,,User 100,user100@example.com,Bookmarked for later reference.
p_0069,The Future of Nosql,nosql-0069,"Lorem ipsum dolor sit amet, consectetur adipiscing elit. Sed do eiusmod tempor incididunt ut labore et dolore magna aliqua. Ut enim ad minim veniam, quis nostrud exercitation ullamco laboris.Lorem ipsum dolor sit amet, consectetur adipiscing elit. Sed do eiusmod tempor incididunt ut labore et dolore magna aliqua. Ut enim ad minim veniam, quis nostrud exercitation ullamco laboris.Lorem ipsum dolor sit amet, consectetur adipiscing elit. Sed do eiusmod tempor incididunt ut labore et dolore magna aliqua. Ut enim ad minim veniam, quis nostrud exercitation ullamco laboris.",draft,,author_013,author_013@example.com,author,Marketing,git,image_0023.gif,/uploads/image_0023.gif,image/gif,User 014,user014@example.com,Nice writeup. Subscribed.
p_0069,The Future of Nosql,nosql-0069,"Lorem ipsum dolor sit amet, consectetur adipiscing elit. Sed do eiusmod tempor incididunt ut labore et dolore magna aliqua. Ut enim ad minim veniam, quis nostrud exercitation ullamco laboris.Lorem ipsum dolor sit amet, consectetur adipiscing elit. Sed do eiusmod tempor incididunt ut labore et dolore magna aliqua. Ut enim ad minim veniam, quis nostrud exercitation ullamco laboris.Lorem ipsum dolor sit amet, consectetur adipiscing elit. Sed do eiusmod tempor incididunt ut labore et dolore magna aliqua. Ut enim ad minim veniam, quis nostrud exercitation ullamco laboris.",draft,,author_013,author_013@example.com,author,Marketing,git,image_0023.gif,/uploads/image_0023.gif,image/gif,User 016,user016@example.com,This is exactly what I was looking for.
p_0069,The Future of Nosql,nosql-0069,"Lorem ipsum dolor sit amet, consectetur adipiscing elit. Sed do eiusmod tempor incididunt ut labore et dolore magna aliqua. Ut enim ad minim veniam, quis nostrud exercitation ullamco laboris.Lorem ipsum dolor sit amet, consectetur adipiscing elit. Sed do eiusmod tempor incididunt ut labore et dolore magna aliqua. Ut enim ad minim veniam, quis nostrud exercitation ullamco laboris.Lorem ipsum dolor sit amet, consectetur adipiscing elit. Sed do eiusmod tempor incididunt ut labore et dolore magna aliqua. Ut enim ad minim veniam, quis nostrud exercitation ullamco laboris.",draft,,author_013,author_013@example.com,author,Marketing,git,image_0023.gif,/uploads/image_0023.gif,image/gif,User 011,user011@example.com,I disagree with point 3 -- here's why...
p_0069,The Future of Nosql,nosql-0069,"Lorem ipsum dolor sit amet, consectetur adipiscing elit. Sed do eiusmod tempor incididunt ut labore et dolore magna aliqua. Ut enim ad minim veniam, quis nostrud exercitation ullamco laboris.Lorem ipsum dolor sit amet, consectetur adipiscing elit. Sed do eiusmod tempor incididunt ut labore et dolore magna aliqua. Ut enim ad minim veniam, quis nostrud exercitation ullamco laboris.Lorem ipsum dolor sit amet, consectetur adipiscing elit. Sed do eiusmod tempor incididunt ut labore et dolore magna aliqua. Ut enim ad minim veniam, quis nostrud exercitation ullamco laboris.",draft,,author_013,author_013@example.com,author,Marketing,git,image_0023.gif,/uploads/image_0023.gif,image/gif,User 035,user035@example.com,Just tried this approach -- it works.
p_0069,The Future of Nosql,nosql-0069,"Lorem ipsum dolor sit amet, consectetur adipiscing elit. Sed do eiusmod tempor incididunt ut labore et dolore magna aliqua. Ut enim ad minim veniam, quis nostrud exercitation ullamco laboris.Lorem ipsum dolor sit amet, consectetur adipiscing elit. Sed do eiusmod tempor incididunt ut labore et dolore magna aliqua. Ut enim ad minim veniam, quis nostrud exercitation ullamco laboris.Lorem ipsum dolor sit amet, consectetur adipiscing elit. Sed do eiusmod tempor incididunt ut labore et dolore magna aliqua. Ut enim ad minim veniam, quis nostrud exercitation ullamco laboris.",draft,,author_013,author_013@example.com,author,Marketing,git,image_0023.gif,/uploads/image_0023.gif,image/gif,User 066,user066@example.com,I disagree with point 3 -- here's why...
p_0069,The Future of Nosql,nosql-0069,"Lorem ipsum dolor sit amet, consectetur adipiscing elit. Sed do eiusmod tempor incididunt ut labore et dolore magna aliqua. Ut enim ad minim veniam, quis nostrud exercitation ullamco laboris.Lorem ipsum dolor sit amet, consectetur adipiscing elit. Sed do eiusmod tempor incididunt ut labore et dolore magna aliqua. Ut enim ad minim veniam, quis nostrud exercitation ullamco laboris.Lorem ipsum dolor sit amet, consectetur adipiscing elit. Sed do eiusmod tempor incididunt ut labore et dolore magna aliqua. Ut enim ad minim veniam, quis nostrud exercitation ullamco laboris.",draft,,author_013,author_013@example.com,author,Marketing,git,image_0023.gif,/uploads/image_0023.gif,image/gif,User 056,user056@example.com,Thanks for sharing this.
p_0069,The Future of Nosql,nosql-0069,"Lorem ipsum dolor sit amet, consectetur adipiscing elit. Sed do eiusmod tempor incididunt ut labore et dolore magna aliqua. Ut enim ad minim veniam, quis nostrud exercitation ullamco laboris.Lorem ipsum dolor sit amet, consectetur adipiscing elit. Sed do eiusmod tempor incididunt ut labore et dolore magna aliqua. Ut enim ad minim veniam, quis nostrud exercitation ullamco laboris.Lorem ipsum dolor sit amet, consectetur adipiscing elit. Sed do eiusmod tempor incididunt ut labore et dolore magna aliqua. Ut enim ad minim veniam, quis nostrud exercitation ullamco laboris.",draft,,author_013,author_013@example.com,author,Marketing,git,image_0023.gif,/uploads/image_0023.gif,image/gif,User 029,user029@example.com,Just tried this approach -- it works.
p_0070,Common Mistakes in Microservices,microservices-0070,"Lorem ipsum dolor sit amet, consectetur adipiscing elit. Sed do eiusmod tempor incididunt ut labore et dolore magna aliqua. Ut enim ad minim veniam, quis nostrud exercitation ullamco laboris.Lorem ipsum dolor sit amet, consectetur adipiscing elit. Sed do eiusmod tempor incididunt ut labore et dolore magna aliqua. Ut enim ad minim veniam, quis nostrud exercitation ullamco laboris.Lorem ipsum dolor sit amet, consectetur adipiscing elit. Sed do eiusmod tempor incididunt ut labore et dolore magna aliqua. Ut enim ad minim veniam, quis nostrud exercitation ullamco laboris.",published,2025-10-19T14:54:09.861825,author_000,author_000@example.com,contributor,Design|Education,kubernetes,image_0020.webp,/uploads/image_0020.webp,image/webp,User 092,user092@example.com,Could you elaborate on the second part?
p_0070,Common Mistakes in Microservices,microservices-0070,"Lorem ipsum dolor sit amet, consectetur adipiscing elit. Sed do eiusmod tempor incididunt ut labore et dolore magna aliqua. Ut enim ad minim veniam, quis nostrud exercitation ullamco laboris.Lorem ipsum dolor sit amet, consectetur adipiscing elit. Sed do eiusmod tempor incididunt ut labore et dolore magna aliqua. Ut enim ad minim veniam, quis nostrud exercitation ullamco laboris.Lorem ipsum dolor sit amet, consectetur adipiscing elit. Sed do eiusmod tempor incididunt ut labore et dolore magna aliqua. Ut enim ad minim veniam, quis nostrud exercitation ullamco laboris.",published,2025-10-19T14:54:09.861825,author_000,author_000@example.com,contributor,Design|Education,kubernetes,image_0020.webp,/uploads/image_0020.webp,image/webp,User 019,user019@example.com,I disagree with point 3 -- here's why...
p_0070,Common Mistakes in Microservices,microservices-0070,"Lorem ipsum dolor sit amet, consectetur adipiscing elit. Sed do eiusmod tempor incididunt ut labore et dolore magna aliqua. Ut enim ad minim veniam, quis nostrud exercitation ullamco laboris.Lorem ipsum dolor sit amet, consectetur adipiscing elit. Sed do eiusmod tempor incididunt ut labore et dolore magna aliqua. Ut enim ad minim veniam, quis nostrud exercitation ullamco laboris.Lorem ipsum dolor sit amet, consectetur adipiscing elit. Sed do eiusmod tempor incididunt ut labore et dolore magna aliqua. Ut enim ad minim veniam, quis nostrud exercitation ullamco laboris.",published,2025-10-19T14:54:09.861825,author_000,author_000@example.com,contributor,Design|Education,kubernetes,image_0020.webp,/uploads/image_0020.webp,image/webp,User 005,user005@example.com,This is exactly what I was looking for.
p_0071,Building Production-Ready Devops Apps,devops-0071,"Lorem ipsum dolor sit amet, consectetur adipiscing elit. Sed do eiusmod tempor incididunt ut labore et dolore magna aliqua. Ut enim ad minim veniam, quis nostrud exercitation ullamco laboris.Lorem ipsum dolor sit amet, consectetur adipiscing elit. Sed do eiusmod tempor incididunt ut labore et dolore magna aliqua. Ut enim ad minim veniam, quis nostrud exercitation ullamco laboris.Lorem ipsum dolor sit amet, consectetur adipiscing elit. Sed do eiusmod tempor incididunt ut labore et dolore magna aliqua. Ut enim ad minim veniam, quis nostrud exercitation ullamco laboris.",published,2025-05-23T14:54:09.861847,author_004,author_004@example.com,editor,Programming,css,image_0009.gif,/uploads/image_0009.gif,image/gif,User 094,user094@example.com,I had a similar experience recently.
p_0071,Building Production-Ready Devops Apps,devops-0071,"Lorem ipsum dolor sit amet, consectetur adipiscing elit. Sed do eiusmod tempor incididunt ut labore et dolore magna aliqua. Ut enim ad minim veniam, quis nostrud exercitation ullamco laboris.Lorem ipsum dolor sit amet, consectetur adipiscing elit. Sed do eiusmod tempor incididunt ut labore et dolore magna aliqua. Ut enim ad minim veniam, quis nostrud exercitation ullamco laboris.Lorem ipsum dolor sit amet, consectetur adipiscing elit. Sed do eiusmod tempor incididunt ut labore et dolore magna aliqua. Ut enim ad minim veniam, quis nostrud exercitation ullamco laboris.",published,2025-05-23T14:54:09.861847,author_004,author_004@example.com,editor,Programming,css,image_0009.gif,/uploads/image_0009.gif,image/gif,User 068,user068@example.com,Bookmarked for later reference.
p_0071,Building Production-Ready Devops Apps,devops-0071,"Lorem ipsum dolor sit amet, consectetur adipiscing elit. Sed do eiusmod tempor incididunt ut labore et dolore magna aliqua. Ut enim ad minim veniam, quis nostrud exercitation ullamco laboris.Lorem ipsum dolor sit amet, consectetur adipiscing elit. Sed do eiusmod tempor incididunt ut labore et dolore magna aliqua. Ut enim ad minim veniam, quis nostrud exercitation ullamco laboris.Lorem ipsum dolor sit amet, consectetur adipiscing elit. Sed do eiusmod tempor incididunt ut labore et dolore magna aliqua. Ut enim ad minim veniam, quis nostrud exercitation ullamco laboris.",published,2025-05-23T14:54:09.861847,author_004,author_004@example.com,editor,Programming,css,image_0009.gif,/uploads/image_0009.gif,image/gif,User 015,user015@example.com,This is exactly what I was looking for.
p_0071,Building Production-Ready Devops Apps,devops-0071,"Lorem ipsum dolor sit amet, consectetur adipiscing elit. Sed do eiusmod tempor incididunt ut labore et dolore magna aliqua. Ut enim ad minim veniam, quis nostrud exercitation ullamco laboris.Lorem ipsum dolor sit amet, consectetur adipiscing elit. Sed do eiusmod tempor incididunt ut labore et dolore magna aliqua. Ut enim ad minim veniam, quis nostrud exercitation ullamco laboris.Lorem ipsum dolor sit amet, consectetur adipiscing elit. Sed do eiusmod tempor incididunt ut labore et dolore magna aliqua. Ut enim ad minim veniam, quis nostrud exercitation ullamco laboris.",published,2025-05-23T14:54:09.861847,author_004,author_004@example.com,editor,Programming,css,image_0009.gif,/uploads/image_0009.gif,image/gif,User 031,user031@example.com,This is exactly what I was looking for.
p_0071,Building Production-Ready Devops Apps,devops-0071,"Lorem ipsum dolor sit amet, consectetur adipiscing elit. Sed do eiusmod tempor incididunt ut labore et dolore magna aliqua. Ut enim ad minim veniam, quis nostrud exercitation ullamco laboris.Lorem ipsum dolor sit amet, consectetur adipiscing elit. Sed do eiusmod tempor incididunt ut labore et dolore magna aliqua. Ut enim ad minim veniam, quis nostrud exercitation ullamco laboris.Lorem ipsum dolor sit amet, consectetur adipiscing elit. Sed do eiusmod tempor incididunt ut labore et dolore magna aliqua. Ut enim ad minim veniam, quis nostrud exercitation ullamco laboris.",published,2025-05-23T14:54:09.861847,author_004,author_004@example.com,editor,Programming,css,image_0009.gif,/uploads/image_0009.gif,image/gif,User 016,user016@example.com,Great post! Really helpful.
p_0071,Building Production-Ready Devops Apps,devops-0071,"Lorem ipsum dolor sit amet, consectetur adipiscing elit. Sed do eiusmod tempor incididunt ut labore et dolore magna aliqua. Ut enim ad minim veniam, quis nostrud exercitation ullamco laboris.Lorem ipsum dolor sit amet, consectetur adipiscing elit. Sed do eiusmod tempor incididunt ut labore et dolore magna aliqua. Ut enim ad minim veniam, quis nostrud exercitation ullamco laboris.Lorem ipsum dolor sit amet, consectetur adipiscing elit. Sed do eiusmod tempor incididunt ut labore et dolore magna aliqua. Ut enim ad minim veniam, quis nostrud exercitation ullamco laboris.",published,2025-05-23T14:54:09.861847,author_004,author_004@example.com,editor,Programming,css,image_0009.gif,/uploads/image_0009.gif,image/gif,User 031,user031@example.com,Bookmarked for later reference.
p_0071,Building Production-Ready Devops Apps,devops-0071,"Lorem ipsum dolor sit amet, consectetur adipiscing elit. Sed do eiusmod tempor incididunt ut labore et dolore magna aliqua. Ut enim ad minim veniam, quis nostrud exercitation ullamco laboris.Lorem ipsum dolor sit amet, consectetur adipiscing elit. Sed do eiusmod tempor incididunt ut labore et dolore magna aliqua. Ut enim ad minim veniam, quis nostrud exercitation ullamco laboris.Lorem ipsum dolor sit amet, consectetur adipiscing elit. Sed do eiusmod tempor incididunt ut labore et dolore magna aliqua. Ut enim ad minim veniam, quis nostrud exercitation ullamco laboris.",published,2025-05-23T14:54:09.861847,author_004,author_004@example.com,editor,Programming,css,image_0009.gif,/uploads/image_0009.gif,image/gif,User 082,user082@example.com,I had a similar experience recently.
p_0072,Best Practices for Gcp,gcp-0072,"Lorem ipsum dolor sit amet, consectetur adipiscing elit. Sed do eiusmod tempor incididunt ut labore et dolore magna aliqua. Ut enim ad minim veniam, quis nostrud exercitation ullamco laboris.",published,2025-09-06T14:54:09.861872,author_003,author_003@example.com,contributor,Travel|Design|Web Development,azure|python|redis,image_0036.jpg,/uploads/image_0036.jpg,image/jpeg,User 024,user024@example.com,Thanks for sharing this.
p_0072,Best Practices for Gcp,gcp-0072,"Lorem ipsum dolor sit amet, consectetur adipiscing elit. Sed do eiusmod tempor incididunt ut labore et dolore magna aliqua. Ut enim ad minim veniam, quis nostrud exercitation ullamco laboris.",published,2025-09-06T14:54:09.861872,author_003,author_003@example.com,contributor,Travel|Design|Web Development,azure|python|redis,image_0036.jpg,/uploads/image_0036.jpg,image/jpeg,User 068,user068@example.com,Could you elaborate on the second part?
p_0072,Best Practices for Gcp,gcp-0072,"Lorem ipsum dolor sit amet, consectetur adipiscing elit. Sed do eiusmod tempor incididunt ut labore et dolore magna aliqua. Ut enim ad minim veniam, quis nostrud exercitation ullamco laboris.",published,2025-09-06T14:54:09.861872,author_003,author_003@example.com,contributor,Travel|Design|Web Development,azure|python|redis,image_0036.jpg,/uploads/image_0036.jpg,image/jpeg,User 009,user009@example.com,Nice writeup. Subscribed.
p_0072,Best Practices for Gcp,gcp-0072,"Lorem ipsum dolor sit amet, consectetur adipiscing elit. Sed do eiusmod tempor incididunt ut labore et dolore magna aliqua. Ut enim ad minim veniam, quis nostrud exercitation ullamco laboris.",published,2025-09-06T14:54:09.861872,author_003,author_003@example.com,contributor,Travel|Design|Web Development,azure|python|redis,image_0036.jpg,/uploads/image_0036.jpg,image/jpeg,User 070,user070@example.com,Nice writeup. Subscribed.
p_0072,Best Practices for Gcp,gcp-0072,"Lorem ipsum dolor sit amet, consectetur adipiscing elit. Sed do eiusmod tempor incididunt ut labore et dolore magna aliqua. Ut enim ad minim veniam, quis nostrud exercitation ullamco laboris.",published,2025-09-06T14:54:09.861872,author_003,author_003@example.com,contributor,Travel|Design|Web Development,azure|python|redis,image_0036.jpg,/uploads/image_0036.jpg,image/jpeg,User 065,user065@example.com,Nice writeup. Subscribed.
p_0072,Best Practices for Gcp,gcp-0072,"Lorem ipsum dolor sit amet, consectetur adipiscing elit. Sed do eiusmod tempor incididunt ut labore et dolore magna aliqua. Ut enim ad minim veniam, quis nostrud exercitation ullamco laboris.",published,2025-09-06T14:54:09.861872,author_003,author_003@example.com,contributor,Travel|Design|Web Development,azure|python|redis,image_0036.jpg,/uploads/image_0036.jpg,image/jpeg,User 003,user003@example.com,Bookmarked for later reference.
p_0073,Building Production-Ready Graphql Apps,graphql-0073,"Lorem ipsum dolor sit amet, consectetur adipiscing elit. Sed do eiusmod tempor incididunt ut labore et dolore magna aliqua. Ut enim ad minim veniam, quis nostrud exercitation ullamco laboris.Lorem ipsum dolor sit amet, consectetur adipiscing elit. Sed do eiusmod tempor incididunt ut labore et dolore magna aliqua. Ut enim ad minim veniam, quis nostrud exercitation ullamco laboris.",published,2025-06-28T14:54:09.861898,author_001,author_001@example.com,author,Technology|Business,kubernetes,image_0042.webp,/uploads/image_0042.webp,image/webp,User 099,user099@example.com,I had a similar experience recently.
p_0073,Building Production-Ready Graphql Apps,graphql-0073,"Lorem ipsum dolor sit amet, consectetur adipiscing elit. Sed do eiusmod tempor incididunt ut labore et dolore magna aliqua. Ut enim ad minim veniam, quis nostrud exercitation ullamco laboris.Lorem ipsum dolor sit amet, consectetur adipiscing elit. Sed do eiusmod tempor incididunt ut labore et dolore magna aliqua. Ut enim ad minim veniam, quis nostrud exercitation ullamco laboris.",published,2025-06-28T14:54:09.861898,author_001,author_001@example.com,author,Technology|Business,kubernetes,image_0042.webp,/uploads/image_0042.webp,image/webp,User 095,user095@example.com,Could you elaborate on the second part?
p_0073,Building Production-Ready Graphql Apps,graphql-0073,"Lorem ipsum dolor sit amet, consectetur adipiscing elit. Sed do eiusmod tempor incididunt ut labore et dolore magna aliqua. Ut enim ad minim veniam, quis nostrud exercitation ullamco laboris.Lorem ipsum dolor sit amet, consectetur adipiscing elit. Sed do eiusmod tempor incididunt ut labore et dolore magna aliqua. Ut enim ad minim veniam, quis nostrud exercitation ullamco laboris.",published,2025-06-28T14:54:09.861898,author_001,author_001@example.com,author,Technology|Business,kubernetes,image_0042.webp,/uploads/image_0042.webp,image/webp,User 018,user018@example.com,Great post! Really helpful.
p_0074,The Future of Kubernetes,kubernetes-0074,"Lorem ipsum dolor sit amet, consectetur adipiscing elit. Sed do eiusmod tempor incididunt ut labore et dolore magna aliqua. Ut enim ad minim veniam, quis nostrud exercitation ullamco laboris.Lorem ipsum dolor sit amet, consectetur adipiscing elit. Sed do eiusmod tempor incididunt ut labore et dolore magna aliqua. Ut enim ad minim veniam, quis nostrud exercitation ullamco laboris.Lorem ipsum dolor sit amet, consectetur adipiscing elit. Sed do eiusmod tempor incididunt ut labore et dolore magna aliqua. Ut enim ad minim veniam, quis nostrud exercitation ullamco laboris.",published,2025-06-24T14:54:09.861914,author_010,author_010@example.com,contributor,Health|Web Development,fastapi|ci-cd,,,,User 005,user005@example.com,This is exactly what I was looking for.
p_0074,The Future of Kubernetes,kubernetes-0074,"Lorem ipsum dolor sit amet, consectetur adipiscing elit. Sed do eiusmod tempor incididunt ut labore et dolore magna aliqua. Ut enim ad minim veniam, quis nostrud exercitation ullamco laboris.Lorem ipsum dolor sit amet, consectetur adipiscing elit. Sed do eiusmod tempor incididunt ut labore et dolore magna aliqua. Ut enim ad minim veniam, quis nostrud exercitation ullamco laboris.Lorem ipsum dolor sit amet, consectetur adipiscing elit. Sed do eiusmod tempor incididunt ut labore et dolore magna aliqua. Ut enim ad minim veniam, quis nostrud exercitation ullamco laboris.",published,2025-06-24T14:54:09.861914,author_010,author_010@example.com,contributor,Health|Web Development,fastapi|ci-cd,,,,User 026,user026@example.com,Great post! Really helpful.
p_0074,The Future of Kubernetes,kubernetes-0074,"Lorem ipsum dolor sit amet, consectetur adipiscing elit. Sed do eiusmod tempor incididunt ut labore et dolore magna aliqua. Ut enim ad minim veniam, quis nostrud exercitation ullamco laboris.Lorem ipsum dolor sit amet, consectetur adipiscing elit. Sed do eiusmod tempor incididunt ut labore et dolore magna aliqua. Ut enim ad minim veniam, quis nostrud exercitation ullamco laboris.Lorem ipsum dolor sit amet, consectetur adipiscing elit. Sed do eiusmod tempor incididunt ut labore et dolore magna aliqua. Ut enim ad minim veniam, quis nostrud exercitation ullamco laboris.",published,2025-06-24T14:54:09.861914,author_010,author_010@example.com,contributor,Health|Web Development,fastapi|ci-cd,,,,User 026,user026@example.com,Great post! Really helpful.
p_0074,The Future of Kubernetes,kubernetes-0074,"Lorem ipsum dolor sit amet, consectetur adipiscing elit. Sed do eiusmod tempor incididunt ut labore et dolore magna aliqua. Ut enim ad minim veniam, quis nostrud exercitation ullamco laboris.Lorem ipsum dolor sit amet, consectetur adipiscing elit. Sed do eiusmod tempor incididunt ut labore et dolore magna aliqua. Ut enim ad minim veniam, quis nostrud exercitation ullamco laboris.Lorem ipsum dolor sit amet, consectetur adipiscing elit. Sed do eiusmod tempor incididunt ut labore et dolore magna aliqua. Ut enim ad minim veniam, quis nostrud exercitation ullamco laboris.",published,2025-06-24T14:54:09.861914,author_010,author_010@example.com,contributor,Health|Web Development,fastapi|ci-cd,,,,User 041,user041@example.com,This is exactly what I was looking for.
p_0074,The Future of Kubernetes,kubernetes-0074,"Lorem ipsum dolor sit amet, consectetur adipiscing elit. Sed do eiusmod tempor incididunt ut labore et dolore magna aliqua. Ut enim ad minim veniam, quis nostrud exercitation ullamco laboris.Lorem ipsum dolor sit amet, consectetur adipiscing elit. Sed do eiusmod tempor incididunt ut labore et dolore magna aliqua. Ut enim ad minim veniam, quis nostrud exercitation ullamco laboris.Lorem ipsum dolor sit amet, consectetur adipiscing elit. Sed do eiusmod tempor incididunt ut labore et dolore magna aliqua. Ut enim ad minim veniam, quis nostrud exercitation ullamco laboris.",published,2025-06-24T14:54:09.861914,author_010,author_010@example.com,contributor,Health|Web Development,fastapi|ci-cd,,,,User 066,user066@example.com,Bookmarked for later reference.
p_0074,The Future of Kubernetes,kubernetes-0074,"Lorem ipsum dolor sit amet, consectetur adipiscing elit. Sed do eiusmod tempor incididunt ut labore et dolore magna aliqua. Ut enim ad minim veniam, quis nostrud exercitation ullamco laboris.Lorem ipsum dolor sit amet, consectetur adipiscing elit. Sed do eiusmod tempor incididunt ut labore et dolore magna aliqua. Ut enim ad minim veniam, quis nostrud exercitation ullamco laboris.Lorem ipsum dolor sit amet, consectetur adipiscing elit. Sed do eiusmod tempor incididunt ut labore et dolore magna aliqua. Ut enim ad minim veniam, quis nostrud exercitation ullamco laboris.",published,2025-06-24T14:54:09.861914,author_010,author_010@example.com,contributor,Health|Web Development,fastapi|ci-cd,,,,User 070,user070@example.com,Just tried this approach -- it works.
p_0075,Getting Started with Css,css-0075,"Lorem ipsum dolor sit amet, consectetur adipiscing elit. Sed do eiusmod tempor incididunt ut labore et dolore magna aliqua. Ut enim ad minim veniam, quis nostrud exercitation ullamco laboris.",published,2025-12-24T14:54:09.861939,author_006,author_006@example.com,author,Business|Marketing|Programming,azure|microservices|aws,,,,User 044,user044@example.com,I disagree with point 3 -- here's why...
p_0075,Getting Started with Css,css-0075,"Lorem ipsum dolor sit amet, consectetur adipiscing elit. Sed do eiusmod tempor incididunt ut labore et dolore magna aliqua. Ut enim ad minim veniam, quis nostrud exercitation ullamco laboris.",published,2025-12-24T14:54:09.861939,author_006,author_006@example.com,author,Business|Marketing|Programming,azure|microservices|aws,,,,User 064,user064@example.com,Just tried this approach -- it works.
p_0075,Getting Started with Css,css-0075,"Lorem ipsum dolor sit amet, consectetur adipiscing elit. Sed do eiusmod tempor incididunt ut labore et dolore magna aliqua. Ut enim ad minim veniam, quis nostrud exercitation ullamco laboris.",published,2025-12-24T14:54:09.861939,author_006,author_006@example.com,author,Business|Marketing|Programming,azure|microservices|aws,,,,User 048,user048@example.com,Nice writeup. Subscribed.
p_0075,Getting Started with Css,css-0075,"Lorem ipsum dolor sit amet, consectetur adipiscing elit. Sed do eiusmod tempor incididunt ut labore et dolore magna aliqua. Ut enim ad minim veniam, quis nostrud exercitation ullamco laboris.",published,2025-12-24T14:54:09.861939,author_006,author_006@example.com,author,Business|Marketing|Programming,azure|microservices|aws,,,,User 035,user035@example.com,Thanks for sharing this.
p_0075,Getting Started with Css,css-0075,"Lorem ipsum dolor sit amet, consectetur adipiscing elit. Sed do eiusmod tempor incididunt ut labore et dolore magna aliqua. Ut enim ad minim veniam, quis nostrud exercitation ullamco laboris.",published,2025-12-24T14:54:09.861939,author_006,author_006@example.com,author,Business|Marketing|Programming,azure|microservices|aws,,,,User 094,user094@example.com,Bookmarked for later reference.
p_0075,Getting Started with Css,css-0075,"Lorem ipsum dolor sit amet, consectetur adipiscing elit. Sed do eiusmod tempor incididunt ut labore et dolore magna aliqua. Ut enim ad minim veniam, quis nostrud exercitation ullamco laboris.",published,2025-12-24T14:54:09.861939,author_006,author_006@example.com,author,Business|Marketing|Programming,azure|microservices|aws,,,,User 011,user011@example.com,Bookmarked for later reference.
p_0076,Why Redis Matters in 2024,redis-0076,"Lorem ipsum dolor sit amet, consectetur adipiscing elit. Sed do eiusmod tempor incididunt ut labore et dolore magna aliqua. Ut enim ad minim veniam, quis nostrud exercitation ullamco laboris.",published,2025-12-20T14:54:09.861961,author_017,author_017@example.com,author,Marketing|Photography,redis|ci-cd|azure|react,image_0022.jpg,/uploads/image_0022.jpg,image/jpeg,User 006,user006@example.com,Could you elaborate on the second part?
p_0076,Why Redis Matters in 2024,redis-0076,"Lorem ipsum dolor sit amet, consectetur adipiscing elit. Sed do eiusmod tempor incididunt ut labore et dolore magna aliqua. Ut enim ad minim veniam, quis nostrud exercitation ullamco laboris.",published,2025-12-20T14:54:09.861961,author_017,author_017@example.com,author,Marketing|Photography,redis|ci-cd|azure|react,image_0022.jpg,/uploads/image_0022.jpg,image/jpeg,User 079,user079@example.com,Bookmarked for later reference.
p_0076,Why Redis Matters in 2024,redis-0076,"Lorem ipsum dolor sit amet, consectetur adipiscing elit. Sed do eiusmod tempor incididunt ut labore et dolore magna aliqua. Ut enim ad minim veniam, quis nostrud exercitation ullamco laboris.",published,2025-12-20T14:54:09.861961,author_017,author_017@example.com,author,Marketing|Photography,redis|ci-cd|azure|react,image_0022.jpg,/uploads/image_0022.jpg,image/jpeg,User 036,user036@example.com,Great post! Really helpful.
p_0076,Why Redis Matters in 2024,redis-0076,"Lorem ipsum dolor sit amet, consectetur adipiscing elit. Sed do eiusmod tempor incididunt ut labore et dolore magna aliqua. Ut enim ad minim veniam, quis nostrud exercitation ullamco laboris.",published,2025-12-20T14:54:09.861961,author_017,author_017@example.com,author,Marketing|Photography,redis|ci-cd|azure|react,image_0022.jpg,/uploads/image_0022.jpg,image/jpeg,User 010,user010@example.com,Bookmarked for later reference.
p_0076,Why Redis Matters in 2024,redis-0076,"Lorem ipsum dolor sit amet, consectetur adipiscing elit. Sed do eiusmod tempor incididunt ut labore et dolore magna aliqua. Ut enim ad minim veniam, quis nostrud exercitation ullamco laboris.",published,2025-12-20T14:54:09.861961,author_017,author_017@example.com,author,Marketing|Photography,redis|ci-cd|azure|react,image_0022.jpg,/uploads/image_0022.jpg,image/jpeg,User 047,user047@example.com,Nice writeup. Subscribed.
p_0076,Why Redis Matters in 2024,redis-0076,"Lorem ipsum dolor sit amet, consectetur adipiscing elit. Sed do eiusmod tempor incididunt ut labore et dolore magna aliqua. Ut enim ad minim veniam, quis nostrud exercitation ullamco laboris.",published,2025-12-20T14:54:09.861961,author_017,author_017@example.com,author,Marketing|Photography,redis|ci-cd|azure|react,image_0022.jpg,/uploads/image_0022.jpg,image/jpeg,User 096,user096@example.com,I disagree with point 3 -- here's why...
p_0077,Why Python Matters in 2024,python-0077,"Lorem ipsum dolor sit amet, consectetur adipiscing elit. Sed do eiusmod tempor incididunt ut labore et dolore magna aliqua. Ut enim ad minim veniam, quis nostrud exercitation ullamco laboris.",draft,,author_019,author_019@example.com,author,Programming,tdd|git,image_0024.jpg,/uploads/image_0024.jpg,image/jpeg,User 005,user005@example.com,I had a similar experience recently.
p_0077,Why Python Matters in 2024,python-0077,"Lorem ipsum dolor sit amet, consectetur adipiscing elit. Sed do eiusmod tempor incididunt ut labore et dolore magna aliqua. Ut enim ad minim veniam, quis nostrud exercitation ullamco laboris.",draft,,author_019,author_019@example.com,author,Programming,tdd|git,image_0024.jpg,/uploads/image_0024.jpg,image/jpeg,User 020,user020@example.com,Just tried this approach -- it works.
p_0077,Why Python Matters in 2024,python-0077,"Lorem ipsum dolor sit amet, consectetur adipiscing elit. Sed do eiusmod tempor incididunt ut labore et dolore magna aliqua. Ut enim ad minim veniam, quis nostrud exercitation ullamco laboris.",draft,,author_019,author_019@example.com,author,Programming,tdd|git,image_0024.jpg,/uploads/image_0024.jpg,image/jpeg,User 048,user048@example.com,Could you elaborate on the second part?
p_0077,Why Python Matters in 2024,python-0077,"Lorem ipsum dolor sit amet, consectetur adipiscing elit. Sed do eiusmod tempor incididunt ut labore et dolore magna aliqua. Ut enim ad minim veniam, quis nostrud exercitation ullamco laboris.",draft,,author_019,author_019@example.com,author,Programming,tdd|git,image_0024.jpg,/uploads/image_0024.jpg,image/jpeg,User 057,user057@example.com,Thanks for sharing this.
p_0077,Why Python Matters in 2024,python-0077,"Lorem ipsum dolor sit amet, consectetur adipiscing elit. Sed do eiusmod tempor incididunt ut labore et dolore magna aliqua. Ut enim ad minim veniam, quis nostrud exercitation ullamco laboris.",draft,,author_019,author_019@example.com,author,Programming,tdd|git,image_0024.jpg,/uploads/image_0024.jpg,image/jpeg,User 074,user074@example.com,I disagree with point 3 -- here's why...
p_0077,Why Python Matters in 2024,python-0077,"Lorem ipsum dolor sit amet, consectetur adipiscing elit. Sed do eiusmod tempor incididunt ut labore et dolore magna aliqua. Ut enim ad minim veniam, quis nostrud exercitation ullamco laboris.",draft,,author_019,author_019@example.com,author,Programming,tdd|git,image_0024.jpg,/uploads/image_0024.jpg,image/jpeg,User 068,user068@example.com,Could you elaborate on the second part?
p_0077,Why Python Matters in 2024,python-0077,"Lorem ipsum dolor sit amet, consectetur adipiscing elit. Sed do eiusmod tempor incididunt ut labore et dolore magna aliqua. Ut enim ad minim veniam, quis nostrud exercitation ullamco laboris.",draft,,author_019,author_019@example.com,author,Programming,tdd|git,image_0024.jpg,/uploads/image_0024.jpg,image/jpeg,User 051,user051@example.com,Could you elaborate on the second part?
p_0078,10 Tips for Mastering Git,git-0078,"Lorem ipsum dolor sit amet, consectetur adipiscing elit. Sed do eiusmod tempor incididunt ut labore et dolore magna aliqua. Ut enim ad minim veniam, quis nostrud exercitation ullamco laboris.",published,2026-03-22T14:54:09.862010,author_007,author_007@example.com,author,Travel|Education,css,,,,User 028,user028@example.com,I had a similar experience recently.
p_0078,10 Tips for Mastering Git,git-0078,"Lorem ipsum dolor sit amet, consectetur adipiscing elit. Sed do eiusmod tempor incididunt ut labore et dolore magna aliqua. Ut enim ad minim veniam, quis nostrud exercitation ullamco laboris.",published,2026-03-22T14:54:09.862010,author_007,author_007@example.com,author,Travel|Education,css,,,,User 037,user037@example.com,Just tried this approach -- it works.
p_0078,10 Tips for Mastering Git,git-0078,"Lorem ipsum dolor sit amet, consectetur adipiscing elit. Sed do eiusmod tempor incididunt ut labore et dolore magna aliqua. Ut enim ad minim veniam, quis nostrud exercitation ullamco laboris.",published,2026-03-22T14:54:09.862010,author_007,author_007@example.com,author,Travel|Education,css,,,,User 026,user026@example.com,Thanks for sharing this.
p_0078,10 Tips for Mastering Git,git-0078,"Lorem ipsum dolor sit amet, consectetur adipiscing elit. Sed do eiusmod tempor incididunt ut labore et dolore magna aliqua. Ut enim ad minim veniam, quis nostrud exercitation ullamco laboris.",published,2026-03-22T14:54:09.862010,author_007,author_007@example.com,author,Travel|Education,css,,,,User 018,user018@example.com,Thanks for sharing this.
p_0078,10 Tips for Mastering Git,git-0078,"Lorem ipsum dolor sit amet, consectetur adipiscing elit. Sed do eiusmod tempor incididunt ut labore et dolore magna aliqua. Ut enim ad minim veniam, quis nostrud exercitation ullamco laboris.",published,2026-03-22T14:54:09.862010,author_007,author_007@example.com,author,Travel|Education,css,,,,User 058,user058@example.com,I disagree with point 3 -- here's why...
p_0078,10 Tips for Mastering Git,git-0078,"Lorem ipsum dolor sit amet, consectetur adipiscing elit. Sed do eiusmod tempor incididunt ut labore et dolore magna aliqua. Ut enim ad minim veniam, quis nostrud exercitation ullamco laboris.",published,2026-03-22T14:54:09.862010,author_007,author_007@example.com,author,Travel|Education,css,,,,User 092,user092@example.com,Just tried this approach -- it works.
p_0079,Common Mistakes in Fastapi,fastapi-0079,"Lorem ipsum dolor sit amet, consectetur adipiscing elit. Sed do eiusmod tempor incididunt ut labore et dolore magna aliqua. Ut enim ad minim veniam, quis nostrud exercitation ullamco laboris.Lorem ipsum dolor sit amet, consectetur adipiscing elit. Sed do eiusmod tempor incididunt ut labore et dolore magna aliqua. Ut enim ad minim veniam, quis nostrud exercitation ullamco laboris.Lorem ipsum dolor sit amet, consectetur adipiscing elit. Sed do eiusmod tempor incididunt ut labore et dolore magna aliqua. Ut enim ad minim veniam, quis nostrud exercitation ullamco laboris.",published,2025-05-21T14:54:09.862032,author_011,author_011@example.com,contributor,Marketing|Web Development,agile|kubernetes,image_0007.jpg,/uploads/image_0007.jpg,image/jpeg,User 018,user018@example.com,"Very insightful, looking forward to more."
p_0079,Common Mistakes in Fastapi,fastapi-0079,"Lorem ipsum dolor sit amet, consectetur adipiscing elit. Sed do eiusmod tempor incididunt ut labore et dolore magna aliqua. Ut enim ad minim veniam, quis nostrud exercitation ullamco laboris.Lorem ipsum dolor sit amet, consectetur adipiscing elit. Sed do eiusmod tempor incididunt ut labore et dolore magna aliqua. Ut enim ad minim veniam, quis nostrud exercitation ullamco laboris.Lorem ipsum dolor sit amet, consectetur adipiscing elit. Sed do eiusmod tempor incididunt ut labore et dolore magna aliqua. Ut enim ad minim veniam, quis nostrud exercitation ullamco laboris.",published,2025-05-21T14:54:09.862032,author_011,author_011@example.com,contributor,Marketing|Web Development,agile|kubernetes,image_0007.jpg,/uploads/image_0007.jpg,image/jpeg,User 064,user064@example.com,Great post! Really helpful.
p_0079,Common Mistakes in Fastapi,fastapi-0079,"Lorem ipsum dolor sit amet, consectetur adipiscing elit. Sed do eiusmod tempor incididunt ut labore et dolore magna aliqua. Ut enim ad minim veniam, quis nostrud exercitation ullamco laboris.Lorem ipsum dolor sit amet, consectetur adipiscing elit. Sed do eiusmod tempor incididunt ut labore et dolore magna aliqua. Ut enim ad minim veniam, quis nostrud exercitation ullamco laboris.Lorem ipsum dolor sit amet, consectetur adipiscing elit. Sed do eiusmod tempor incididunt ut labore et dolore magna aliqua. Ut enim ad minim veniam, quis nostrud exercitation ullamco laboris.",published,2025-05-21T14:54:09.862032,author_011,author_011@example.com,contributor,Marketing|Web Development,agile|kubernetes,image_0007.jpg,/uploads/image_0007.jpg,image/jpeg,User 047,user047@example.com,Nice writeup. Subscribed.
p_0079,Common Mistakes in Fastapi,fastapi-0079,"Lorem ipsum dolor sit amet, consectetur adipiscing elit. Sed do eiusmod tempor incididunt ut labore et dolore magna aliqua. Ut enim ad minim veniam, quis nostrud exercitation ullamco laboris.Lorem ipsum dolor sit amet, consectetur adipiscing elit. Sed do eiusmod tempor incididunt ut labore et dolore magna aliqua. Ut enim ad minim veniam, quis nostrud exercitation ullamco laboris.Lorem ipsum dolor sit amet, consectetur adipiscing elit. Sed do eiusmod tempor incididunt ut labore et dolore magna aliqua. Ut enim ad minim veniam, quis nostrud exercitation ullamco laboris.",published,2025-05-21T14:54:09.862032,author_011,author_011@example.com,contributor,Marketing|Web Development,agile|kubernetes,image_0007.jpg,/uploads/image_0007.jpg,image/jpeg,User 074,user074@example.com,Could you elaborate on the second part?
p_0080,The Future of Gcp,gcp-0080,"Lorem ipsum dolor sit amet, consectetur adipiscing elit. Sed do eiusmod tempor incididunt ut labore et dolore magna aliqua. Ut enim ad minim veniam, quis nostrud exercitation ullamco laboris.",draft,,author_004,author_004@example.com,editor,Education|Health,tdd|azure|rest-api|postgresql,image_0020.webp,/uploads/image_0020.webp,image/webp,User 058,user058@example.com,Just tried this approach -- it works.
p_0080,The Future of Gcp,gcp-0080,"Lorem ipsum dolor sit amet, consectetur adipiscing elit. Sed do eiusmod tempor incididunt ut labore et dolore magna aliqua. Ut enim ad minim veniam, quis nostrud exercitation ullamco laboris.",draft,,author_004,author_004@example.com,editor,Education|Health,tdd|azure|rest-api|postgresql,image_0020.webp,/uploads/image_0020.webp,image/webp,User 088,user088@example.com,Nice writeup. Subscribed.
p_0080,The Future of Gcp,gcp-0080,"Lorem ipsum dolor sit amet, consectetur adipiscing elit. Sed do eiusmod tempor incididunt ut labore et dolore magna aliqua. Ut enim ad minim veniam, quis nostrud exercitation ullamco laboris.",draft,,author_004,author_004@example.com,editor,Education|Health,tdd|azure|rest-api|postgresql,image_0020.webp,/uploads/image_0020.webp,image/webp,User 045,user045@example.com,I disagree with point 3 -- here's why...
p_0081,The Future of Microservices,microservices-0081,"Lorem ipsum dolor sit amet, consectetur adipiscing elit. Sed do eiusmod tempor incididunt ut labore et dolore magna aliqua. Ut enim ad minim veniam, quis nostrud exercitation ullamco laboris.",draft,,author_018,author_018@example.com,author,Travel|Technology,nosql,image_0010.webp,/uploads/image_0010.webp,image/webp,User 042,user042@example.com,"Very insightful, looking forward to more."
p_0081,The Future of Microservices,microservices-0081,"Lorem ipsum dolor sit amet, consectetur adipiscing elit. Sed do eiusmod tempor incididunt ut labore et dolore magna aliqua. Ut enim ad minim veniam, quis nostrud exercitation ullamco laboris.",draft,,author_018,author_018@example.com,author,Travel|Technology,nosql,image_0010.webp,/uploads/image_0010.webp,image/webp,User 045,user045@example.com,Nice writeup. Subscribed.
p_0081,The Future of Microservices,microservices-0081,"Lorem ipsum dolor sit amet, consectetur adipiscing elit. Sed do eiusmod tempor incididunt ut labore et dolore magna aliqua. Ut enim ad minim veniam, quis nostrud exercitation ullamco laboris.",draft,,author_018,author_018@example.com,author,Travel|Technology,nosql,image_0010.webp,/uploads/image_0010.webp,image/webp,User 037,user037@example.com,Thanks for sharing this.
p_0081,The Future of Microservices,microservices-0081,"Lorem ipsum dolor sit amet, consectetur adipiscing elit. Sed do eiusmod tempor incididunt ut labore et dolore magna aliqua. Ut enim ad minim veniam, quis nostrud exercitation ullamco laboris.",draft,,author_018,author_018@example.com,author,Travel|Technology,nosql,image_0010.webp,/uploads/image_0010.webp,image/webp,User 033,user033@example.com,"Very insightful, looking forward to more."
p_0082,The Future of Git,git-0082,"Lorem ipsum dolor sit amet, consectetur adipiscing elit. Sed do eiusmod tempor incididunt ut labore et dolore magna aliqua. Ut enim ad minim veniam, quis nostrud exercitation ullamco laboris.Lorem ipsum dolor sit amet, consectetur adipiscing elit. Sed do eiusmod tempor incididunt ut labore et dolore magna aliqua. Ut enim ad minim veniam, quis nostrud exercitation ullamco laboris.Lorem ipsum dolor sit amet, consectetur adipiscing elit. Sed do eiusmod tempor incididunt ut labore et dolore magna aliqua. Ut enim ad minim veniam, quis nostrud exercitation ullamco laboris.",published,2026-03-16T14:54:09.862088,author_008,author_008@example.com,contributor,Programming|Travel|Web Development,react|github,image_0038.webp,/uploads/image_0038.webp,image/webp,User 073,user073@example.com,Great post! Really helpful.
p_0082,The Future of Git,git-0082,"Lorem ipsum dolor sit amet, consectetur adipiscing elit. Sed do eiusmod tempor incididunt ut labore et dolore magna aliqua. Ut enim ad minim veniam, quis nostrud exercitation ullamco laboris.Lorem ipsum dolor sit amet, consectetur adipiscing elit. Sed do eiusmod tempor incididunt ut labore et dolore magna aliqua. Ut enim ad minim veniam, quis nostrud exercitation ullamco laboris.Lorem ipsum dolor sit amet, consectetur adipiscing elit. Sed do eiusmod tempor incididunt ut labore et dolore magna aliqua. Ut enim ad minim veniam, quis nostrud exercitation ullamco laboris.",published,2026-03-16T14:54:09.862088,author_008,author_008@example.com,contributor,Programming|Travel|Web Development,react|github,image_0038.webp,/uploads/image_0038.webp,image/webp,User 004,user004@example.com,Thanks for sharing this.
p_0082,The Future of Git,git-0082,"Lorem ipsum dolor sit amet, consectetur adipiscing elit. Sed do eiusmod tempor incididunt ut labore et dolore magna aliqua. Ut enim ad minim veniam, quis nostrud exercitation ullamco laboris.Lorem ipsum dolor sit amet, consectetur adipiscing elit. Sed do eiusmod tempor incididunt ut labore et dolore magna aliqua. Ut enim ad minim veniam, quis nostrud exercitation ullamco laboris.Lorem ipsum dolor sit amet, consectetur adipiscing elit. Sed do eiusmod tempor incididunt ut labore et dolore magna aliqua. Ut enim ad minim veniam, quis nostrud exercitation ullamco laboris.",published,2026-03-16T14:54:09.862088,author_008,author_008@example.com,contributor,Programming|Travel|Web Development,react|github,image_0038.webp,/uploads/image_0038.webp,image/webp,User 006,user006@example.com,I had a similar experience recently.
p_0082,The Future of Git,git-0082,"Lorem ipsum dolor sit amet, consectetur adipiscing elit. Sed do eiusmod tempor incididunt ut labore et dolore magna aliqua. Ut enim ad minim veniam, quis nostrud exercitation ullamco laboris.Lorem ipsum dolor sit amet, consectetur adipiscing elit. Sed do eiusmod tempor incididunt ut labore et dolore magna aliqua. Ut enim ad minim veniam, quis nostrud exercitation ullamco laboris.Lorem ipsum dolor sit amet, consectetur adipiscing elit. Sed do eiusmod tempor incididunt ut labore et dolore magna aliqua. Ut enim ad minim veniam, quis nostrud exercitation ullamco laboris.",published,2026-03-16T14:54:09.862088,author_008,author_008@example.com,contributor,Programming|Travel|Web Development,react|github,image_0038.webp,/uploads/image_0038.webp,image/webp,User 034,user034@example.com,"Very insightful, looking forward to more."
p_0082,The Future of Git,git-0082,"Lorem ipsum dolor sit amet, consectetur adipiscing elit. Sed do eiusmod tempor incididunt ut labore et dolore magna aliqua. Ut enim ad minim veniam, quis nostrud exercitation ullamco laboris.Lorem ipsum dolor sit amet, consectetur adipiscing elit. Sed do eiusmod tempor incididunt ut labore et dolore magna aliqua. Ut enim ad minim veniam, quis nostrud exercitation ullamco laboris.Lorem ipsum dolor sit amet, consectetur adipiscing elit. Sed do eiusmod tempor incididunt ut labore et dolore magna aliqua. Ut enim ad minim veniam, quis nostrud exercitation ullamco laboris.",published,2026-03-16T14:54:09.862088,author_008,author_008@example.com,contributor,Programming|Travel|Web Development,react|github,image_0038.webp,/uploads/image_0038.webp,image/webp,User 099,user099@example.com,I had a similar experience recently.
p_0083,Azure for Beginners,azure-0083,"Lorem ipsum dolor sit amet, consectetur adipiscing elit. Sed do eiusmod tempor incididunt ut labore et dolore magna aliqua. Ut enim ad minim veniam, quis nostrud exercitation ullamco laboris.Lorem ipsum dolor sit amet, consectetur adipiscing elit. Sed do eiusmod tempor incididunt ut labore et dolore magna aliqua. Ut enim ad minim veniam, quis nostrud exercitation ullamco laboris.Lorem ipsum dolor sit amet, consectetur adipiscing elit. Sed do eiusmod tempor incididunt ut labore et dolore magna aliqua. Ut enim ad minim veniam, quis nostrud exercitation ullamco laboris.",draft,,author_000,author_000@example.com,contributor,Marketing|Health,agile|github,image_0029.png,/uploads/image_0029.png,image/png,User 089,user089@example.com,Great post! Really helpful.
p_0083,Azure for Beginners,azure-0083,"Lorem ipsum dolor sit amet, consectetur adipiscing elit. Sed do eiusmod tempor incididunt ut labore et dolore magna aliqua. Ut enim ad minim veniam, quis nostrud exercitation ullamco laboris.Lorem ipsum dolor sit amet, consectetur adipiscing elit. Sed do eiusmod tempor incididunt ut labore et dolore magna aliqua. Ut enim ad minim veniam, quis nostrud exercitation ullamco laboris.Lorem ipsum dolor sit amet, consectetur adipiscing elit. Sed do eiusmod tempor incididunt ut labore et dolore magna aliqua. Ut enim ad minim veniam, quis nostrud exercitation ullamco laboris.",draft,,author_000,author_000@example.com,contributor,Marketing|Health,agile|github,image_0029.png,/uploads/image_0029.png,image/png,User 021,user021@example.com,Just tried this approach -- it works.
p_0083,Azure for Beginners,azure-0083,"Lorem ipsum dolor sit amet, consectetur adipiscing elit. Sed do eiusmod tempor incididunt ut labore et dolore magna aliqua. Ut enim ad minim veniam, quis nostrud exercitation ullamco laboris.Lorem ipsum dolor sit amet, consectetur adipiscing elit. Sed do eiusmod tempor incididunt ut labore et dolore magna aliqua. Ut enim ad minim veniam, quis nostrud exercitation ullamco laboris.Lorem ipsum dolor sit amet, consectetur adipiscing elit. Sed do eiusmod tempor incididunt ut labore et dolore magna aliqua. Ut enim ad minim veniam, quis nostrud exercitation ullamco laboris.",draft,,author_000,author_000@example.com,contributor,Marketing|Health,agile|github,image_0029.png,/uploads/image_0029.png,image/png,User 054,user054@example.com,Just tried this approach -- it works.
p_0084,Deep Dive into Gcp,gcp-0084,"Lorem ipsum dolor sit amet, consectetur adipiscing elit. Sed do eiusmod tempor incididunt ut labore et dolore magna aliqua. Ut enim ad minim veniam, quis nostrud exercitation ullamco laboris.Lorem ipsum dolor sit amet, consectetur adipiscing elit. Sed do eiusmod tempor incididunt ut labore et dolore magna aliqua. Ut enim ad minim veniam, quis nostrud exercitation ullamco laboris.Lorem ipsum dolor sit amet, consectetur adipiscing elit. Sed do eiusmod tempor incididunt ut labore et dolore magna aliqua. Ut enim ad minim veniam, quis nostrud exercitation ullamco laboris.",published,2025-07-13T14:54:09.862127,author_010,author_010@example.com,contributor,Business|Education,tdd|kubernetes,image_0006.webp,/uploads/image_0006.webp,image/webp,User 031,user031@example.com,Just tried this approach -- it works.
p_0084,Deep Dive into Gcp,gcp-0084,"Lorem ipsum dolor sit amet, consectetur adipiscing elit. Sed do eiusmod tempor incididunt ut labore et dolore magna aliqua. Ut enim ad minim veniam, quis nostrud exercitation ullamco laboris.Lorem ipsum dolor sit amet, consectetur adipiscing elit. Sed do eiusmod tempor incididunt ut labore et dolore magna aliqua. Ut enim ad minim veniam, quis nostrud exercitation ullamco laboris.Lorem ipsum dolor sit amet, consectetur adipiscing elit. Sed do eiusmod tempor incididunt ut labore et dolore magna aliqua. Ut enim ad minim veniam, quis nostrud exercitation ullamco laboris.",published,2025-07-13T14:54:09.862127,author_010,author_010@example.com,contributor,Business|Education,tdd|kubernetes,image_0006.webp,/uploads/image_0006.webp,image/webp,User 016,user016@example.com,This is exactly what I was looking for.
p_0084,Deep Dive into Gcp,gcp-0084,"Lorem ipsum dolor sit amet, consectetur adipiscing elit. Sed do eiusmod tempor incididunt ut labore et dolore magna aliqua. Ut enim ad minim veniam, quis nostrud exercitation ullamco laboris.Lorem ipsum dolor sit amet, consectetur adipiscing elit. Sed do eiusmod tempor incididunt ut labore et dolore magna aliqua. Ut enim ad minim veniam, quis nostrud exercitation ullamco laboris.Lorem ipsum dolor sit amet, consectetur adipiscing elit. Sed do eiusmod tempor incididunt ut labore et dolore magna aliqua. Ut enim ad minim veniam, quis nostrud exercitation ullamco laboris.",published,2025-07-13T14:54:09.862127,author_010,author_010@example.com,contributor,Business|Education,tdd|kubernetes,image_0006.webp,/uploads/image_0006.webp,image/webp,User 058,user058@example.com,"Very insightful, looking forward to more."
p_0084,Deep Dive into Gcp,gcp-0084,"Lorem ipsum dolor sit amet, consectetur adipiscing elit. Sed do eiusmod tempor incididunt ut labore et dolore magna aliqua. Ut enim ad minim veniam, quis nostrud exercitation ullamco laboris.Lorem ipsum dolor sit amet, consectetur adipiscing elit. Sed do eiusmod tempor incididunt ut labore et dolore magna aliqua. Ut enim ad minim veniam, quis nostrud exercitation ullamco laboris.Lorem ipsum dolor sit amet, consectetur adipiscing elit. Sed do eiusmod tempor incididunt ut labore et dolore magna aliqua. Ut enim ad minim veniam, quis nostrud exercitation ullamco laboris.",published,2025-07-13T14:54:09.862127,author_010,author_010@example.com,contributor,Business|Education,tdd|kubernetes,image_0006.webp,/uploads/image_0006.webp,image/webp,User 019,user019@example.com,Thanks for sharing this.
p_0084,Deep Dive into Gcp,gcp-0084,"Lorem ipsum dolor sit amet, consectetur adipiscing elit. Sed do eiusmod tempor incididunt ut labore et dolore magna aliqua. Ut enim ad minim veniam, quis nostrud exercitation ullamco laboris.Lorem ipsum dolor sit amet, consectetur adipiscing elit. Sed do eiusmod tempor incididunt ut labore et dolore magna aliqua. Ut enim ad minim veniam, quis nostrud exercitation ullamco laboris.Lorem ipsum dolor sit amet, consectetur adipiscing elit. Sed do eiusmod tempor incididunt ut labore et dolore magna aliqua. Ut enim ad minim veniam, quis nostrud exercitation ullamco laboris.",published,2025-07-13T14:54:09.862127,author_010,author_010@example.com,contributor,Business|Education,tdd|kubernetes,image_0006.webp,/uploads/image_0006.webp,image/webp,User 007,user007@example.com,This is exactly what I was looking for.
p_0085,Aws for Beginners,aws-0085,"Lorem ipsum dolor sit amet, consectetur adipiscing elit. Sed do eiusmod tempor incididunt ut labore et dolore magna aliqua. Ut enim ad minim veniam, quis nostrud exercitation ullamco laboris.",draft,,author_013,author_013@example.com,author,Photography|Business,tdd|react,image_0032.png,/uploads/image_0032.png,image/png,User 064,user064@example.com,This is exactly what I was looking for.
p_0085,Aws for Beginners,aws-0085,"Lorem ipsum dolor sit amet, consectetur adipiscing elit. Sed do eiusmod tempor incididunt ut labore et dolore magna aliqua. Ut enim ad minim veniam, quis nostrud exercitation ullamco laboris.",draft,,author_013,author_013@example.com,author,Photography|Business,tdd|react,image_0032.png,/uploads/image_0032.png,image/png,User 064,user064@example.com,Great post! Really helpful.
p_0085,Aws for Beginners,aws-0085,"Lorem ipsum dolor sit amet, consectetur adipiscing elit. Sed do eiusmod tempor incididunt ut labore et dolore magna aliqua. Ut enim ad minim veniam, quis nostrud exercitation ullamco laboris.",draft,,author_013,author_013@example.com,author,Photography|Business,tdd|react,image_0032.png,/uploads/image_0032.png,image/png,User 012,user012@example.com,Bookmarked for later reference.
p_0085,Aws for Beginners,aws-0085,"Lorem ipsum dolor sit amet, consectetur adipiscing elit. Sed do eiusmod tempor incididunt ut labore et dolore magna aliqua. Ut enim ad minim veniam, quis nostrud exercitation ullamco laboris.",draft,,author_013,author_013@example.com,author,Photography|Business,tdd|react,image_0032.png,/uploads/image_0032.png,image/png,User 065,user065@example.com,Just tried this approach -- it works.
p_0085,Aws for Beginners,aws-0085,"Lorem ipsum dolor sit amet, consectetur adipiscing elit. Sed do eiusmod tempor incididunt ut labore et dolore magna aliqua. Ut enim ad minim veniam, quis nostrud exercitation ullamco laboris.",draft,,author_013,author_013@example.com,author,Photography|Business,tdd|react,image_0032.png,/uploads/image_0032.png,image/png,User 031,user031@example.com,"Very insightful, looking forward to more."
p_0085,Aws for Beginners,aws-0085,"Lorem ipsum dolor sit amet, consectetur adipiscing elit. Sed do eiusmod tempor incididunt ut labore et dolore magna aliqua. Ut enim ad minim veniam, quis nostrud exercitation ullamco laboris.",draft,,author_013,author_013@example.com,author,Photography|Business,tdd|react,image_0032.png,/uploads/image_0032.png,image/png,User 075,user075@example.com,Could you elaborate on the second part?
p_0086,Getting Started with Javascript,javascript-0086,"Lorem ipsum dolor sit amet, consectetur adipiscing elit. Sed do eiusmod tempor incididunt ut labore et dolore magna aliqua. Ut enim ad minim veniam, quis nostrud exercitation ullamco laboris.Lorem ipsum dolor sit amet, consectetur adipiscing elit. Sed do eiusmod tempor incididunt ut labore et dolore magna aliqua. Ut enim ad minim veniam, quis nostrud exercitation ullamco laboris.Lorem ipsum dolor sit amet, consectetur adipiscing elit. Sed do eiusmod tempor incididunt ut labore et dolore magna aliqua. Ut enim ad minim veniam, quis nostrud exercitation ullamco laboris.",published,2025-09-08T14:54:09.862170,author_009,author_009@example.com,author,Health|Marketing|Technology,azure,image_0016.jpg,/uploads/image_0016.jpg,image/jpeg,User 098,user098@example.com,Bookmarked for later reference.
p_0086,Getting Started with Javascript,javascript-0086,"Lorem ipsum dolor sit amet, consectetur adipiscing elit. Sed do eiusmod tempor incididunt ut labore et dolore magna aliqua. Ut enim ad minim veniam, quis nostrud exercitation ullamco laboris.Lorem ipsum dolor sit amet, consectetur adipiscing elit. Sed do eiusmod tempor incididunt ut labore et dolore magna aliqua. Ut enim ad minim veniam, quis nostrud exercitation ullamco laboris.Lorem ipsum dolor sit amet, consectetur adipiscing elit. Sed do eiusmod tempor incididunt ut labore et dolore magna aliqua. Ut enim ad minim veniam, quis nostrud exercitation ullamco laboris.",published,2025-09-08T14:54:09.862170,author_009,author_009@example.com,author,Health|Marketing|Technology,azure,image_0016.jpg,/uploads/image_0016.jpg,image/jpeg,User 047,user047@example.com,Great post! Really helpful.
p_0086,Getting Started with Javascript,javascript-0086,"Lorem ipsum dolor sit amet, consectetur adipiscing elit. Sed do eiusmod tempor incididunt ut labore et dolore magna aliqua. Ut enim ad minim veniam, quis nostrud exercitation ullamco laboris.Lorem ipsum dolor sit amet, consectetur adipiscing elit. Sed do eiusmod tempor incididunt ut labore et dolore magna aliqua. Ut enim ad minim veniam, quis nostrud exercitation ullamco laboris.Lorem ipsum dolor sit amet, consectetur adipiscing elit. Sed do eiusmod tempor incididunt ut labore et dolore magna aliqua. Ut enim ad minim veniam, quis nostrud exercitation ullamco laboris.",published,2025-09-08T14:54:09.862170,author_009,author_009@example.com,author,Health|Marketing|Technology,azure,image_0016.jpg,/uploads/image_0016.jpg,image/jpeg,User 052,user052@example.com,Great post! Really helpful.
p_0086,Getting Started with Javascript,javascript-0086,"Lorem ipsum dolor sit amet, consectetur adipiscing elit. Sed do eiusmod tempor incididunt ut labore et dolore magna aliqua. Ut enim ad minim veniam, quis nostrud exercitation ullamco laboris.Lorem ipsum dolor sit amet, consectetur adipiscing elit. Sed do eiusmod tempor incididunt ut labore et dolore magna aliqua. Ut enim ad minim veniam, quis nostrud exercitation ullamco laboris.Lorem ipsum dolor sit amet, consectetur adipiscing elit. Sed do eiusmod tempor incididunt ut labore et dolore magna aliqua. Ut enim ad minim veniam, quis nostrud exercitation ullamco laboris.",published,2025-09-08T14:54:09.862170,author_009,author_009@example.com,author,Health|Marketing|Technology,azure,image_0016.jpg,/uploads/image_0016.jpg,image/jpeg,User 073,user073@example.com,Nice writeup. Subscribed.
p_0086,Getting Started with Javascript,javascript-0086,"Lorem ipsum dolor sit amet, consectetur adipiscing elit. Sed do eiusmod tempor incididunt ut labore et dolore magna aliqua. Ut enim ad minim veniam, quis nostrud exercitation ullamco laboris.Lorem ipsum dolor sit amet, consectetur adipiscing elit. Sed do eiusmod tempor incididunt ut labore et dolore magna aliqua. Ut enim ad minim veniam, quis nostrud exercitation ullamco laboris.Lorem ipsum dolor sit amet, consectetur adipiscing elit. Sed do eiusmod tempor incididunt ut labore et dolore magna aliqua. Ut enim ad minim veniam, quis nostrud exercitation ullamco laboris.",published,2025-09-08T14:54:09.862170,author_009,author_009@example.com,author,Health|Marketing|Technology,azure,image_0016.jpg,/uploads/image_0016.jpg,image/jpeg,User 025,user025@example.com,Could you elaborate on the second part?
p_0087,10 Tips for Mastering Mongodb,mongodb-0087,"Lorem ipsum dolor sit amet, consectetur adipiscing elit. Sed do eiusmod tempor incididunt ut labore et dolore magna aliqua. Ut enim ad minim veniam, quis nostrud exercitation ullamco laboris.Lorem ipsum dolor sit amet, consectetur adipiscing elit. Sed do eiusmod tempor incididunt ut labore et dolore magna aliqua. Ut enim ad minim veniam, quis nostrud exercitation ullamco laboris.Lorem ipsum dolor sit amet, consectetur adipiscing elit. Sed do eiusmod tempor incididunt ut labore et dolore magna aliqua. Ut enim ad minim veniam, quis nostrud exercitation ullamco laboris.",published,2025-11-03T14:54:09.862191,author_002,author_002@example.com,author,Photography|Programming,django|aws,image_0021.webp,/uploads/image_0021.webp,image/webp,User 047,user047@example.com,I disagree with point 3 -- here's why...
p_0087,10 Tips for Mastering Mongodb,mongodb-0087,"Lorem ipsum dolor sit amet, consectetur adipiscing elit. Sed do eiusmod tempor incididunt ut labore et dolore magna aliqua. Ut enim ad minim veniam, quis nostrud exercitation ullamco laboris.Lorem ipsum dolor sit amet, consectetur adipiscing elit. Sed do eiusmod tempor incididunt ut labore et dolore magna aliqua. Ut enim ad minim veniam, quis nostrud exercitation ullamco laboris.Lorem ipsum dolor sit amet, consectetur adipiscing elit. Sed do eiusmod tempor incididunt ut labore et dolore magna aliqua. Ut enim ad minim veniam, quis nostrud exercitation ullamco laboris.",published,2025-11-03T14:54:09.862191,author_002,author_002@example.com,author,Photography|Programming,django|aws,image_0021.webp,/uploads/image_0021.webp,image/webp,User 026,user026@example.com,I had a similar experience recently.
p_0087,10 Tips for Mastering Mongodb,mongodb-0087,"Lorem ipsum dolor sit amet, consectetur adipiscing elit. Sed do eiusmod tempor incididunt ut labore et dolore magna aliqua. Ut enim ad minim veniam, quis nostrud exercitation ullamco laboris.Lorem ipsum dolor sit amet, consectetur adipiscing elit. Sed do eiusmod tempor incididunt ut labore et dolore magna aliqua. Ut enim ad minim veniam, quis nostrud exercitation ullamco laboris.Lorem ipsum dolor sit amet, consectetur adipiscing elit. Sed do eiusmod tempor incididunt ut labore et dolore magna aliqua. Ut enim ad minim veniam, quis nostrud exercitation ullamco laboris.",published,2025-11-03T14:54:09.862191,author_002,author_002@example.com,author,Photography|Programming,django|aws,image_0021.webp,/uploads/image_0021.webp,image/webp,User 066,user066@example.com,Bookmarked for later reference.
p_0087,10 Tips for Mastering Mongodb,mongodb-0087,"Lorem ipsum dolor sit amet, consectetur adipiscing elit. Sed do eiusmod tempor incididunt ut labore et dolore magna aliqua. Ut enim ad minim veniam, quis nostrud exercitation ullamco laboris.Lorem ipsum dolor sit amet, consectetur adipiscing elit. Sed do eiusmod tempor incididunt ut labore et dolore magna aliqua. Ut enim ad minim veniam, quis nostrud exercitation ullamco laboris.Lorem ipsum dolor sit amet, consectetur adipiscing elit. Sed do eiusmod tempor incididunt ut labore et dolore magna aliqua. Ut enim ad minim veniam, quis nostrud exercitation ullamco laboris.",published,2025-11-03T14:54:09.862191,author_002,author_002@example.com,author,Photography|Programming,django|aws,image_0021.webp,/uploads/image_0021.webp,image/webp,User 065,user065@example.com,Great post! Really helpful.
p_0087,10 Tips for Mastering Mongodb,mongodb-0087,"Lorem ipsum dolor sit amet, consectetur adipiscing elit. Sed do eiusmod tempor incididunt ut labore et dolore magna aliqua. Ut enim ad minim veniam, quis nostrud exercitation ullamco laboris.Lorem ipsum dolor sit amet, consectetur adipiscing elit. Sed do eiusmod tempor incididunt ut labore et dolore magna aliqua. Ut enim ad minim veniam, quis nostrud exercitation ullamco laboris.Lorem ipsum dolor sit amet, consectetur adipiscing elit. Sed do eiusmod tempor incididunt ut labore et dolore magna aliqua. Ut enim ad minim veniam, quis nostrud exercitation ullamco laboris.",published,2025-11-03T14:54:09.862191,author_002,author_002@example.com,author,Photography|Programming,django|aws,image_0021.webp,/uploads/image_0021.webp,image/webp,User 006,user006@example.com,Great post! Really helpful.
p_0087,10 Tips for Mastering Mongodb,mongodb-0087,"Lorem ipsum dolor sit amet, consectetur adipiscing elit. Sed do eiusmod tempor incididunt ut labore et dolore magna aliqua. Ut enim ad minim veniam, quis nostrud exercitation ullamco laboris.Lorem ipsum dolor sit amet, consectetur adipiscing elit. Sed do eiusmod tempor incididunt ut labore et dolore magna aliqua. Ut enim ad minim veniam, quis nostrud exercitation ullamco laboris.Lorem ipsum dolor sit amet, consectetur adipiscing elit. Sed do eiusmod tempor incididunt ut labore et dolore magna aliqua. Ut enim ad minim veniam, quis nostrud exercitation ullamco laboris.",published,2025-11-03T14:54:09.862191,author_002,author_002@example.com,author,Photography|Programming,django|aws,image_0021.webp,/uploads/image_0021.webp,image/webp,User 018,user018@example.com,Could you elaborate on the second part?
p_0087,10 Tips for Mastering Mongodb,mongodb-0087,"Lorem ipsum dolor sit amet, consectetur adipiscing elit. Sed do eiusmod tempor incididunt ut labore et dolore magna aliqua. Ut enim ad minim veniam, quis nostrud exercitation ullamco laboris.Lorem ipsum dolor sit amet, consectetur adipiscing elit. Sed do eiusmod tempor incididunt ut labore et dolore magna aliqua. Ut enim ad minim veniam, quis nostrud exercitation ullamco laboris.Lorem ipsum dolor sit amet, consectetur adipiscing elit. Sed do eiusmod tempor incididunt ut labore et dolore magna aliqua. Ut enim ad minim veniam, quis nostrud exercitation ullamco laboris.",published,2025-11-03T14:54:09.862191,author_002,author_002@example.com,author,Photography|Programming,django|aws,image_0021.webp,/uploads/image_0021.webp,image/webp,User 061,user061@example.com,Nice writeup. Subscribed.
p_0088,Why Gcp Matters in 2024,gcp-0088,"Lorem ipsum dolor sit amet, consectetur adipiscing elit. Sed do eiusmod tempor incididunt ut labore et dolore magna aliqua. Ut enim ad minim veniam, quis nostrud exercitation ullamco laboris.Lorem ipsum dolor sit amet, consectetur adipiscing elit. Sed do eiusmod tempor incididunt ut labore et dolore magna aliqua. Ut enim ad minim veniam, quis nostrud exercitation ullamco laboris.Lorem ipsum dolor sit amet, consectetur adipiscing elit. Sed do eiusmod tempor incididunt ut labore et dolore magna aliqua. Ut enim ad minim veniam, quis nostrud exercitation ullamco laboris.",published,2025-08-29T14:54:09.862216,author_019,author_019@example.com,author,Web Development|Education,postgresql|docker|nosql,,,,User 063,user063@example.com,I had a similar experience recently.
p_0088,Why Gcp Matters in 2024,gcp-0088,"Lorem ipsum dolor sit amet, consectetur adipiscing elit. Sed do eiusmod tempor incididunt ut labore et dolore magna aliqua. Ut enim ad minim veniam, quis nostrud exercitation ullamco laboris.Lorem ipsum dolor sit amet, consectetur adipiscing elit. Sed do eiusmod tempor incididunt ut labore et dolore magna aliqua. Ut enim ad minim veniam, quis nostrud exercitation ullamco laboris.Lorem ipsum dolor sit amet, consectetur adipiscing elit. Sed do eiusmod tempor incididunt ut labore et dolore magna aliqua. Ut enim ad minim veniam, quis nostrud exercitation ullamco laboris.",published,2025-08-29T14:54:09.862216,author_019,author_019@example.com,author,Web Development|Education,postgresql|docker|nosql,,,,User 039,user039@example.com,Just tried this approach -- it works.
p_0088,Why Gcp Matters in 2024,gcp-0088,"Lorem ipsum dolor sit amet, consectetur adipiscing elit. Sed do eiusmod tempor incididunt ut labore et dolore magna aliqua. Ut enim ad minim veniam, quis nostrud exercitation ullamco laboris.Lorem ipsum dolor sit amet, consectetur adipiscing elit. Sed do eiusmod tempor incididunt ut labore et dolore magna aliqua. Ut enim ad minim veniam, quis nostrud exercitation ullamco laboris.Lorem ipsum dolor sit amet, consectetur adipiscing elit. Sed do eiusmod tempor incididunt ut labore et dolore magna aliqua. Ut enim ad minim veniam, quis nostrud exercitation ullamco laboris.",published,2025-08-29T14:54:09.862216,author_019,author_019@example.com,author,Web Development|Education,postgresql|docker|nosql,,,,User 003,user003@example.com,Could you elaborate on the second part?
p_0088,Why Gcp Matters in 2024,gcp-0088,"Lorem ipsum dolor sit amet, consectetur adipiscing elit. Sed do eiusmod tempor incididunt ut labore et dolore magna aliqua. Ut enim ad minim veniam, quis nostrud exercitation ullamco laboris.Lorem ipsum dolor sit amet, consectetur adipiscing elit. Sed do eiusmod tempor incididunt ut labore et dolore magna aliqua. Ut enim ad minim veniam, quis nostrud exercitation ullamco laboris.Lorem ipsum dolor sit amet, consectetur adipiscing elit. Sed do eiusmod tempor incididunt ut labore et dolore magna aliqua. Ut enim ad minim veniam, quis nostrud exercitation ullamco laboris.",published,2025-08-29T14:54:09.862216,author_019,author_019@example.com,author,Web Development|Education,postgresql|docker|nosql,,,,User 043,user043@example.com,Thanks for sharing this.
p_0088,Why Gcp Matters in 2024,gcp-0088,"Lorem ipsum dolor sit amet, consectetur adipiscing elit. Sed do eiusmod tempor incididunt ut labore et dolore magna aliqua. Ut enim ad minim veniam, quis nostrud exercitation ullamco laboris.Lorem ipsum dolor sit amet, consectetur adipiscing elit. Sed do eiusmod tempor incididunt ut labore et dolore magna aliqua. Ut enim ad minim veniam, quis nostrud exercitation ullamco laboris.Lorem ipsum dolor sit amet, consectetur adipiscing elit. Sed do eiusmod tempor incididunt ut labore et dolore magna aliqua. Ut enim ad minim veniam, quis nostrud exercitation ullamco laboris.",published,2025-08-29T14:54:09.862216,author_019,author_019@example.com,author,Web Development|Education,postgresql|docker|nosql,,,,User 054,user054@example.com,I had a similar experience recently.
p_0088,Why Gcp Matters in 2024,gcp-0088,"Lorem ipsum dolor sit amet, consectetur adipiscing elit. Sed do eiusmod tempor incididunt ut labore et dolore magna aliqua. Ut enim ad minim veniam, quis nostrud exercitation ullamco laboris.Lorem ipsum dolor sit amet, consectetur adipiscing elit. Sed do eiusmod tempor incididunt ut labore et dolore magna aliqua. Ut enim ad minim veniam, quis nostrud exercitation ullamco laboris.Lorem ipsum dolor sit amet, consectetur adipiscing elit. Sed do eiusmod tempor incididunt ut labore et dolore magna aliqua. Ut enim ad minim veniam, quis nostrud exercitation ullamco laboris.",published,2025-08-29T14:54:09.862216,author_019,author_019@example.com,author,Web Development|Education,postgresql|docker|nosql,,,,User 040,user040@example.com,Great post! Really helpful.
p_0088,Why Gcp Matters in 2024,gcp-0088,"Lorem ipsum dolor sit amet, consectetur adipiscing elit. Sed do eiusmod tempor incididunt ut labore et dolore magna aliqua. Ut enim ad minim veniam, quis nostrud exercitation ullamco laboris.Lorem ipsum dolor sit amet, consectetur adipiscing elit. Sed do eiusmod tempor incididunt ut labore et dolore magna aliqua. Ut enim ad minim veniam, quis nostrud exercitation ullamco laboris.Lorem ipsum dolor sit amet, consectetur adipiscing elit. Sed do eiusmod tempor incididunt ut labore et dolore magna aliqua. Ut enim ad minim veniam, quis nostrud exercitation ullamco laboris.",published,2025-08-29T14:54:09.862216,author_019,author_019@example.com,author,Web Development|Education,postgresql|docker|nosql,,,,User 077,user077@example.com,Just tried this approach -- it works.
p_0089,Css for Beginners,css-0089,"Lorem ipsum dolor sit amet, consectetur adipiscing elit. Sed do eiusmod tempor incididunt ut labore et dolore magna aliqua. Ut enim ad minim veniam, quis nostrud exercitation ullamco laboris.Lorem ipsum dolor sit amet, consectetur adipiscing elit. Sed do eiusmod tempor incididunt ut labore et dolore magna aliqua. Ut enim ad minim veniam, quis nostrud exercitation ullamco laboris.Lorem ipsum dolor sit amet, consectetur adipiscing elit. Sed do eiusmod tempor incididunt ut labore et dolore magna aliqua. Ut enim ad minim veniam, quis nostrud exercitation ullamco laboris.",published,2026-01-23T14:54:09.862242,author_018,author_018@example.com,author,Web Development|Travel,flask|rest-api|github|nodejs,image_0044.png,/uploads/image_0044.png,image/png,User 025,user025@example.com,Great post! Really helpful.
p_0089,Css for Beginners,css-0089,"Lorem ipsum dolor sit amet, consectetur adipiscing elit. Sed do eiusmod tempor incididunt ut labore et dolore magna aliqua. Ut enim ad minim veniam, quis nostrud exercitation ullamco laboris.Lorem ipsum dolor sit amet, consectetur adipiscing elit. Sed do eiusmod tempor incididunt ut labore et dolore magna aliqua. Ut enim ad minim veniam, quis nostrud exercitation ullamco laboris.Lorem ipsum dolor sit amet, consectetur adipiscing elit. Sed do eiusmod tempor incididunt ut labore et dolore magna aliqua. Ut enim ad minim veniam, quis nostrud exercitation ullamco laboris.",published,2026-01-23T14:54:09.862242,author_018,author_018@example.com,author,Web Development|Travel,flask|rest-api|github|nodejs,image_0044.png,/uploads/image_0044.png,image/png,User 057,user057@example.com,Could you elaborate on the second part?
p_0089,Css for Beginners,css-0089,"Lorem ipsum dolor sit amet, consectetur adipiscing elit. Sed do eiusmod tempor incididunt ut labore et dolore magna aliqua. Ut enim ad minim veniam, quis nostrud exercitation ullamco laboris.Lorem ipsum dolor sit amet, consectetur adipiscing elit. Sed do eiusmod tempor incididunt ut labore et dolore magna aliqua. Ut enim ad minim veniam, quis nostrud exercitation ullamco laboris.Lorem ipsum dolor sit amet, consectetur adipiscing elit. Sed do eiusmod tempor incididunt ut labore et dolore magna aliqua. Ut enim ad minim veniam, quis nostrud exercitation ullamco laboris.",published,2026-01-23T14:54:09.862242,author_018,author_018@example.com,author,Web Development|Travel,flask|rest-api|github|nodejs,image_0044.png,/uploads/image_0044.png,image/png,User 054,user054@example.com,I disagree with point 3 -- here's why...
p_0090,Deep Dive into Azure,azure-0090,"Lorem ipsum dolor sit amet, consectetur adipiscing elit. Sed do eiusmod tempor incididunt ut labore et dolore magna aliqua. Ut enim ad minim veniam, quis nostrud exercitation ullamco laboris.Lorem ipsum dolor sit amet, consectetur adipiscing elit. Sed do eiusmod tempor incididunt ut labore et dolore magna aliqua. Ut enim ad minim veniam, quis nostrud exercitation ullamco laboris.",draft,,author_013,author_013@example.com,author,Technology|Web Development|Design,github|sql|nosql,image_0011.webp,/uploads/image_0011.webp,image/webp,User 069,user069@example.com,Could you elaborate on the second part?
p_0090,Deep Dive into Azure,azure-0090,"Lorem ipsum dolor sit amet, consectetur adipiscing elit. Sed do eiusmod tempor incididunt ut labore et dolore magna aliqua. Ut enim ad minim veniam, quis nostrud exercitation ullamco laboris.Lorem ipsum dolor sit amet, consectetur adipiscing elit. Sed do eiusmod tempor incididunt ut labore et dolore magna aliqua. Ut enim ad minim veniam, quis nostrud exercitation ullamco laboris.",draft,,author_013,author_013@example.com,author,Technology|Web Development|Design,github|sql|nosql,image_0011.webp,/uploads/image_0011.webp,image/webp,User 070,user070@example.com,Could you elaborate on the second part?
p_0090,Deep Dive into Azure,azure-0090,"Lorem ipsum dolor sit amet, consectetur adipiscing elit. Sed do eiusmod tempor incididunt ut labore et dolore magna aliqua. Ut enim ad minim veniam, quis nostrud exercitation ullamco laboris.Lorem ipsum dolor sit amet, consectetur adipiscing elit. Sed do eiusmod tempor incididunt ut labore et dolore magna aliqua. Ut enim ad minim veniam, quis nostrud exercitation ullamco laboris.",draft,,author_013,author_013@example.com,author,Technology|Web Development|Design,github|sql|nosql,image_0011.webp,/uploads/image_0011.webp,image/webp,User 087,user087@example.com,This is exactly what I was looking for.
p_0090,Deep Dive into Azure,azure-0090,"Lorem ipsum dolor sit amet, consectetur adipiscing elit. Sed do eiusmod tempor incididunt ut labore et dolore magna aliqua. Ut enim ad minim veniam, quis nostrud exercitation ullamco laboris.Lorem ipsum dolor sit amet, consectetur adipiscing elit. Sed do eiusmod tempor incididunt ut labore et dolore magna aliqua. Ut enim ad minim veniam, quis nostrud exercitation ullamco laboris.",draft,,author_013,author_013@example.com,author,Technology|Web Development|Design,github|sql|nosql,image_0011.webp,/uploads/image_0011.webp,image/webp,User 079,user079@example.com,Just tried this approach -- it works.
p_0090,Deep Dive into Azure,azure-0090,"Lorem ipsum dolor sit amet, consectetur adipiscing elit. Sed do eiusmod tempor incididunt ut labore et dolore magna aliqua. Ut enim ad minim veniam, quis nostrud exercitation ullamco laboris.Lorem ipsum dolor sit amet, consectetur adipiscing elit. Sed do eiusmod tempor incididunt ut labore et dolore magna aliqua. Ut enim ad minim veniam, quis nostrud exercitation ullamco laboris.",draft,,author_013,author_013@example.com,author,Technology|Web Development|Design,github|sql|nosql,image_0011.webp,/uploads/image_0011.webp,image/webp,User 025,user025@example.com,"Very insightful, looking forward to more."
p_0090,Deep Dive into Azure,azure-0090,"Lorem ipsum dolor sit amet, consectetur adipiscing elit. Sed do eiusmod tempor incididunt ut labore et dolore magna aliqua. Ut enim ad minim veniam, quis nostrud exercitation ullamco laboris.Lorem ipsum dolor sit amet, consectetur adipiscing elit. Sed do eiusmod tempor incididunt ut labore et dolore magna aliqua. Ut enim ad minim veniam, quis nostrud exercitation ullamco laboris.",draft,,author_013,author_013@example.com,author,Technology|Web Development|Design,github|sql|nosql,image_0011.webp,/uploads/image_0011.webp,image/webp,User 036,user036@example.com,Nice writeup. Subscribed.
p_0091,Deep Dive into Html,html-0091,"Lorem ipsum dolor sit amet, consectetur adipiscing elit. Sed do eiusmod tempor incididunt ut labore et dolore magna aliqua. Ut enim ad minim veniam, quis nostrud exercitation ullamco laboris.Lorem ipsum dolor sit amet, consectetur adipiscing elit. Sed do eiusmod tempor incididunt ut labore et dolore magna aliqua. Ut enim ad minim veniam, quis nostrud exercitation ullamco laboris.Lorem ipsum dolor sit amet, consectetur adipiscing elit. Sed do eiusmod tempor incididunt ut labore et dolore magna aliqua. Ut enim ad minim veniam, quis nostrud exercitation ullamco laboris.",published,2025-12-23T14:54:09.862287,author_009,author_009@example.com,author,Health|Business|Photography,mongodb|devops|agile,,,,User 016,user016@example.com,I had a similar experience recently.
p_0091,Deep Dive into Html,html-0091,"Lorem ipsum dolor sit amet, consectetur adipiscing elit. Sed do eiusmod tempor incididunt ut labore et dolore magna aliqua. Ut enim ad minim veniam, quis nostrud exercitation ullamco laboris.Lorem ipsum dolor sit amet, consectetur adipiscing elit. Sed do eiusmod tempor incididunt ut labore et dolore magna aliqua. Ut enim ad minim veniam, quis nostrud exercitation ullamco laboris.Lorem ipsum dolor sit amet, consectetur adipiscing elit. Sed do eiusmod tempor incididunt ut labore et dolore magna aliqua. Ut enim ad minim veniam, quis nostrud exercitation ullamco laboris.",published,2025-12-23T14:54:09.862287,author_009,author_009@example.com,author,Health|Business|Photography,mongodb|devops|agile,,,,User 087,user087@example.com,Nice writeup. Subscribed.
p_0091,Deep Dive into Html,html-0091,"Lorem ipsum dolor sit amet, consectetur adipiscing elit. Sed do eiusmod tempor incididunt ut labore et dolore magna aliqua. Ut enim ad minim veniam, quis nostrud exercitation ullamco laboris.Lorem ipsum dolor sit amet, consectetur adipiscing elit. Sed do eiusmod tempor incididunt ut labore et dolore magna aliqua. Ut enim ad minim veniam, quis nostrud exercitation ullamco laboris.Lorem ipsum dolor sit amet, consectetur adipiscing elit. Sed do eiusmod tempor incididunt ut labore et dolore magna aliqua. Ut enim ad minim veniam, quis nostrud exercitation ullamco laboris.",published,2025-12-23T14:54:09.862287,author_009,author_009@example.com,author,Health|Business|Photography,mongodb|devops|agile,,,,User 049,user049@example.com,Bookmarked for later reference.
p_0091,Deep Dive into Html,html-0091,"Lorem ipsum dolor sit amet, consectetur adipiscing elit. Sed do eiusmod tempor incididunt ut labore et dolore magna aliqua. Ut enim ad minim veniam, quis nostrud exercitation ullamco laboris.Lorem ipsum dolor sit amet, consectetur adipiscing elit. Sed do eiusmod tempor incididunt ut labore et dolore magna aliqua. Ut enim ad minim veniam, quis nostrud exercitation ullamco laboris.Lorem ipsum dolor sit amet, consectetur adipiscing elit. Sed do eiusmod tempor incididunt ut labore et dolore magna aliqua. Ut enim ad minim veniam, quis nostrud exercitation ullamco laboris.",published,2025-12-23T14:54:09.862287,author_009,author_009@example.com,author,Health|Business|Photography,mongodb|devops|agile,,,,User 045,user045@example.com,I disagree with point 3 -- here's why...
p_0091,Deep Dive into Html,html-0091,"Lorem ipsum dolor sit amet, consectetur adipiscing elit. Sed do eiusmod tempor incididunt ut labore et dolore magna aliqua. Ut enim ad minim veniam, quis nostrud exercitation ullamco laboris.Lorem ipsum dolor sit amet, consectetur adipiscing elit. Sed do eiusmod tempor incididunt ut labore et dolore magna aliqua. Ut enim ad minim veniam, quis nostrud exercitation ullamco laboris.Lorem ipsum dolor sit amet, consectetur adipiscing elit. Sed do eiusmod tempor incididunt ut labore et dolore magna aliqua. Ut enim ad minim veniam, quis nostrud exercitation ullamco laboris.",published,2025-12-23T14:54:09.862287,author_009,author_009@example.com,author,Health|Business|Photography,mongodb|devops|agile,,,,User 038,user038@example.com,Great post! Really helpful.
p_0092,Best Practices for Html,html-0092,"Lorem ipsum dolor sit amet, consectetur adipiscing elit. Sed do eiusmod tempor incididunt ut labore et dolore magna aliqua. Ut enim ad minim veniam, quis nostrud exercitation ullamco laboris.Lorem ipsum dolor sit amet, consectetur adipiscing elit. Sed do eiusmod tempor incididunt ut labore et dolore magna aliqua. Ut enim ad minim veniam, quis nostrud exercitation ullamco laboris.Lorem ipsum dolor sit amet, consectetur adipiscing elit. Sed do eiusmod tempor incididunt ut labore et dolore magna aliqua. Ut enim ad minim veniam, quis nostrud exercitation ullamco laboris.",published,2025-10-05T14:54:09.862309,author_011,author_011@example.com,contributor,Design|Photography,devops|mongodb|ci-cd,image_0006.webp,/uploads/image_0006.webp,image/webp,User 095,user095@example.com,I had a similar experience recently.
p_0092,Best Practices for Html,html-0092,"Lorem ipsum dolor sit amet, consectetur adipiscing elit. Sed do eiusmod tempor incididunt ut labore et dolore magna aliqua. Ut enim ad minim veniam, quis nostrud exercitation ullamco laboris.Lorem ipsum dolor sit amet, consectetur adipiscing elit. Sed do eiusmod tempor incididunt ut labore et dolore magna aliqua. Ut enim ad minim veniam, quis nostrud exercitation ullamco laboris.Lorem ipsum dolor sit amet, consectetur adipiscing elit. Sed do eiusmod tempor incididunt ut labore et dolore magna aliqua. Ut enim ad minim veniam, quis nostrud exercitation ullamco laboris.",published,2025-10-05T14:54:09.862309,author_011,author_011@example.com,contributor,Design|Photography,devops|mongodb|ci-cd,image_0006.webp,/uploads/image_0006.webp,image/webp,User 031,user031@example.com,"Very insightful, looking forward to more."
p_0092,Best Practices for Html,html-0092,"Lorem ipsum dolor sit amet, consectetur adipiscing elit. Sed do eiusmod tempor incididunt ut labore et dolore magna aliqua. Ut enim ad minim veniam, quis nostrud exercitation ullamco laboris.Lorem ipsum dolor sit amet, consectetur adipiscing elit. Sed do eiusmod tempor incididunt ut labore et dolore magna aliqua. Ut enim ad minim veniam, quis nostrud exercitation ullamco laboris.Lorem ipsum dolor sit amet, consectetur adipiscing elit. Sed do eiusmod tempor incididunt ut labore et dolore magna aliqua. Ut enim ad minim veniam, quis nostrud exercitation ullamco laboris.",published,2025-10-05T14:54:09.862309,author_011,author_011@example.com,contributor,Design|Photography,devops|mongodb|ci-cd,image_0006.webp,/uploads/image_0006.webp,image/webp,User 007,user007@example.com,Nice writeup. Subscribed.
p_0092,Best Practices for Html,html-0092,"Lorem ipsum dolor sit amet, consectetur adipiscing elit. Sed do eiusmod tempor incididunt ut labore et dolore magna aliqua. Ut enim ad minim veniam, quis nostrud exercitation ullamco laboris.Lorem ipsum dolor sit amet, consectetur adipiscing elit. Sed do eiusmod tempor incididunt ut labore et dolore magna aliqua. Ut enim ad minim veniam, quis nostrud exercitation ullamco laboris.Lorem ipsum dolor sit amet, consectetur adipiscing elit. Sed do eiusmod tempor incididunt ut labore et dolore magna aliqua. Ut enim ad minim veniam, quis nostrud exercitation ullamco laboris.",published,2025-10-05T14:54:09.862309,author_011,author_011@example.com,contributor,Design|Photography,devops|mongodb|ci-cd,image_0006.webp,/uploads/image_0006.webp,image/webp,User 029,user029@example.com,"Very insightful, looking forward to more."
p_0092,Best Practices for Html,html-0092,"Lorem ipsum dolor sit amet, consectetur adipiscing elit. Sed do eiusmod tempor incididunt ut labore et dolore magna aliqua. Ut enim ad minim veniam, quis nostrud exercitation ullamco laboris.Lorem ipsum dolor sit amet, consectetur adipiscing elit. Sed do eiusmod tempor incididunt ut labore et dolore magna aliqua. Ut enim ad minim veniam, quis nostrud exercitation ullamco laboris.Lorem ipsum dolor sit amet, consectetur adipiscing elit. Sed do eiusmod tempor incididunt ut labore et dolore magna aliqua. Ut enim ad minim veniam, quis nostrud exercitation ullamco laboris.",published,2025-10-05T14:54:09.862309,author_011,author_011@example.com,contributor,Design|Photography,devops|mongodb|ci-cd,image_0006.webp,/uploads/image_0006.webp,image/webp,User 007,user007@example.com,Thanks for sharing this.
p_0092,Best Practices for Html,html-0092,"Lorem ipsum dolor sit amet, consectetur adipiscing elit. Sed do eiusmod tempor incididunt ut labore et dolore magna aliqua. Ut enim ad minim veniam, quis nostrud exercitation ullamco laboris.Lorem ipsum dolor sit amet, consectetur adipiscing elit. Sed do eiusmod tempor incididunt ut labore et dolore magna aliqua. Ut enim ad minim veniam, quis nostrud exercitation ullamco laboris.Lorem ipsum dolor sit amet, consectetur adipiscing elit. Sed do eiusmod tempor incididunt ut labore et dolore magna aliqua. Ut enim ad minim veniam, quis nostrud exercitation ullamco laboris.",published,2025-10-05T14:54:09.862309,author_011,author_011@example.com,contributor,Design|Photography,devops|mongodb|ci-cd,image_0006.webp,/uploads/image_0006.webp,image/webp,User 053,user053@example.com,Could you elaborate on the second part?
p_0092,Best Practices for Html,html-0092,"Lorem ipsum dolor sit amet, consectetur adipiscing elit. Sed do eiusmod tempor incididunt ut labore et dolore magna aliqua. Ut enim ad minim veniam, quis nostrud exercitation ullamco laboris.Lorem ipsum dolor sit amet, consectetur adipiscing elit. Sed do eiusmod tempor incididunt ut labore et dolore magna aliqua. Ut enim ad minim veniam, quis nostrud exercitation ullamco laboris.Lorem ipsum dolor sit amet, consectetur adipiscing elit. Sed do eiusmod tempor incididunt ut labore et dolore magna aliqua. Ut enim ad minim veniam, quis nostrud exercitation ullamco laboris.",published,2025-10-05T14:54:09.862309,author_011,author_011@example.com,contributor,Design|Photography,devops|mongodb|ci-cd,image_0006.webp,/uploads/image_0006.webp,image/webp,User 092,user092@example.com,Just tried this approach -- it works.
p_0093,Why Django Matters in 2024,django-0093,"Lorem ipsum dolor sit amet, consectetur adipiscing elit. Sed do eiusmod tempor incididunt ut labore et dolore magna aliqua. Ut enim ad minim veniam, quis nostrud exercitation ullamco laboris.",draft,,author_000,author_000@example.com,contributor,Health|Photography,tdd|html,image_0041.png,/uploads/image_0041.png,image/png,User 099,user099@example.com,Thanks for sharing this.
p_0093,Why Django Matters in 2024,django-0093,"Lorem ipsum dolor sit amet, consectetur adipiscing elit. Sed do eiusmod tempor incididunt ut labore et dolore magna aliqua. Ut enim ad minim veniam, quis nostrud exercitation ullamco laboris.",draft,,author_000,author_000@example.com,contributor,Health|Photography,tdd|html,image_0041.png,/uploads/image_0041.png,image/png,User 084,user084@example.com,I had a similar experience recently.
p_0093,Why Django Matters in 2024,django-0093,"Lorem ipsum dolor sit amet, consectetur adipiscing elit. Sed do eiusmod tempor incididunt ut labore et dolore magna aliqua. Ut enim ad minim veniam, quis nostrud exercitation ullamco laboris.",draft,,author_000,author_000@example.com,contributor,Health|Photography,tdd|html,image_0041.png,/uploads/image_0041.png,image/png,User 030,user030@example.com,Nice writeup. Subscribed.
p_0094,Getting Started with Testing,testing-0094,"Lorem ipsum dolor sit amet, consectetur adipiscing elit. Sed do eiusmod tempor incididunt ut labore et dolore magna aliqua. Ut enim ad minim veniam, quis nostrud exercitation ullamco laboris.",draft,,author_005,author_005@example.com,author,Education,react|devops|testing|graphql,,,,User 002,user002@example.com,This is exactly what I was looking for.
p_0094,Getting Started with Testing,testing-0094,"Lorem ipsum dolor sit amet, consectetur adipiscing elit. Sed do eiusmod tempor incididunt ut labore et dolore magna aliqua. Ut enim ad minim veniam, quis nostrud exercitation ullamco laboris.",draft,,author_005,author_005@example.com,author,Education,react|devops|testing|graphql,,,,User 073,user073@example.com,I had a similar experience recently.
p_0094,Getting Started with Testing,testing-0094,"Lorem ipsum dolor sit amet, consectetur adipiscing elit. Sed do eiusmod tempor incididunt ut labore et dolore magna aliqua. Ut enim ad minim veniam, quis nostrud exercitation ullamco laboris.",draft,,author_005,author_005@example.com,author,Education,react|devops|testing|graphql,,,,User 014,user014@example.com,Could you elaborate on the second part?
p_0095,Building Production-Ready Html Apps,html-0095,"Lorem ipsum dolor sit amet, consectetur adipiscing elit. Sed do eiusmod tempor incididunt ut labore et dolore magna aliqua. Ut enim ad minim veniam, quis nostrud exercitation ullamco laboris.",published,2025-08-24T14:54:09.862367,author_017,author_017@example.com,author,Health|Marketing|Design,docker,image_0029.png,/uploads/image_0029.png,image/png,User 092,user092@example.com,I disagree with point 3 -- here's why...
p_0095,Building Production-Ready Html Apps,html-0095,"Lorem ipsum dolor sit amet, consectetur adipiscing elit. Sed do eiusmod tempor incididunt ut labore et dolore magna aliqua. Ut enim ad minim veniam, quis nostrud exercitation ullamco laboris.",published,2025-08-24T14:54:09.862367,author_017,author_017@example.com,author,Health|Marketing|Design,docker,image_0029.png,/uploads/image_0029.png,image/png,User 002,user002@example.com,Could you elaborate on the second part?
p_0095,Building Production-Ready Html Apps,html-0095,"Lorem ipsum dolor sit amet, consectetur adipiscing elit. Sed do eiusmod tempor incididunt ut labore et dolore magna aliqua. Ut enim ad minim veniam, quis nostrud exercitation ullamco laboris.",published,2025-08-24T14:54:09.862367,author_017,author_017@example.com,author,Health|Marketing|Design,docker,image_0029.png,/uploads/image_0029.png,image/png,User 038,user038@example.com,I had a similar experience recently.
p_0095,Building Production-Ready Html Apps,html-0095,"Lorem ipsum dolor sit amet, consectetur adipiscing elit. Sed do eiusmod tempor incididunt ut labore et dolore magna aliqua. Ut enim ad minim veniam, quis nostrud exercitation ullamco laboris.",published,2025-08-24T14:54:09.862367,author_017,author_017@example.com,author,Health|Marketing|Design,docker,image_0029.png,/uploads/image_0029.png,image/png,User 087,user087@example.com,"Very insightful, looking forward to more."
p_0095,Building Production-Ready Html Apps,html-0095,"Lorem ipsum dolor sit amet, consectetur adipiscing elit. Sed do eiusmod tempor incididunt ut labore et dolore magna aliqua. Ut enim ad minim veniam, quis nostrud exercitation ullamco laboris.",published,2025-08-24T14:54:09.862367,author_017,author_017@example.com,author,Health|Marketing|Design,docker,image_0029.png,/uploads/image_0029.png,image/png,User 023,user023@example.com,I had a similar experience recently.
p_0096,Graphql vs Alternatives,graphql-0096,"Lorem ipsum dolor sit amet, consectetur adipiscing elit. Sed do eiusmod tempor incididunt ut labore et dolore magna aliqua. Ut enim ad minim veniam, quis nostrud exercitation ullamco laboris.Lorem ipsum dolor sit amet, consectetur adipiscing elit. Sed do eiusmod tempor incididunt ut labore et dolore magna aliqua. Ut enim ad minim veniam, quis nostrud exercitation ullamco laboris.",published,2025-08-29T14:54:09.862387,author_013,author_013@example.com,author,Programming|Web Development|Travel,docker|devops|nodejs|python,image_0015.jpg,/uploads/image_0015.jpg,image/jpeg,User 097,user097@example.com,This is exactly what I was looking for.
p_0096,Graphql vs Alternatives,graphql-0096,"Lorem ipsum dolor sit amet, consectetur adipiscing elit. Sed do eiusmod tempor incididunt ut labore et dolore magna aliqua. Ut enim ad minim veniam, quis nostrud exercitation ullamco laboris.Lorem ipsum dolor sit amet, consectetur adipiscing elit. Sed do eiusmod tempor incididunt ut labore et dolore magna aliqua. Ut enim ad minim veniam, quis nostrud exercitation ullamco laboris.",published,2025-08-29T14:54:09.862387,author_013,author_013@example.com,author,Programming|Web Development|Travel,docker|devops|nodejs|python,image_0015.jpg,/uploads/image_0015.jpg,image/jpeg,User 043,user043@example.com,This is exactly what I was looking for.
p_0096,Graphql vs Alternatives,graphql-0096,"Lorem ipsum dolor sit amet, consectetur adipiscing elit. Sed do eiusmod tempor incididunt ut labore et dolore magna aliqua. Ut enim ad minim veniam, quis nostrud exercitation ullamco laboris.Lorem ipsum dolor sit amet, consectetur adipiscing elit. Sed do eiusmod tempor incididunt ut labore et dolore magna aliqua. Ut enim ad minim veniam, quis nostrud exercitation ullamco laboris.",published,2025-08-29T14:54:09.862387,author_013,author_013@example.com,author,Programming|Web Development|Travel,docker|devops|nodejs|python,image_0015.jpg,/uploads/image_0015.jpg,image/jpeg,User 075,user075@example.com,I had a similar experience recently.
p_0096,Graphql vs Alternatives,graphql-0096,"Lorem ipsum dolor sit amet, consectetur adipiscing elit. Sed do eiusmod tempor incididunt ut labore et dolore magna aliqua. Ut enim ad minim veniam, quis nostrud exercitation ullamco laboris.Lorem ipsum dolor sit amet, consectetur adipiscing elit. Sed do eiusmod tempor incididunt ut labore et dolore magna aliqua. Ut enim ad minim veniam, quis nostrud exercitation ullamco laboris.",published,2025-08-29T14:54:09.862387,author_013,author_013@example.com,author,Programming|Web Development|Travel,docker|devops|nodejs|python,image_0015.jpg,/uploads/image_0015.jpg,image/jpeg,User 002,user002@example.com,This is exactly what I was looking for.
p_0096,Graphql vs Alternatives,graphql-0096,"Lorem ipsum dolor sit amet, consectetur adipiscing elit. Sed do eiusmod tempor incididunt ut labore et dolore magna aliqua. Ut enim ad minim veniam, quis nostrud exercitation ullamco laboris.Lorem ipsum dolor sit amet, consectetur adipiscing elit. Sed do eiusmod tempor incididunt ut labore et dolore magna aliqua. Ut enim ad minim veniam, quis nostrud exercitation ullamco laboris.",published,2025-08-29T14:54:09.862387,author_013,author_013@example.com,author,Programming|Web Development|Travel,docker|devops|nodejs|python,image_0015.jpg,/uploads/image_0015.jpg,image/jpeg,User 084,user084@example.com,Could you elaborate on the second part?
p_0096,Graphql vs Alternatives,graphql-0096,"Lorem ipsum dolor sit amet, consectetur adipiscing elit. Sed do eiusmod tempor incididunt ut labore et dolore magna aliqua. Ut enim ad minim veniam, quis nostrud exercitation ullamco laboris.Lorem ipsum dolor sit amet, consectetur adipiscing elit. Sed do eiusmod tempor incididunt ut labore et dolore magna aliqua. Ut enim ad minim veniam, quis nostrud exercitation ullamco laboris.",published,2025-08-29T14:54:09.862387,author_013,author_013@example.com,author,Programming|Web Development|Travel,docker|devops|nodejs|python,image_0015.jpg,/uploads/image_0015.jpg,image/jpeg,User 089,user089@example.com,"Very insightful, looking forward to more."
p_0097,Best Practices for Javascript,javascript-0097,"Lorem ipsum dolor sit amet, consectetur adipiscing elit. Sed do eiusmod tempor incididunt ut labore et dolore magna aliqua. Ut enim ad minim veniam, quis nostrud exercitation ullamco laboris.Lorem ipsum dolor sit amet, consectetur adipiscing elit. Sed do eiusmod tempor incididunt ut labore et dolore magna aliqua. Ut enim ad minim veniam, quis nostrud exercitation ullamco laboris.Lorem ipsum dolor sit amet, consectetur adipiscing elit. Sed do eiusmod tempor incididunt ut labore et dolore magna aliqua. Ut enim ad minim veniam, quis nostrud exercitation ullamco laboris.",published,2025-12-13T14:54:09.862414,author_014,author_014@example.com,contributor,Marketing|Programming|Photography,redis|nodejs|flask,image_0029.png,/uploads/image_0029.png,image/png,User 048,user048@example.com,Bookmarked for later reference.
p_0097,Best Practices for Javascript,javascript-0097,"Lorem ipsum dolor sit amet, consectetur adipiscing elit. Sed do eiusmod tempor incididunt ut labore et dolore magna aliqua. Ut enim ad minim veniam, quis nostrud exercitation ullamco laboris.Lorem ipsum dolor sit amet, consectetur adipiscing elit. Sed do eiusmod tempor incididunt ut labore et dolore magna aliqua. Ut enim ad minim veniam, quis nostrud exercitation ullamco laboris.Lorem ipsum dolor sit amet, consectetur adipiscing elit. Sed do eiusmod tempor incididunt ut labore et dolore magna aliqua. Ut enim ad minim veniam, quis nostrud exercitation ullamco laboris.",published,2025-12-13T14:54:09.862414,author_014,author_014@example.com,contributor,Marketing|Programming|Photography,redis|nodejs|flask,image_0029.png,/uploads/image_0029.png,image/png,User 090,user090@example.com,Nice writeup. Subscribed.
p_0097,Best Practices for Javascript,javascript-0097,"Lorem ipsum dolor sit amet, consectetur adipiscing elit. Sed do eiusmod tempor incididunt ut labore et dolore magna aliqua. Ut enim ad minim veniam, quis nostrud exercitation ullamco laboris.Lorem ipsum dolor sit amet, consectetur adipiscing elit. Sed do eiusmod tempor incididunt ut labore et dolore magna aliqua. Ut enim ad minim veniam, quis nostrud exercitation ullamco laboris.Lorem ipsum dolor sit amet, consectetur adipiscing elit. Sed do eiusmod tempor incididunt ut labore et dolore magna aliqua. Ut enim ad minim veniam, quis nostrud exercitation ullamco laboris.",published,2025-12-13T14:54:09.862414,author_014,author_014@example.com,contributor,Marketing|Programming|Photography,redis|nodejs|flask,image_0029.png,/uploads/image_0029.png,image/png,User 061,user061@example.com,Nice writeup. Subscribed.
p_0097,Best Practices for Javascript,javascript-0097,"Lorem ipsum dolor sit amet, consectetur adipiscing elit. Sed do eiusmod tempor incididunt ut labore et dolore magna aliqua. Ut enim ad minim veniam, quis nostrud exercitation ullamco laboris.Lorem ipsum dolor sit amet, consectetur adipiscing elit. Sed do eiusmod tempor incididunt ut labore et dolore magna aliqua. Ut enim ad minim veniam, quis nostrud exercitation ullamco laboris.Lorem ipsum dolor sit amet, consectetur adipiscing elit. Sed do eiusmod tempor incididunt ut labore et dolore magna aliqua. Ut enim ad minim veniam, quis nostrud exercitation ullamco laboris.",published,2025-12-13T14:54:09.862414,author_014,author_014@example.com,contributor,Marketing|Programming|Photography,redis|nodejs|flask,image_0029.png,/uploads/image_0029.png,image/png,User 086,user086@example.com,"Very insightful, looking forward to more."
p_0097,Best Practices for Javascript,javascript-0097,"Lorem ipsum dolor sit amet, consectetur adipiscing elit. Sed do eiusmod tempor incididunt ut labore et dolore magna aliqua. Ut enim ad minim veniam, quis nostrud exercitation ullamco laboris.Lorem ipsum dolor sit amet, consectetur adipiscing elit. Sed do eiusmod tempor incididunt ut labore et dolore magna aliqua. Ut enim ad minim veniam, quis nostrud exercitation ullamco laboris.Lorem ipsum dolor sit amet, consectetur adipiscing elit. Sed do eiusmod tempor incididunt ut labore et dolore magna aliqua. Ut enim ad minim veniam, quis nostrud exercitation ullamco laboris.",published,2025-12-13T14:54:09.862414,author_014,author_014@example.com,contributor,Marketing|Programming|Photography,redis|nodejs|flask,image_0029.png,/uploads/image_0029.png,image/png,User 098,user098@example.com,"Very insightful, looking forward to more."
p_0097,Best Practices for Javascript,javascript-0097,"Lorem ipsum dolor sit amet, consectetur adipiscing elit. Sed do eiusmod tempor incididunt ut labore et dolore magna aliqua. Ut enim ad minim veniam, quis nostrud exercitation ullamco laboris.Lorem ipsum dolor sit amet, consectetur adipiscing elit. Sed do eiusmod tempor incididunt ut labore et dolore magna aliqua. Ut enim ad minim veniam, quis nostrud exercitation ullamco laboris.Lorem ipsum dolor sit amet, consectetur adipiscing elit. Sed do eiusmod tempor incididunt ut labore et dolore magna aliqua. Ut enim ad minim veniam, quis nostrud exercitation ullamco laboris.",published,2025-12-13T14:54:09.862414,author_014,author_014@example.com,contributor,Marketing|Programming|Photography,redis|nodejs|flask,image_0029.png,/uploads/image_0029.png,image/png,User 088,user088@example.com,I had a similar experience recently.
p_0097,Best Practices for Javascript,javascript-0097,"Lorem ipsum dolor sit amet, consectetur adipiscing elit. Sed do eiusmod tempor incididunt ut labore et dolore magna aliqua. Ut enim ad minim veniam, quis nostrud exercitation ullamco laboris.Lorem ipsum dolor sit amet, consectetur adipiscing elit. Sed do eiusmod tempor incididunt ut labore et dolore magna aliqua. Ut enim ad minim veniam, quis nostrud exercitation ullamco laboris.Lorem ipsum dolor sit amet, consectetur adipiscing elit. Sed do eiusmod tempor incididunt ut labore et dolore magna aliqua. Ut enim ad minim veniam, quis nostrud exercitation ullamco laboris.",published,2025-12-13T14:54:09.862414,author_014,author_014@example.com,contributor,Marketing|Programming|Photography,redis|nodejs|flask,image_0029.png,/uploads/image_0029.png,image/png,User 011,user011@example.com,Nice writeup. Subscribed.
p_0098,The Future of Gcp,gcp-0098,"Lorem ipsum dolor sit amet, consectetur adipiscing elit. Sed do eiusmod tempor incididunt ut labore et dolore magna aliqua. Ut enim ad minim veniam, quis nostrud exercitation ullamco laboris.",draft,,author_011,author_011@example.com,contributor,Travel,postgresql|mongodb,image_0020.webp,/uploads/image_0020.webp,image/webp,User 057,user057@example.com,Thanks for sharing this.
p_0098,The Future of Gcp,gcp-0098,"Lorem ipsum dolor sit amet, consectetur adipiscing elit. Sed do eiusmod tempor incididunt ut labore et dolore magna aliqua. Ut enim ad minim veniam, quis nostrud exercitation ullamco laboris.",draft,,author_011,author_011@example.com,contributor,Travel,postgresql|mongodb,image_0020.webp,/uploads/image_0020.webp,image/webp,User 088,user088@example.com,"Very insightful, looking forward to more."
p_0098,The Future of Gcp,gcp-0098,"Lorem ipsum dolor sit amet, consectetur adipiscing elit. Sed do eiusmod tempor incididunt ut labore et dolore magna aliqua. Ut enim ad minim veniam, quis nostrud exercitation ullamco laboris.",draft,,author_011,author_011@example.com,contributor,Travel,postgresql|mongodb,image_0020.webp,/uploads/image_0020.webp,image/webp,User 092,user092@example.com,I had a similar experience recently.
p_0098,The Future of Gcp,gcp-0098,"Lorem ipsum dolor sit amet, consectetur adipiscing elit. Sed do eiusmod tempor incididunt ut labore et dolore magna aliqua. Ut enim ad minim veniam, quis nostrud exercitation ullamco laboris.",draft,,author_011,author_011@example.com,contributor,Travel,postgresql|mongodb,image_0020.webp,/uploads/image_0020.webp,image/webp,User 063,user063@example.com,Thanks for sharing this.
p_0098,The Future of Gcp,gcp-0098,"Lorem ipsum dolor sit amet, consectetur adipiscing elit. Sed do eiusmod tempor incididunt ut labore et dolore magna aliqua. Ut enim ad minim veniam, quis nostrud exercitation ullamco laboris.",draft,,author_011,author_011@example.com,contributor,Travel,postgresql|mongodb,image_0020.webp,/uploads/image_0020.webp,image/webp,User 066,user066@example.com,Just tried this approach -- it works.
p_0098,The Future of Gcp,gcp-0098,"Lorem ipsum dolor sit amet, consectetur adipiscing elit. Sed do eiusmod tempor incididunt ut labore et dolore magna aliqua. Ut enim ad minim veniam, quis nostrud exercitation ullamco laboris.",draft,,author_011,author_011@example.com,contributor,Travel,postgresql|mongodb,image_0020.webp,/uploads/image_0020.webp,image/webp,User 008,user008@example.com,Just tried this approach -- it works.
p_0098,The Future of Gcp,gcp-0098,"Lorem ipsum dolor sit amet, consectetur adipiscing elit. Sed do eiusmod tempor incididunt ut labore et dolore magna aliqua. Ut enim ad minim veniam, quis nostrud exercitation ullamco laboris.",draft,,author_011,author_011@example.com,contributor,Travel,postgresql|mongodb,image_0020.webp,/uploads/image_0020.webp,image/webp,User 017,user017@example.com,Nice writeup. Subscribed.
p_0099,Building Production-Ready Azure Apps,azure-0099,"Lorem ipsum dolor sit amet, consectetur adipiscing elit. Sed do eiusmod tempor incididunt ut labore et dolore magna aliqua. Ut enim ad minim veniam, quis nostrud exercitation ullamco laboris.Lorem ipsum dolor sit amet, consectetur adipiscing elit. Sed do eiusmod tempor incididunt ut labore et dolore magna aliqua. Ut enim ad minim veniam, quis nostrud exercitation ullamco laboris.Lorem ipsum dolor sit amet, consectetur adipiscing elit. Sed do eiusmod tempor incididunt ut labore et dolore magna aliqua. Ut enim ad minim veniam, quis nostrud exercitation ullamco laboris.",published,2026-04-20T14:54:09.862465,author_018,author_018@example.com,author,Technology|Education,rest-api|python|testing,image_0004.png,/uploads/image_0004.png,image/png,User 055,user055@example.com,Could you elaborate on the second part?
p_0099,Building Production-Ready Azure Apps,azure-0099,"Lorem ipsum dolor sit amet, consectetur adipiscing elit. Sed do eiusmod tempor incididunt ut labore et dolore magna aliqua. Ut enim ad minim veniam, quis nostrud exercitation ullamco laboris.Lorem ipsum dolor sit amet, consectetur adipiscing elit. Sed do eiusmod tempor incididunt ut labore et dolore magna aliqua. Ut enim ad minim veniam, quis nostrud exercitation ullamco laboris.Lorem ipsum dolor sit amet, consectetur adipiscing elit. Sed do eiusmod tempor incididunt ut labore et dolore magna aliqua. Ut enim ad minim veniam, quis nostrud exercitation ullamco laboris.",published,2026-04-20T14:54:09.862465,author_018,author_018@example.com,author,Technology|Education,rest-api|python|testing,image_0004.png,/uploads/image_0004.png,image/png,User 090,user090@example.com,Thanks for sharing this.
p_0099,Building Production-Ready Azure Apps,azure-0099,"Lorem ipsum dolor sit amet, consectetur adipiscing elit. Sed do eiusmod tempor incididunt ut labore et dolore magna aliqua. Ut enim ad minim veniam, quis nostrud exercitation ullamco laboris.Lorem ipsum dolor sit amet, consectetur adipiscing elit. Sed do eiusmod tempor incididunt ut labore et dolore magna aliqua. Ut enim ad minim veniam, quis nostrud exercitation ullamco laboris.Lorem ipsum dolor sit amet, consectetur adipiscing elit. Sed do eiusmod tempor incididunt ut labore et dolore magna aliqua. Ut enim ad minim veniam, quis nostrud exercitation ullamco laboris.",published,2026-04-20T14:54:09.862465,author_018,author_018@example.com,author,Technology|Education,rest-api|python|testing,image_0004.png,/uploads/image_0004.png,image/png,User 070,user070@example.com,Great post! Really helpful.
p_0100,Best Practices for Devops,devops-0100,"Lorem ipsum dolor sit amet, consectetur adipiscing elit. Sed do eiusmod tempor incididunt ut labore et dolore magna aliqua. Ut enim ad minim veniam, quis nostrud exercitation ullamco laboris.",published,2026-05-03T14:54:09.862483,author_015,author_015@example.com,editor,Education,microservices|aws|gcp,,,,User 049,user049@example.com,Thanks for sharing this.
p_0100,Best Practices for Devops,devops-0100,"Lorem ipsum dolor sit amet, consectetur adipiscing elit. Sed do eiusmod tempor incididunt ut labore et dolore magna aliqua. Ut enim ad minim veniam, quis nostrud exercitation ullamco laboris.",published,2026-05-03T14:54:09.862483,author_015,author_015@example.com,editor,Education,microservices|aws|gcp,,,,User 088,user088@example.com,Nice writeup. Subscribed.
p_0100,Best Practices for Devops,devops-0100,"Lorem ipsum dolor sit amet, consectetur adipiscing elit. Sed do eiusmod tempor incididunt ut labore et dolore magna aliqua. Ut enim ad minim veniam, quis nostrud exercitation ullamco laboris.",published,2026-05-03T14:54:09.862483,author_015,author_015@example.com,editor,Education,microservices|aws|gcp,,,,User 018,user018@example.com,Could you elaborate on the second part?
p_0100,Best Practices for Devops,devops-0100,"Lorem ipsum dolor sit amet, consectetur adipiscing elit. Sed do eiusmod tempor incididunt ut labore et dolore magna aliqua. Ut enim ad minim veniam, quis nostrud exercitation ullamco laboris.",published,2026-05-03T14:54:09.862483,author_015,author_015@example.com,editor,Education,microservices|aws|gcp,,,,User 016,user016@example.com,I disagree with point 3 -- here's why...
p_0100,Best Practices for Devops,devops-0100,"Lorem ipsum dolor sit amet, consectetur adipiscing elit. Sed do eiusmod tempor incididunt ut labore et dolore magna aliqua. Ut enim ad minim veniam, quis nostrud exercitation ullamco laboris.",published,2026-05-03T14:54:09.862483,author_015,author_015@example.com,editor,Education,microservices|aws|gcp,,,,User 069,user069@example.com,Bookmarked for later reference.
p_0100,Best Practices for Devops,devops-0100,"Lorem ipsum dolor sit amet, consectetur adipiscing elit. Sed do eiusmod tempor incididunt ut labore et dolore magna aliqua. Ut enim ad minim veniam, quis nostrud exercitation ullamco laboris.",published,2026-05-03T14:54:09.862483,author_015,author_015@example.com,editor,Education,microservices|aws|gcp,,,,User 068,user068@example.com,I disagree with point 3 -- here's why...
p_0101,Deep Dive into Testing,testing-0101,"Lorem ipsum dolor sit amet, consectetur adipiscing elit. Sed do eiusmod tempor incididunt ut labore et dolore magna aliqua. Ut enim ad minim veniam, quis nostrud exercitation ullamco laboris.Lorem ipsum dolor sit amet, consectetur adipiscing elit. Sed do eiusmod tempor incididunt ut labore et dolore magna aliqua. Ut enim ad minim veniam, quis nostrud exercitation ullamco laboris.",draft,,author_000,author_000@example.com,contributor,Travel|Education|Photography,nodejs|gcp,image_0017.gif,/uploads/image_0017.gif,image/gif,User 093,user093@example.com,Thanks for sharing this.
p_0101,Deep Dive into Testing,testing-0101,"Lorem ipsum dolor sit amet, consectetur adipiscing elit. Sed do eiusmod tempor incididunt ut labore et dolore magna aliqua. Ut enim ad minim veniam, quis nostrud exercitation ullamco laboris.Lorem ipsum dolor sit amet, consectetur adipiscing elit. Sed do eiusmod tempor incididunt ut labore et dolore magna aliqua. Ut enim ad minim veniam, quis nostrud exercitation ullamco laboris.",draft,,author_000,author_000@example.com,contributor,Travel|Education|Photography,nodejs|gcp,image_0017.gif,/uploads/image_0017.gif,image/gif,User 005,user005@example.com,Bookmarked for later reference.
p_0101,Deep Dive into Testing,testing-0101,"Lorem ipsum dolor sit amet, consectetur adipiscing elit. Sed do eiusmod tempor incididunt ut labore et dolore magna aliqua. Ut enim ad minim veniam, quis nostrud exercitation ullamco laboris.Lorem ipsum dolor sit amet, consectetur adipiscing elit. Sed do eiusmod tempor incididunt ut labore et dolore magna aliqua. Ut enim ad minim veniam, quis nostrud exercitation ullamco laboris.",draft,,author_000,author_000@example.com,contributor,Travel|Education|Photography,nodejs|gcp,image_0017.gif,/uploads/image_0017.gif,image/gif,User 079,user079@example.com,Great post! Really helpful.
p_0101,Deep Dive into Testing,testing-0101,"Lorem ipsum dolor sit amet, consectetur adipiscing elit. Sed do eiusmod tempor incididunt ut labore et dolore magna aliqua. Ut enim ad minim veniam, quis nostrud exercitation ullamco laboris.Lorem ipsum dolor sit amet, consectetur adipiscing elit. Sed do eiusmod tempor incididunt ut labore et dolore magna aliqua. Ut enim ad minim veniam, quis nostrud exercitation ullamco laboris.",draft,,author_000,author_000@example.com,contributor,Travel|Education|Photography,nodejs|gcp,image_0017.gif,/uploads/image_0017.gif,image/gif,User 031,user031@example.com,"Very insightful, looking forward to more."
p_0102,Best Practices for Fastapi,fastapi-0102,"Lorem ipsum dolor sit amet, consectetur adipiscing elit. Sed do eiusmod tempor incididunt ut labore et dolore magna aliqua. Ut enim ad minim veniam, quis nostrud exercitation ullamco laboris.Lorem ipsum dolor sit amet, consectetur adipiscing elit. Sed do eiusmod tempor incididunt ut labore et dolore magna aliqua. Ut enim ad minim veniam, quis nostrud exercitation ullamco laboris.Lorem ipsum dolor sit amet, consectetur adipiscing elit. Sed do eiusmod tempor incididunt ut labore et dolore magna aliqua. Ut enim ad minim veniam, quis nostrud exercitation ullamco laboris.",published,2026-05-02T14:54:09.862526,author_019,author_019@example.com,author,Technology|Design|Photography,gcp|nodejs|mongodb|vue,,,,User 018,user018@example.com,Nice writeup. Subscribed.
p_0102,Best Practices for Fastapi,fastapi-0102,"Lorem ipsum dolor sit amet, consectetur adipiscing elit. Sed do eiusmod tempor incididunt ut labore et dolore magna aliqua. Ut enim ad minim veniam, quis nostrud exercitation ullamco laboris.Lorem ipsum dolor sit amet, consectetur adipiscing elit. Sed do eiusmod tempor incididunt ut labore et dolore magna aliqua. Ut enim ad minim veniam, quis nostrud exercitation ullamco laboris.Lorem ipsum dolor sit amet, consectetur adipiscing elit. Sed do eiusmod tempor incididunt ut labore et dolore magna aliqua. Ut enim ad minim veniam, quis nostrud exercitation ullamco laboris.",published,2026-05-02T14:54:09.862526,author_019,author_019@example.com,author,Technology|Design|Photography,gcp|nodejs|mongodb|vue,,,,User 038,user038@example.com,"Very insightful, looking forward to more."
p_0102,Best Practices for Fastapi,fastapi-0102,"Lorem ipsum dolor sit amet, consectetur adipiscing elit. Sed do eiusmod tempor incididunt ut labore et dolore magna aliqua. Ut enim ad minim veniam, quis nostrud exercitation ullamco laboris.Lorem ipsum dolor sit amet, consectetur adipiscing elit. Sed do eiusmod tempor incididunt ut labore et dolore magna aliqua. Ut enim ad minim veniam, quis nostrud exercitation ullamco laboris.Lorem ipsum dolor sit amet, consectetur adipiscing elit. Sed do eiusmod tempor incididunt ut labore et dolore magna aliqua. Ut enim ad minim veniam, quis nostrud exercitation ullamco laboris.",published,2026-05-02T14:54:09.862526,author_019,author_019@example.com,author,Technology|Design|Photography,gcp|nodejs|mongodb|vue,,,,User 094,user094@example.com,I had a similar experience recently.
p_0103,Docker for Beginners,docker-0103,"Lorem ipsum dolor sit amet, consectetur adipiscing elit. Sed do eiusmod tempor incididunt ut labore et dolore magna aliqua. Ut enim ad minim veniam, quis nostrud exercitation ullamco laboris.",draft,,author_019,author_019@example.com,author,Web Development|Travel,azure|html,image_0035.png,/uploads/image_0035.png,image/png,User 095,user095@example.com,I disagree with point 3 -- here's why...
p_0103,Docker for Beginners,docker-0103,"Lorem ipsum dolor sit amet, consectetur adipiscing elit. Sed do eiusmod tempor incididunt ut labore et dolore magna aliqua. Ut enim ad minim veniam, quis nostrud exercitation ullamco laboris.",draft,,author_019,author_019@example.com,author,Web Development|Travel,azure|html,image_0035.png,/uploads/image_0035.png,image/png,User 081,user081@example.com,Bookmarked for later reference.
p_0103,Docker for Beginners,docker-0103,"Lorem ipsum dolor sit amet, consectetur adipiscing elit. Sed do eiusmod tempor incididunt ut labore et dolore magna aliqua. Ut enim ad minim veniam, quis nostrud exercitation ullamco laboris.",draft,,author_019,author_019@example.com,author,Web Development|Travel,azure|html,image_0035.png,/uploads/image_0035.png,image/png,User 072,user072@example.com,Just tried this approach -- it works.
p_0103,Docker for Beginners,docker-0103,"Lorem ipsum dolor sit amet, consectetur adipiscing elit. Sed do eiusmod tempor incididunt ut labore et dolore magna aliqua. Ut enim ad minim veniam, quis nostrud exercitation ullamco laboris.",draft,,author_019,author_019@example.com,author,Web Development|Travel,azure|html,image_0035.png,/uploads/image_0035.png,image/png,User 007,user007@example.com,Could you elaborate on the second part?
p_0103,Docker for Beginners,docker-0103,"Lorem ipsum dolor sit amet, consectetur adipiscing elit. Sed do eiusmod tempor incididunt ut labore et dolore magna aliqua. Ut enim ad minim veniam, quis nostrud exercitation ullamco laboris.",draft,,author_019,author_019@example.com,author,Web Development|Travel,azure|html,image_0035.png,/uploads/image_0035.png,image/png,User 083,user083@example.com,Bookmarked for later reference.
p_0103,Docker for Beginners,docker-0103,"Lorem ipsum dolor sit amet, consectetur adipiscing elit. Sed do eiusmod tempor incididunt ut labore et dolore magna aliqua. Ut enim ad minim veniam, quis nostrud exercitation ullamco laboris.",draft,,author_019,author_019@example.com,author,Web Development|Travel,azure|html,image_0035.png,/uploads/image_0035.png,image/png,User 068,user068@example.com,Could you elaborate on the second part?
p_0103,Docker for Beginners,docker-0103,"Lorem ipsum dolor sit amet, consectetur adipiscing elit. Sed do eiusmod tempor incididunt ut labore et dolore magna aliqua. Ut enim ad minim veniam, quis nostrud exercitation ullamco laboris.",draft,,author_019,author_019@example.com,author,Web Development|Travel,azure|html,image_0035.png,/uploads/image_0035.png,image/png,User 090,user090@example.com,Bookmarked for later reference.
p_0104,Why Azure Matters in 2024,azure-0104,"Lorem ipsum dolor sit amet, consectetur adipiscing elit. Sed do eiusmod tempor incididunt ut labore et dolore magna aliqua. Ut enim ad minim veniam, quis nostrud exercitation ullamco laboris.Lorem ipsum dolor sit amet, consectetur adipiscing elit. Sed do eiusmod tempor incididunt ut labore et dolore magna aliqua. Ut enim ad minim veniam, quis nostrud exercitation ullamco laboris.Lorem ipsum dolor sit amet, consectetur adipiscing elit. Sed do eiusmod tempor incididunt ut labore et dolore magna aliqua. Ut enim ad minim veniam, quis nostrud exercitation ullamco laboris.",published,2025-11-08T14:54:09.862571,author_009,author_009@example.com,author,Design|Photography,graphql|ci-cd|flask,,,,User 072,user072@example.com,Bookmarked for later reference.
p_0104,Why Azure Matters in 2024,azure-0104,"Lorem ipsum dolor sit amet, consectetur adipiscing elit. Sed do eiusmod tempor incididunt ut labore et dolore magna aliqua. Ut enim ad minim veniam, quis nostrud exercitation ullamco laboris.Lorem ipsum dolor sit amet, consectetur adipiscing elit. Sed do eiusmod tempor incididunt ut labore et dolore magna aliqua. Ut enim ad minim veniam, quis nostrud exercitation ullamco laboris.Lorem ipsum dolor sit amet, consectetur adipiscing elit. Sed do eiusmod tempor incididunt ut labore et dolore magna aliqua. Ut enim ad minim veniam, quis nostrud exercitation ullamco laboris.",published,2025-11-08T14:54:09.862571,author_009,author_009@example.com,author,Design|Photography,graphql|ci-cd|flask,,,,User 054,user054@example.com,Nice writeup. Subscribed.
p_0104,Why Azure Matters in 2024,azure-0104,"Lorem ipsum dolor sit amet, consectetur adipiscing elit. Sed do eiusmod tempor incididunt ut labore et dolore magna aliqua. Ut enim ad minim veniam, quis nostrud exercitation ullamco laboris.Lorem ipsum dolor sit amet, consectetur adipiscing elit. Sed do eiusmod tempor incididunt ut labore et dolore magna aliqua. Ut enim ad minim veniam, quis nostrud exercitation ullamco laboris.Lorem ipsum dolor sit amet, consectetur adipiscing elit. Sed do eiusmod tempor incididunt ut labore et dolore magna aliqua. Ut enim ad minim veniam, quis nostrud exercitation ullamco laboris.",published,2025-11-08T14:54:09.862571,author_009,author_009@example.com,author,Design|Photography,graphql|ci-cd|flask,,,,User 068,user068@example.com,I disagree with point 3 -- here's why...
p_0105,Deep Dive into Aws,aws-0105,"Lorem ipsum dolor sit amet, consectetur adipiscing elit. Sed do eiusmod tempor incididunt ut labore et dolore magna aliqua. Ut enim ad minim veniam, quis nostrud exercitation ullamco laboris.",published,2026-02-04T14:54:09.862588,author_008,author_008@example.com,contributor,Business|Programming,javascript|css,image_0038.webp,/uploads/image_0038.webp,image/webp,User 006,user006@example.com,Thanks for sharing this.
p_0105,Deep Dive into Aws,aws-0105,"Lorem ipsum dolor sit amet, consectetur adipiscing elit. Sed do eiusmod tempor incididunt ut labore et dolore magna aliqua. Ut enim ad minim veniam, quis nostrud exercitation ullamco laboris.",published,2026-02-04T14:54:09.862588,author_008,author_008@example.com,contributor,Business|Programming,javascript|css,image_0038.webp,/uploads/image_0038.webp,image/webp,User 025,user025@example.com,I had a similar experience recently.
p_0105,Deep Dive into Aws,aws-0105,"Lorem ipsum dolor sit amet, consectetur adipiscing elit. Sed do eiusmod tempor incididunt ut labore et dolore magna aliqua. Ut enim ad minim veniam, quis nostrud exercitation ullamco laboris.",published,2026-02-04T14:54:09.862588,author_008,author_008@example.com,contributor,Business|Programming,javascript|css,image_0038.webp,/uploads/image_0038.webp,image/webp,User 093,user093@example.com,Nice writeup. Subscribed.
p_0105,Deep Dive into Aws,aws-0105,"Lorem ipsum dolor sit amet, consectetur adipiscing elit. Sed do eiusmod tempor incididunt ut labore et dolore magna aliqua. Ut enim ad minim veniam, quis nostrud exercitation ullamco laboris.",published,2026-02-04T14:54:09.862588,author_008,author_008@example.com,contributor,Business|Programming,javascript|css,image_0038.webp,/uploads/image_0038.webp,image/webp,User 028,user028@example.com,Just tried this approach -- it works.
p_0105,Deep Dive into Aws,aws-0105,"Lorem ipsum dolor sit amet, consectetur adipiscing elit. Sed do eiusmod tempor incididunt ut labore et dolore magna aliqua. Ut enim ad minim veniam, quis nostrud exercitation ullamco laboris.",published,2026-02-04T14:54:09.862588,author_008,author_008@example.com,contributor,Business|Programming,javascript|css,image_0038.webp,/uploads/image_0038.webp,image/webp,User 027,user027@example.com,Could you elaborate on the second part?
p_0105,Deep Dive into Aws,aws-0105,"Lorem ipsum dolor sit amet, consectetur adipiscing elit. Sed do eiusmod tempor incididunt ut labore et dolore magna aliqua. Ut enim ad minim veniam, quis nostrud exercitation ullamco laboris.",published,2026-02-04T14:54:09.862588,author_008,author_008@example.com,contributor,Business|Programming,javascript|css,image_0038.webp,/uploads/image_0038.webp,image/webp,User 039,user039@example.com,Great post! Really helpful.
p_0105,Deep Dive into Aws,aws-0105,"Lorem ipsum dolor sit amet, consectetur adipiscing elit. Sed do eiusmod tempor incididunt ut labore et dolore magna aliqua. Ut enim ad minim veniam, quis nostrud exercitation ullamco laboris.",published,2026-02-04T14:54:09.862588,author_008,author_008@example.com,contributor,Business|Programming,javascript|css,image_0038.webp,/uploads/image_0038.webp,image/webp,User 028,user028@example.com,"Very insightful, looking forward to more."
p_0106,Best Practices for Testing,testing-0106,"Lorem ipsum dolor sit amet, consectetur adipiscing elit. Sed do eiusmod tempor incididunt ut labore et dolore magna aliqua. Ut enim ad minim veniam, quis nostrud exercitation ullamco laboris.Lorem ipsum dolor sit amet, consectetur adipiscing elit. Sed do eiusmod tempor incididunt ut labore et dolore magna aliqua. Ut enim ad minim veniam, quis nostrud exercitation ullamco laboris.Lorem ipsum dolor sit amet, consectetur adipiscing elit. Sed do eiusmod tempor incididunt ut labore et dolore magna aliqua. Ut enim ad minim veniam, quis nostrud exercitation ullamco laboris.",published,2026-01-15T14:54:09.862613,author_015,author_015@example.com,editor,Education,mongodb|docker,,,,User 060,user060@example.com,Nice writeup. Subscribed.
p_0106,Best Practices for Testing,testing-0106,"Lorem ipsum dolor sit amet, consectetur adipiscing elit. Sed do eiusmod tempor incididunt ut labore et dolore magna aliqua. Ut enim ad minim veniam, quis nostrud exercitation ullamco laboris.Lorem ipsum dolor sit amet, consectetur adipiscing elit. Sed do eiusmod tempor incididunt ut labore et dolore magna aliqua. Ut enim ad minim veniam, quis nostrud exercitation ullamco laboris.Lorem ipsum dolor sit amet, consectetur adipiscing elit. Sed do eiusmod tempor incididunt ut labore et dolore magna aliqua. Ut enim ad minim veniam, quis nostrud exercitation ullamco laboris.",published,2026-01-15T14:54:09.862613,author_015,author_015@example.com,editor,Education,mongodb|docker,,,,User 084,user084@example.com,Could you elaborate on the second part?
p_0106,Best Practices for Testing,testing-0106,"Lorem ipsum dolor sit amet, consectetur adipiscing elit. Sed do eiusmod tempor incididunt ut labore et dolore magna aliqua. Ut enim ad minim veniam, quis nostrud exercitation ullamco laboris.Lorem ipsum dolor sit amet, consectetur adipiscing elit. Sed do eiusmod tempor incididunt ut labore et dolore magna aliqua. Ut enim ad minim veniam, quis nostrud exercitation ullamco laboris.Lorem ipsum dolor sit amet, consectetur adipiscing elit. Sed do eiusmod tempor incididunt ut labore et dolore magna aliqua. Ut enim ad minim veniam, quis nostrud exercitation ullamco laboris.",published,2026-01-15T14:54:09.862613,author_015,author_015@example.com,editor,Education,mongodb|docker,,,,User 040,user040@example.com,This is exactly what I was looking for.
p_0106,Best Practices for Testing,testing-0106,"Lorem ipsum dolor sit amet, consectetur adipiscing elit. Sed do eiusmod tempor incididunt ut labore et dolore magna aliqua. Ut enim ad minim veniam, quis nostrud exercitation ullamco laboris.Lorem ipsum dolor sit amet, consectetur adipiscing elit. Sed do eiusmod tempor incididunt ut labore et dolore magna aliqua. Ut enim ad minim veniam, quis nostrud exercitation ullamco laboris.Lorem ipsum dolor sit amet, consectetur adipiscing elit. Sed do eiusmod tempor incididunt ut labore et dolore magna aliqua. Ut enim ad minim veniam, quis nostrud exercitation ullamco laboris.",published,2026-01-15T14:54:09.862613,author_015,author_015@example.com,editor,Education,mongodb|docker,,,,User 047,user047@example.com,Nice writeup. Subscribed.
p_0106,Best Practices for Testing,testing-0106,"Lorem ipsum dolor sit amet, consectetur adipiscing elit. Sed do eiusmod tempor incididunt ut labore et dolore magna aliqua. Ut enim ad minim veniam, quis nostrud exercitation ullamco laboris.Lorem ipsum dolor sit amet, consectetur adipiscing elit. Sed do eiusmod tempor incididunt ut labore et dolore magna aliqua. Ut enim ad minim veniam, quis nostrud exercitation ullamco laboris.Lorem ipsum dolor sit amet, consectetur adipiscing elit. Sed do eiusmod tempor incididunt ut labore et dolore magna aliqua. Ut enim ad minim veniam, quis nostrud exercitation ullamco laboris.",published,2026-01-15T14:54:09.862613,author_015,author_015@example.com,editor,Education,mongodb|docker,,,,User 064,user064@example.com,Just tried this approach -- it works.
p_0106,Best Practices for Testing,testing-0106,"Lorem ipsum dolor sit amet, consectetur adipiscing elit. Sed do eiusmod tempor incididunt ut labore et dolore magna aliqua. Ut enim ad minim veniam, quis nostrud exercitation ullamco laboris.Lorem ipsum dolor sit amet, consectetur adipiscing elit. Sed do eiusmod tempor incididunt ut labore et dolore magna aliqua. Ut enim ad minim veniam, quis nostrud exercitation ullamco laboris.Lorem ipsum dolor sit amet, consectetur adipiscing elit. Sed do eiusmod tempor incididunt ut labore et dolore magna aliqua. Ut enim ad minim veniam, quis nostrud exercitation ullamco laboris.",published,2026-01-15T14:54:09.862613,author_015,author_015@example.com,editor,Education,mongodb|docker,,,,User 013,user013@example.com,Just tried this approach -- it works.
p_0107,Common Mistakes in Tdd,tdd-0107,"Lorem ipsum dolor sit amet, consectetur adipiscing elit. Sed do eiusmod tempor incididunt ut labore et dolore magna aliqua. Ut enim ad minim veniam, quis nostrud exercitation ullamco laboris.",published,2025-11-11T14:54:09.862642,author_006,author_006@example.com,author,Design|Web Development|Technology,mongodb|devops|postgresql,image_0026.jpg,/uploads/image_0026.jpg,image/jpeg,User 020,user020@example.com,"Very insightful, looking forward to more."
p_0107,Common Mistakes in Tdd,tdd-0107,"Lorem ipsum dolor sit amet, consectetur adipiscing elit. Sed do eiusmod tempor incididunt ut labore et dolore magna aliqua. Ut enim ad minim veniam, quis nostrud exercitation ullamco laboris.",published,2025-11-11T14:54:09.862642,author_006,author_006@example.com,author,Design|Web Development|Technology,mongodb|devops|postgresql,image_0026.jpg,/uploads/image_0026.jpg,image/jpeg,User 043,user043@example.com,"Very insightful, looking forward to more."
p_0107,Common Mistakes in Tdd,tdd-0107,"Lorem ipsum dolor sit amet, consectetur adipiscing elit. Sed do eiusmod tempor incididunt ut labore et dolore magna aliqua. Ut enim ad minim veniam, quis nostrud exercitation ullamco laboris.",published,2025-11-11T14:54:09.862642,author_006,author_006@example.com,author,Design|Web Development|Technology,mongodb|devops|postgresql,image_0026.jpg,/uploads/image_0026.jpg,image/jpeg,User 049,user049@example.com,I had a similar experience recently.
p_0107,Common Mistakes in Tdd,tdd-0107,"Lorem ipsum dolor sit amet, consectetur adipiscing elit. Sed do eiusmod tempor incididunt ut labore et dolore magna aliqua. Ut enim ad minim veniam, quis nostrud exercitation ullamco laboris.",published,2025-11-11T14:54:09.862642,author_006,author_006@example.com,author,Design|Web Development|Technology,mongodb|devops|postgresql,image_0026.jpg,/uploads/image_0026.jpg,image/jpeg,User 032,user032@example.com,Just tried this approach -- it works.
p_0107,Common Mistakes in Tdd,tdd-0107,"Lorem ipsum dolor sit amet, consectetur adipiscing elit. Sed do eiusmod tempor incididunt ut labore et dolore magna aliqua. Ut enim ad minim veniam, quis nostrud exercitation ullamco laboris.",published,2025-11-11T14:54:09.862642,author_006,author_006@example.com,author,Design|Web Development|Technology,mongodb|devops|postgresql,image_0026.jpg,/uploads/image_0026.jpg,image/jpeg,User 071,user071@example.com,Could you elaborate on the second part?
p_0108,Building Production-Ready Css Apps,css-0108,"Lorem ipsum dolor sit amet, consectetur adipiscing elit. Sed do eiusmod tempor incididunt ut labore et dolore magna aliqua. Ut enim ad minim veniam, quis nostrud exercitation ullamco laboris.Lorem ipsum dolor sit amet, consectetur adipiscing elit. Sed do eiusmod tempor incididunt ut labore et dolore magna aliqua. Ut enim ad minim veniam, quis nostrud exercitation ullamco laboris.",published,2025-09-26T14:54:09.862666,author_015,author_015@example.com,editor,Web Development,react|devops|microservices|mongodb,,,,User 068,user068@example.com,Great post! Really helpful.
p_0108,Building Production-Ready Css Apps,css-0108,"Lorem ipsum dolor sit amet, consectetur adipiscing elit. Sed do eiusmod tempor incididunt ut labore et dolore magna aliqua. Ut enim ad minim veniam, quis nostrud exercitation ullamco laboris.Lorem ipsum dolor sit amet, consectetur adipiscing elit. Sed do eiusmod tempor incididunt ut labore et dolore magna aliqua. Ut enim ad minim veniam, quis nostrud exercitation ullamco laboris.",published,2025-09-26T14:54:09.862666,author_015,author_015@example.com,editor,Web Development,react|devops|microservices|mongodb,,,,User 010,user010@example.com,Great post! Really helpful.
p_0108,Building Production-Ready Css Apps,css-0108,"Lorem ipsum dolor sit amet, consectetur adipiscing elit. Sed do eiusmod tempor incididunt ut labore et dolore magna aliqua. Ut enim ad minim veniam, quis nostrud exercitation ullamco laboris.Lorem ipsum dolor sit amet, consectetur adipiscing elit. Sed do eiusmod tempor incididunt ut labore et dolore magna aliqua. Ut enim ad minim veniam, quis nostrud exercitation ullamco laboris.",published,2025-09-26T14:54:09.862666,author_015,author_015@example.com,editor,Web Development,react|devops|microservices|mongodb,,,,User 098,user098@example.com,Great post! Really helpful.
p_0109,Why Azure Matters in 2024,azure-0109,"Lorem ipsum dolor sit amet, consectetur adipiscing elit. Sed do eiusmod tempor incididunt ut labore et dolore magna aliqua. Ut enim ad minim veniam, quis nostrud exercitation ullamco laboris.",published,2026-04-15T14:54:09.862682,author_007,author_007@example.com,author,Travel,kubernetes|javascript|redis|git,image_0039.gif,/uploads/image_0039.gif,image/gif,User 085,user085@example.com,Just tried this approach -- it works.
p_0109,Why Azure Matters in 2024,azure-0109,"Lorem ipsum dolor sit amet, consectetur adipiscing elit. Sed do eiusmod tempor incididunt ut labore et dolore magna aliqua. Ut enim ad minim veniam, quis nostrud exercitation ullamco laboris.",published,2026-04-15T14:54:09.862682,author_007,author_007@example.com,author,Travel,kubernetes|javascript|redis|git,image_0039.gif,/uploads/image_0039.gif,image/gif,User 003,user003@example.com,Great post! Really helpful.
p_0109,Why Azure Matters in 2024,azure-0109,"Lorem ipsum dolor sit amet, consectetur adipiscing elit. Sed do eiusmod tempor incididunt ut labore et dolore magna aliqua. Ut enim ad minim veniam, quis nostrud exercitation ullamco laboris.",published,2026-04-15T14:54:09.862682,author_007,author_007@example.com,author,Travel,kubernetes|javascript|redis|git,image_0039.gif,/uploads/image_0039.gif,image/gif,User 069,user069@example.com,Nice writeup. Subscribed.
p_0109,Why Azure Matters in 2024,azure-0109,"Lorem ipsum dolor sit amet, consectetur adipiscing elit. Sed do eiusmod tempor incididunt ut labore et dolore magna aliqua. Ut enim ad minim veniam, quis nostrud exercitation ullamco laboris.",published,2026-04-15T14:54:09.862682,author_007,author_007@example.com,author,Travel,kubernetes|javascript|redis|git,image_0039.gif,/uploads/image_0039.gif,image/gif,User 053,user053@example.com,Great post! Really helpful.
p_0109,Why Azure Matters in 2024,azure-0109,"Lorem ipsum dolor sit amet, consectetur adipiscing elit. Sed do eiusmod tempor incididunt ut labore et dolore magna aliqua. Ut enim ad minim veniam, quis nostrud exercitation ullamco laboris.",published,2026-04-15T14:54:09.862682,author_007,author_007@example.com,author,Travel,kubernetes|javascript|redis|git,image_0039.gif,/uploads/image_0039.gif,image/gif,User 003,user003@example.com,Nice writeup. Subscribed.
p_0109,Why Azure Matters in 2024,azure-0109,"Lorem ipsum dolor sit amet, consectetur adipiscing elit. Sed do eiusmod tempor incididunt ut labore et dolore magna aliqua. Ut enim ad minim veniam, quis nostrud exercitation ullamco laboris.",published,2026-04-15T14:54:09.862682,author_007,author_007@example.com,author,Travel,kubernetes|javascript|redis|git,image_0039.gif,/uploads/image_0039.gif,image/gif,User 093,user093@example.com,This is exactly what I was looking for.
p_0110,10 Tips for Mastering Mongodb,mongodb-0110,"Lorem ipsum dolor sit amet, consectetur adipiscing elit. Sed do eiusmod tempor incididunt ut labore et dolore magna aliqua. Ut enim ad minim veniam, quis nostrud exercitation ullamco laboris.Lorem ipsum dolor sit amet, consectetur adipiscing elit. Sed do eiusmod tempor incididunt ut labore et dolore magna aliqua. Ut enim ad minim veniam, quis nostrud exercitation ullamco laboris.Lorem ipsum dolor sit amet, consectetur adipiscing elit. Sed do eiusmod tempor incididunt ut labore et dolore magna aliqua. Ut enim ad minim veniam, quis nostrud exercitation ullamco laboris.",draft,,author_000,author_000@example.com,contributor,Web Development|Programming,nosql,image_0012.png,/uploads/image_0012.png,image/png,User 068,user068@example.com,This is exactly what I was looking for.
p_0110,10 Tips for Mastering Mongodb,mongodb-0110,"Lorem ipsum dolor sit amet, consectetur adipiscing elit. Sed do eiusmod tempor incididunt ut labore et dolore magna aliqua. Ut enim ad minim veniam, quis nostrud exercitation ullamco laboris.Lorem ipsum dolor sit amet, consectetur adipiscing elit. Sed do eiusmod tempor incididunt ut labore et dolore magna aliqua. Ut enim ad minim veniam, quis nostrud exercitation ullamco laboris.Lorem ipsum dolor sit amet, consectetur adipiscing elit. Sed do eiusmod tempor incididunt ut labore et dolore magna aliqua. Ut enim ad minim veniam, quis nostrud exercitation ullamco laboris.",draft,,author_000,author_000@example.com,contributor,Web Development|Programming,nosql,image_0012.png,/uploads/image_0012.png,image/png,User 046,user046@example.com,This is exactly what I was looking for.
p_0110,10 Tips for Mastering Mongodb,mongodb-0110,"Lorem ipsum dolor sit amet, consectetur adipiscing elit. Sed do eiusmod tempor incididunt ut labore et dolore magna aliqua. Ut enim ad minim veniam, quis nostrud exercitation ullamco laboris.Lorem ipsum dolor sit amet, consectetur adipiscing elit. Sed do eiusmod tempor incididunt ut labore et dolore magna aliqua. Ut enim ad minim veniam, quis nostrud exercitation ullamco laboris.Lorem ipsum dolor sit amet, consectetur adipiscing elit. Sed do eiusmod tempor incididunt ut labore et dolore magna aliqua. Ut enim ad minim veniam, quis nostrud exercitation ullamco laboris.",draft,,author_000,author_000@example.com,contributor,Web Development|Programming,nosql,image_0012.png,/uploads/image_0012.png,image/png,User 051,user051@example.com,Thanks for sharing this.
p_0110,10 Tips for Mastering Mongodb,mongodb-0110,"Lorem ipsum dolor sit amet, consectetur adipiscing elit. Sed do eiusmod tempor incididunt ut labore et dolore magna aliqua. Ut enim ad minim veniam, quis nostrud exercitation ullamco laboris.Lorem ipsum dolor sit amet, consectetur adipiscing elit. Sed do eiusmod tempor incididunt ut labore et dolore magna aliqua. Ut enim ad minim veniam, quis nostrud exercitation ullamco laboris.Lorem ipsum dolor sit amet, consectetur adipiscing elit. Sed do eiusmod tempor incididunt ut labore et dolore magna aliqua. Ut enim ad minim veniam, quis nostrud exercitation ullamco laboris.",draft,,author_000,author_000@example.com,contributor,Web Development|Programming,nosql,image_0012.png,/uploads/image_0012.png,image/png,User 048,user048@example.com,Bookmarked for later reference.
p_0110,10 Tips for Mastering Mongodb,mongodb-0110,"Lorem ipsum dolor sit amet, consectetur adipiscing elit. Sed do eiusmod tempor incididunt ut labore et dolore magna aliqua. Ut enim ad minim veniam, quis nostrud exercitation ullamco laboris.Lorem ipsum dolor sit amet, consectetur adipiscing elit. Sed do eiusmod tempor incididunt ut labore et dolore magna aliqua. Ut enim ad minim veniam, quis nostrud exercitation ullamco laboris.Lorem ipsum dolor sit amet, consectetur adipiscing elit. Sed do eiusmod tempor incididunt ut labore et dolore magna aliqua. Ut enim ad minim veniam, quis nostrud exercitation ullamco laboris.",draft,,author_000,author_000@example.com,contributor,Web Development|Programming,nosql,image_0012.png,/uploads/image_0012.png,image/png,User 059,user059@example.com,I had a similar experience recently.
p_0110,10 Tips for Mastering Mongodb,mongodb-0110,"Lorem ipsum dolor sit amet, consectetur adipiscing elit. Sed do eiusmod tempor incididunt ut labore et dolore magna aliqua. Ut enim ad minim veniam, quis nostrud exercitation ullamco laboris.Lorem ipsum dolor sit amet, consectetur adipiscing elit. Sed do eiusmod tempor incididunt ut labore et dolore magna aliqua. Ut enim ad minim veniam, quis nostrud exercitation ullamco laboris.Lorem ipsum dolor sit amet, consectetur adipiscing elit. Sed do eiusmod tempor incididunt ut labore et dolore magna aliqua. Ut enim ad minim veniam, quis nostrud exercitation ullamco laboris.",draft,,author_000,author_000@example.com,contributor,Web Development|Programming,nosql,image_0012.png,/uploads/image_0012.png,image/png,User 032,user032@example.com,"Very insightful, looking forward to more."
p_0110,10 Tips for Mastering Mongodb,mongodb-0110,"Lorem ipsum dolor sit amet, consectetur adipiscing elit. Sed do eiusmod tempor incididunt ut labore et dolore magna aliqua. Ut enim ad minim veniam, quis nostrud exercitation ullamco laboris.Lorem ipsum dolor sit amet, consectetur adipiscing elit. Sed do eiusmod tempor incididunt ut labore et dolore magna aliqua. Ut enim ad minim veniam, quis nostrud exercitation ullamco laboris.Lorem ipsum dolor sit amet, consectetur adipiscing elit. Sed do eiusmod tempor incididunt ut labore et dolore magna aliqua. Ut enim ad minim veniam, quis nostrud exercitation ullamco laboris.",draft,,author_000,author_000@example.com,contributor,Web Development|Programming,nosql,image_0012.png,/uploads/image_0012.png,image/png,User 039,user039@example.com,Thanks for sharing this.
p_0111,Getting Started with Git,git-0111,"Lorem ipsum dolor sit amet, consectetur adipiscing elit. Sed do eiusmod tempor incididunt ut labore et dolore magna aliqua. Ut enim ad minim veniam, quis nostrud exercitation ullamco laboris.Lorem ipsum dolor sit amet, consectetur adipiscing elit. Sed do eiusmod tempor incididunt ut labore et dolore magna aliqua. Ut enim ad minim veniam, quis nostrud exercitation ullamco laboris.Lorem ipsum dolor sit amet, consectetur adipiscing elit. Sed do eiusmod tempor incididunt ut labore et dolore magna aliqua. Ut enim ad minim veniam, quis nostrud exercitation ullamco laboris.",published,2025-10-24T14:54:09.862727,author_002,author_002@example.com,author,Technology|Photography,fastapi|sql,,,,User 073,user073@example.com,Thanks for sharing this.
p_0111,Getting Started with Git,git-0111,"Lorem ipsum dolor sit amet, consectetur adipiscing elit. Sed do eiusmod tempor incididunt ut labore et dolore magna aliqua. Ut enim ad minim veniam, quis nostrud exercitation ullamco laboris.Lorem ipsum dolor sit amet, consectetur adipiscing elit. Sed do eiusmod tempor incididunt ut labore et dolore magna aliqua. Ut enim ad minim veniam, quis nostrud exercitation ullamco laboris.Lorem ipsum dolor sit amet, consectetur adipiscing elit. Sed do eiusmod tempor incididunt ut labore et dolore magna aliqua. Ut enim ad minim veniam, quis nostrud exercitation ullamco laboris.",published,2025-10-24T14:54:09.862727,author_002,author_002@example.com,author,Technology|Photography,fastapi|sql,,,,User 068,user068@example.com,Great post! Really helpful.
p_0111,Getting Started with Git,git-0111,"Lorem ipsum dolor sit amet, consectetur adipiscing elit. Sed do eiusmod tempor incididunt ut labore et dolore magna aliqua. Ut enim ad minim veniam, quis nostrud exercitation ullamco laboris.Lorem ipsum dolor sit amet, consectetur adipiscing elit. Sed do eiusmod tempor incididunt ut labore et dolore magna aliqua. Ut enim ad minim veniam, quis nostrud exercitation ullamco laboris.Lorem ipsum dolor sit amet, consectetur adipiscing elit. Sed do eiusmod tempor incididunt ut labore et dolore magna aliqua. Ut enim ad minim veniam, quis nostrud exercitation ullamco laboris.",published,2025-10-24T14:54:09.862727,author_002,author_002@example.com,author,Technology|Photography,fastapi|sql,,,,User 030,user030@example.com,"Very insightful, looking forward to more."
p_0111,Getting Started with Git,git-0111,"Lorem ipsum dolor sit amet, consectetur adipiscing elit. Sed do eiusmod tempor incididunt ut labore et dolore magna aliqua. Ut enim ad minim veniam, quis nostrud exercitation ullamco laboris.Lorem ipsum dolor sit amet, consectetur adipiscing elit. Sed do eiusmod tempor incididunt ut labore et dolore magna aliqua. Ut enim ad minim veniam, quis nostrud exercitation ullamco laboris.Lorem ipsum dolor sit amet, consectetur adipiscing elit. Sed do eiusmod tempor incididunt ut labore et dolore magna aliqua. Ut enim ad minim veniam, quis nostrud exercitation ullamco laboris.",published,2025-10-24T14:54:09.862727,author_002,author_002@example.com,author,Technology|Photography,fastapi|sql,,,,User 089,user089@example.com,I had a similar experience recently.
p_0111,Getting Started with Git,git-0111,"Lorem ipsum dolor sit amet, consectetur adipiscing elit. Sed do eiusmod tempor incididunt ut labore et dolore magna aliqua. Ut enim ad minim veniam, quis nostrud exercitation ullamco laboris.Lorem ipsum dolor sit amet, consectetur adipiscing elit. Sed do eiusmod tempor incididunt ut labore et dolore magna aliqua. Ut enim ad minim veniam, quis nostrud exercitation ullamco laboris.Lorem ipsum dolor sit amet, consectetur adipiscing elit. Sed do eiusmod tempor incididunt ut labore et dolore magna aliqua. Ut enim ad minim veniam, quis nostrud exercitation ullamco laboris.",published,2025-10-24T14:54:09.862727,author_002,author_002@example.com,author,Technology|Photography,fastapi|sql,,,,User 061,user061@example.com,This is exactly what I was looking for.
p_0112,Best Practices for Javascript,javascript-0112,"Lorem ipsum dolor sit amet, consectetur adipiscing elit. Sed do eiusmod tempor incididunt ut labore et dolore magna aliqua. Ut enim ad minim veniam, quis nostrud exercitation ullamco laboris.",published,2025-08-14T14:54:09.862753,author_008,author_008@example.com,contributor,Business,vue,image_0048.png,/uploads/image_0048.png,image/png,User 010,user010@example.com,This is exactly what I was looking for.
p_0112,Best Practices for Javascript,javascript-0112,"Lorem ipsum dolor sit amet, consectetur adipiscing elit. Sed do eiusmod tempor incididunt ut labore et dolore magna aliqua. Ut enim ad minim veniam, quis nostrud exercitation ullamco laboris.",published,2025-08-14T14:54:09.862753,author_008,author_008@example.com,contributor,Business,vue,image_0048.png,/uploads/image_0048.png,image/png,User 021,user021@example.com,I had a similar experience recently.
p_0112,Best Practices for Javascript,javascript-0112,"Lorem ipsum dolor sit amet, consectetur adipiscing elit. Sed do eiusmod tempor incididunt ut labore et dolore magna aliqua. Ut enim ad minim veniam, quis nostrud exercitation ullamco laboris.",published,2025-08-14T14:54:09.862753,author_008,author_008@example.com,contributor,Business,vue,image_0048.png,/uploads/image_0048.png,image/png,User 031,user031@example.com,I had a similar experience recently.
p_0112,Best Practices for Javascript,javascript-0112,"Lorem ipsum dolor sit amet, consectetur adipiscing elit. Sed do eiusmod tempor incididunt ut labore et dolore magna aliqua. Ut enim ad minim veniam, quis nostrud exercitation ullamco laboris.",published,2025-08-14T14:54:09.862753,author_008,author_008@example.com,contributor,Business,vue,image_0048.png,/uploads/image_0048.png,image/png,User 050,user050@example.com,Nice writeup. Subscribed.
p_0112,Best Practices for Javascript,javascript-0112,"Lorem ipsum dolor sit amet, consectetur adipiscing elit. Sed do eiusmod tempor incididunt ut labore et dolore magna aliqua. Ut enim ad minim veniam, quis nostrud exercitation ullamco laboris.",published,2025-08-14T14:54:09.862753,author_008,author_008@example.com,contributor,Business,vue,image_0048.png,/uploads/image_0048.png,image/png,User 043,user043@example.com,Bookmarked for later reference.
p_0112,Best Practices for Javascript,javascript-0112,"Lorem ipsum dolor sit amet, consectetur adipiscing elit. Sed do eiusmod tempor incididunt ut labore et dolore magna aliqua. Ut enim ad minim veniam, quis nostrud exercitation ullamco laboris.",published,2025-08-14T14:54:09.862753,author_008,author_008@example.com,contributor,Business,vue,image_0048.png,/uploads/image_0048.png,image/png,User 097,user097@example.com,I disagree with point 3 -- here's why...
p_0113,Best Practices for Agile,agile-0113,"Lorem ipsum dolor sit amet, consectetur adipiscing elit. Sed do eiusmod tempor incididunt ut labore et dolore magna aliqua. Ut enim ad minim veniam, quis nostrud exercitation ullamco laboris.Lorem ipsum dolor sit amet, consectetur adipiscing elit. Sed do eiusmod tempor incididunt ut labore et dolore magna aliqua. Ut enim ad minim veniam, quis nostrud exercitation ullamco laboris.",published,2025-11-23T14:54:09.862777,author_016,author_016@example.com,author,Programming,redis|tdd|aws,,,,User 004,user004@example.com,This is exactly what I was looking for.
p_0113,Best Practices for Agile,agile-0113,"Lorem ipsum dolor sit amet, consectetur adipiscing elit. Sed do eiusmod tempor incididunt ut labore et dolore magna aliqua. Ut enim ad minim veniam, quis nostrud exercitation ullamco laboris.Lorem ipsum dolor sit amet, consectetur adipiscing elit. Sed do eiusmod tempor incididunt ut labore et dolore magna aliqua. Ut enim ad minim veniam, quis nostrud exercitation ullamco laboris.",published,2025-11-23T14:54:09.862777,author_016,author_016@example.com,author,Programming,redis|tdd|aws,,,,User 058,user058@example.com,Just tried this approach -- it works.
p_0113,Best Practices for Agile,agile-0113,"Lorem ipsum dolor sit amet, consectetur adipiscing elit. Sed do eiusmod tempor incididunt ut labore et dolore magna aliqua. Ut enim ad minim veniam, quis nostrud exercitation ullamco laboris.Lorem ipsum dolor sit amet, consectetur adipiscing elit. Sed do eiusmod tempor incididunt ut labore et dolore magna aliqua. Ut enim ad minim veniam, quis nostrud exercitation ullamco laboris.",published,2025-11-23T14:54:09.862777,author_016,author_016@example.com,author,Programming,redis|tdd|aws,,,,User 030,user030@example.com,Could you elaborate on the second part?
p_0113,Best Practices for Agile,agile-0113,"Lorem ipsum dolor sit amet, consectetur adipiscing elit. Sed do eiusmod tempor incididunt ut labore et dolore magna aliqua. Ut enim ad minim veniam, quis nostrud exercitation ullamco laboris.Lorem ipsum dolor sit amet, consectetur adipiscing elit. Sed do eiusmod tempor incididunt ut labore et dolore magna aliqua. Ut enim ad minim veniam, quis nostrud exercitation ullamco laboris.",published,2025-11-23T14:54:09.862777,author_016,author_016@example.com,author,Programming,redis|tdd|aws,,,,User 071,user071@example.com,Bookmarked for later reference.
p_0113,Best Practices for Agile,agile-0113,"Lorem ipsum dolor sit amet, consectetur adipiscing elit. Sed do eiusmod tempor incididunt ut labore et dolore magna aliqua. Ut enim ad minim veniam, quis nostrud exercitation ullamco laboris.Lorem ipsum dolor sit amet, consectetur adipiscing elit. Sed do eiusmod tempor incididunt ut labore et dolore magna aliqua. Ut enim ad minim veniam, quis nostrud exercitation ullamco laboris.",published,2025-11-23T14:54:09.862777,author_016,author_016@example.com,author,Programming,redis|tdd|aws,,,,User 056,user056@example.com,I disagree with point 3 -- here's why...
p_0114,Github for Beginners,github-0114,"Lorem ipsum dolor sit amet, consectetur adipiscing elit. Sed do eiusmod tempor incididunt ut labore et dolore magna aliqua. Ut enim ad minim veniam, quis nostrud exercitation ullamco laboris.Lorem ipsum dolor sit amet, consectetur adipiscing elit. Sed do eiusmod tempor incididunt ut labore et dolore magna aliqua. Ut enim ad minim veniam, quis nostrud exercitation ullamco laboris.",draft,,author_012,author_012@example.com,contributor,Programming,css,image_0045.webp,/uploads/image_0045.webp,image/webp,User 095,user095@example.com,Bookmarked for later reference.
p_0114,Github for Beginners,github-0114,"Lorem ipsum dolor sit amet, consectetur adipiscing elit. Sed do eiusmod tempor incididunt ut labore et dolore magna aliqua. Ut enim ad minim veniam, quis nostrud exercitation ullamco laboris.Lorem ipsum dolor sit amet, consectetur adipiscing elit. Sed do eiusmod tempor incididunt ut labore et dolore magna aliqua. Ut enim ad minim veniam, quis nostrud exercitation ullamco laboris.",draft,,author_012,author_012@example.com,contributor,Programming,css,image_0045.webp,/uploads/image_0045.webp,image/webp,User 041,user041@example.com,Could you elaborate on the second part?
p_0114,Github for Beginners,github-0114,"Lorem ipsum dolor sit amet, consectetur adipiscing elit. Sed do eiusmod tempor incididunt ut labore et dolore magna aliqua. Ut enim ad minim veniam, quis nostrud exercitation ullamco laboris.Lorem ipsum dolor sit amet, consectetur adipiscing elit. Sed do eiusmod tempor incididunt ut labore et dolore magna aliqua. Ut enim ad minim veniam, quis nostrud exercitation ullamco laboris.",draft,,author_012,author_012@example.com,contributor,Programming,css,image_0045.webp,/uploads/image_0045.webp,image/webp,User 014,user014@example.com,Thanks for sharing this.
p_0114,Github for Beginners,github-0114,"Lorem ipsum dolor sit amet, consectetur adipiscing elit. Sed do eiusmod tempor incididunt ut labore et dolore magna aliqua. Ut enim ad minim veniam, quis nostrud exercitation ullamco laboris.Lorem ipsum dolor sit amet, consectetur adipiscing elit. Sed do eiusmod tempor incididunt ut labore et dolore magna aliqua. Ut enim ad minim veniam, quis nostrud exercitation ullamco laboris.",draft,,author_012,author_012@example.com,contributor,Programming,css,image_0045.webp,/uploads/image_0045.webp,image/webp,User 001,user001@example.com,This is exactly what I was looking for.
p_0115,Common Mistakes in Gcp,gcp-0115,"Lorem ipsum dolor sit amet, consectetur adipiscing elit. Sed do eiusmod tempor incididunt ut labore et dolore magna aliqua. Ut enim ad minim veniam, quis nostrud exercitation ullamco laboris.",published,2026-03-28T14:54:09.862813,author_008,author_008@example.com,contributor,Health|Travel,django|python|fastapi|kubernetes,image_0038.webp,/uploads/image_0038.webp,image/webp,User 042,user042@example.com,Bookmarked for later reference.
p_0115,Common Mistakes in Gcp,gcp-0115,"Lorem ipsum dolor sit amet, consectetur adipiscing elit. Sed do eiusmod tempor incididunt ut labore et dolore magna aliqua. Ut enim ad minim veniam, quis nostrud exercitation ullamco laboris.",published,2026-03-28T14:54:09.862813,author_008,author_008@example.com,contributor,Health|Travel,django|python|fastapi|kubernetes,image_0038.webp,/uploads/image_0038.webp,image/webp,User 002,user002@example.com,This is exactly what I was looking for.
p_0115,Common Mistakes in Gcp,gcp-0115,"Lorem ipsum dolor sit amet, consectetur adipiscing elit. Sed do eiusmod tempor incididunt ut labore et dolore magna aliqua. Ut enim ad minim veniam, quis nostrud exercitation ullamco laboris.",published,2026-03-28T14:54:09.862813,author_008,author_008@example.com,contributor,Health|Travel,django|python|fastapi|kubernetes,image_0038.webp,/uploads/image_0038.webp,image/webp,User 053,user053@example.com,Bookmarked for later reference.
p_0115,Common Mistakes in Gcp,gcp-0115,"Lorem ipsum dolor sit amet, consectetur adipiscing elit. Sed do eiusmod tempor incididunt ut labore et dolore magna aliqua. Ut enim ad minim veniam, quis nostrud exercitation ullamco laboris.",published,2026-03-28T14:54:09.862813,author_008,author_008@example.com,contributor,Health|Travel,django|python|fastapi|kubernetes,image_0038.webp,/uploads/image_0038.webp,image/webp,User 100,user100@example.com,Thanks for sharing this.
p_0115,Common Mistakes in Gcp,gcp-0115,"Lorem ipsum dolor sit amet, consectetur adipiscing elit. Sed do eiusmod tempor incididunt ut labore et dolore magna aliqua. Ut enim ad minim veniam, quis nostrud exercitation ullamco laboris.",published,2026-03-28T14:54:09.862813,author_008,author_008@example.com,contributor,Health|Travel,django|python|fastapi|kubernetes,image_0038.webp,/uploads/image_0038.webp,image/webp,User 093,user093@example.com,Nice writeup. Subscribed.
p_0115,Common Mistakes in Gcp,gcp-0115,"Lorem ipsum dolor sit amet, consectetur adipiscing elit. Sed do eiusmod tempor incididunt ut labore et dolore magna aliqua. Ut enim ad minim veniam, quis nostrud exercitation ullamco laboris.",published,2026-03-28T14:54:09.862813,author_008,author_008@example.com,contributor,Health|Travel,django|python|fastapi|kubernetes,image_0038.webp,/uploads/image_0038.webp,image/webp,User 032,user032@example.com,I had a similar experience recently.
p_0115,Common Mistakes in Gcp,gcp-0115,"Lorem ipsum dolor sit amet, consectetur adipiscing elit. Sed do eiusmod tempor incididunt ut labore et dolore magna aliqua. Ut enim ad minim veniam, quis nostrud exercitation ullamco laboris.",published,2026-03-28T14:54:09.862813,author_008,author_008@example.com,contributor,Health|Travel,django|python|fastapi|kubernetes,image_0038.webp,/uploads/image_0038.webp,image/webp,User 067,user067@example.com,I disagree with point 3 -- here's why...
p_0116,Github vs Alternatives,github-0116,"Lorem ipsum dolor sit amet, consectetur adipiscing elit. Sed do eiusmod tempor incididunt ut labore et dolore magna aliqua. Ut enim ad minim veniam, quis nostrud exercitation ullamco laboris.Lorem ipsum dolor sit amet, consectetur adipiscing elit. Sed do eiusmod tempor incididunt ut labore et dolore magna aliqua. Ut enim ad minim veniam, quis nostrud exercitation ullamco laboris.",published,2026-03-09T14:54:09.862837,author_005,author_005@example.com,author,Web Development|Programming,azure|css,image_0030.jpg,/uploads/image_0030.jpg,image/jpeg,User 047,user047@example.com,This is exactly what I was looking for.
p_0116,Github vs Alternatives,github-0116,"Lorem ipsum dolor sit amet, consectetur adipiscing elit. Sed do eiusmod tempor incididunt ut labore et dolore magna aliqua. Ut enim ad minim veniam, quis nostrud exercitation ullamco laboris.Lorem ipsum dolor sit amet, consectetur adipiscing elit. Sed do eiusmod tempor incididunt ut labore et dolore magna aliqua. Ut enim ad minim veniam, quis nostrud exercitation ullamco laboris.",published,2026-03-09T14:54:09.862837,author_005,author_005@example.com,author,Web Development|Programming,azure|css,image_0030.jpg,/uploads/image_0030.jpg,image/jpeg,User 032,user032@example.com,Just tried this approach -- it works.
p_0116,Github vs Alternatives,github-0116,"Lorem ipsum dolor sit amet, consectetur adipiscing elit. Sed do eiusmod tempor incididunt ut labore et dolore magna aliqua. Ut enim ad minim veniam, quis nostrud exercitation ullamco laboris.Lorem ipsum dolor sit amet, consectetur adipiscing elit. Sed do eiusmod tempor incididunt ut labore et dolore magna aliqua. Ut enim ad minim veniam, quis nostrud exercitation ullamco laboris.",published,2026-03-09T14:54:09.862837,author_005,author_005@example.com,author,Web Development|Programming,azure|css,image_0030.jpg,/uploads/image_0030.jpg,image/jpeg,User 077,user077@example.com,I had a similar experience recently.
p_0117,Building Production-Ready Vue Apps,vue-0117,"Lorem ipsum dolor sit amet, consectetur adipiscing elit. Sed do eiusmod tempor incididunt ut labore et dolore magna aliqua. Ut enim ad minim veniam, quis nostrud exercitation ullamco laboris.Lorem ipsum dolor sit amet, consectetur adipiscing elit. Sed do eiusmod tempor incididunt ut labore et dolore magna aliqua. Ut enim ad minim veniam, quis nostrud exercitation ullamco laboris.",published,2026-03-11T14:54:09.862853,author_003,author_003@example.com,contributor,Photography|Education,gcp|docker|azure,,,,User 018,user018@example.com,This is exactly what I was looking for.
p_0117,Building Production-Ready Vue Apps,vue-0117,"Lorem ipsum dolor sit amet, consectetur adipiscing elit. Sed do eiusmod tempor incididunt ut labore et dolore magna aliqua. Ut enim ad minim veniam, quis nostrud exercitation ullamco laboris.Lorem ipsum dolor sit amet, consectetur adipiscing elit. Sed do eiusmod tempor incididunt ut labore et dolore magna aliqua. Ut enim ad minim veniam, quis nostrud exercitation ullamco laboris.",published,2026-03-11T14:54:09.862853,author_003,author_003@example.com,contributor,Photography|Education,gcp|docker|azure,,,,User 042,user042@example.com,I had a similar experience recently.
p_0117,Building Production-Ready Vue Apps,vue-0117,"Lorem ipsum dolor sit amet, consectetur adipiscing elit. Sed do eiusmod tempor incididunt ut labore et dolore magna aliqua. Ut enim ad minim veniam, quis nostrud exercitation ullamco laboris.Lorem ipsum dolor sit amet, consectetur adipiscing elit. Sed do eiusmod tempor incididunt ut labore et dolore magna aliqua. Ut enim ad minim veniam, quis nostrud exercitation ullamco laboris.",published,2026-03-11T14:54:09.862853,author_003,author_003@example.com,contributor,Photography|Education,gcp|docker|azure,,,,User 089,user089@example.com,"Very insightful, looking forward to more."
p_0117,Building Production-Ready Vue Apps,vue-0117,"Lorem ipsum dolor sit amet, consectetur adipiscing elit. Sed do eiusmod tempor incididunt ut labore et dolore magna aliqua. Ut enim ad minim veniam, quis nostrud exercitation ullamco laboris.Lorem ipsum dolor sit amet, consectetur adipiscing elit. Sed do eiusmod tempor incididunt ut labore et dolore magna aliqua. Ut enim ad minim veniam, quis nostrud exercitation ullamco laboris.",published,2026-03-11T14:54:09.862853,author_003,author_003@example.com,contributor,Photography|Education,gcp|docker|azure,,,,User 062,user062@example.com,Could you elaborate on the second part?
p_0117,Building Production-Ready Vue Apps,vue-0117,"Lorem ipsum dolor sit amet, consectetur adipiscing elit. Sed do eiusmod tempor incididunt ut labore et dolore magna aliqua. Ut enim ad minim veniam, quis nostrud exercitation ullamco laboris.Lorem ipsum dolor sit amet, consectetur adipiscing elit. Sed do eiusmod tempor incididunt ut labore et dolore magna aliqua. Ut enim ad minim veniam, quis nostrud exercitation ullamco laboris.",published,2026-03-11T14:54:09.862853,author_003,author_003@example.com,contributor,Photography|Education,gcp|docker|azure,,,,User 023,user023@example.com,Bookmarked for later reference.
p_0117,Building Production-Ready Vue Apps,vue-0117,"Lorem ipsum dolor sit amet, consectetur adipiscing elit. Sed do eiusmod tempor incididunt ut labore et dolore magna aliqua. Ut enim ad minim veniam, quis nostrud exercitation ullamco laboris.Lorem ipsum dolor sit amet, consectetur adipiscing elit. Sed do eiusmod tempor incididunt ut labore et dolore magna aliqua. Ut enim ad minim veniam, quis nostrud exercitation ullamco laboris.",published,2026-03-11T14:54:09.862853,author_003,author_003@example.com,contributor,Photography|Education,gcp|docker|azure,,,,User 041,user041@example.com,This is exactly what I was looking for.
p_0117,Building Production-Ready Vue Apps,vue-0117,"Lorem ipsum dolor sit amet, consectetur adipiscing elit. Sed do eiusmod tempor incididunt ut labore et dolore magna aliqua. Ut enim ad minim veniam, quis nostrud exercitation ullamco laboris.Lorem ipsum dolor sit amet, consectetur adipiscing elit. Sed do eiusmod tempor incididunt ut labore et dolore magna aliqua. Ut enim ad minim veniam, quis nostrud exercitation ullamco laboris.",published,2026-03-11T14:54:09.862853,author_003,author_003@example.com,contributor,Photography|Education,gcp|docker|azure,,,,User 095,user095@example.com,Just tried this approach -- it works.
p_0118,Deep Dive into Postgresql,postgresql-0118,"Lorem ipsum dolor sit amet, consectetur adipiscing elit. Sed do eiusmod tempor incididunt ut labore et dolore magna aliqua. Ut enim ad minim veniam, quis nostrud exercitation ullamco laboris.Lorem ipsum dolor sit amet, consectetur adipiscing elit. Sed do eiusmod tempor incididunt ut labore et dolore magna aliqua. Ut enim ad minim veniam, quis nostrud exercitation ullamco laboris.",published,2025-11-08T14:54:09.862877,author_010,author_010@example.com,contributor,Programming|Design,github|tdd,image_0046.jpg,/uploads/image_0046.jpg,image/jpeg,User 091,user091@example.com,"Very insightful, looking forward to more."
p_0118,Deep Dive into Postgresql,postgresql-0118,"Lorem ipsum dolor sit amet, consectetur adipiscing elit. Sed do eiusmod tempor incididunt ut labore et dolore magna aliqua. Ut enim ad minim veniam, quis nostrud exercitation ullamco laboris.Lorem ipsum dolor sit amet, consectetur adipiscing elit. Sed do eiusmod tempor incididunt ut labore et dolore magna aliqua. Ut enim ad minim veniam, quis nostrud exercitation ullamco laboris.",published,2025-11-08T14:54:09.862877,author_010,author_010@example.com,contributor,Programming|Design,github|tdd,image_0046.jpg,/uploads/image_0046.jpg,image/jpeg,User 057,user057@example.com,This is exactly what I was looking for.
p_0118,Deep Dive into Postgresql,postgresql-0118,"Lorem ipsum dolor sit amet, consectetur adipiscing elit. Sed do eiusmod tempor incididunt ut labore et dolore magna aliqua. Ut enim ad minim veniam, quis nostrud exercitation ullamco laboris.Lorem ipsum dolor sit amet, consectetur adipiscing elit. Sed do eiusmod tempor incididunt ut labore et dolore magna aliqua. Ut enim ad minim veniam, quis nostrud exercitation ullamco laboris.",published,2025-11-08T14:54:09.862877,author_010,author_010@example.com,contributor,Programming|Design,github|tdd,image_0046.jpg,/uploads/image_0046.jpg,image/jpeg,User 089,user089@example.com,Thanks for sharing this.
p_0118,Deep Dive into Postgresql,postgresql-0118,"Lorem ipsum dolor sit amet, consectetur adipiscing elit. Sed do eiusmod tempor incididunt ut labore et dolore magna aliqua. Ut enim ad minim veniam, quis nostrud exercitation ullamco laboris.Lorem ipsum dolor sit amet, consectetur adipiscing elit. Sed do eiusmod tempor incididunt ut labore et dolore magna aliqua. Ut enim ad minim veniam, quis nostrud exercitation ullamco laboris.",published,2025-11-08T14:54:09.862877,author_010,author_010@example.com,contributor,Programming|Design,github|tdd,image_0046.jpg,/uploads/image_0046.jpg,image/jpeg,User 053,user053@example.com,Just tried this approach -- it works.
p_0118,Deep Dive into Postgresql,postgresql-0118,"Lorem ipsum dolor sit amet, consectetur adipiscing elit. Sed do eiusmod tempor incididunt ut labore et dolore magna aliqua. Ut enim ad minim veniam, quis nostrud exercitation ullamco laboris.Lorem ipsum dolor sit amet, consectetur adipiscing elit. Sed do eiusmod tempor incididunt ut labore et dolore magna aliqua. Ut enim ad minim veniam, quis nostrud exercitation ullamco laboris.",published,2025-11-08T14:54:09.862877,author_010,author_010@example.com,contributor,Programming|Design,github|tdd,image_0046.jpg,/uploads/image_0046.jpg,image/jpeg,User 018,user018@example.com,This is exactly what I was looking for.
p_0118,Deep Dive into Postgresql,postgresql-0118,"Lorem ipsum dolor sit amet, consectetur adipiscing elit. Sed do eiusmod tempor incididunt ut labore et dolore magna aliqua. Ut enim ad minim veniam, quis nostrud exercitation ullamco laboris.Lorem ipsum dolor sit amet, consectetur adipiscing elit. Sed do eiusmod tempor incididunt ut labore et dolore magna aliqua. Ut enim ad minim veniam, quis nostrud exercitation ullamco laboris.",published,2025-11-08T14:54:09.862877,author_010,author_010@example.com,contributor,Programming|Design,github|tdd,image_0046.jpg,/uploads/image_0046.jpg,image/jpeg,User 031,user031@example.com,This is exactly what I was looking for.
p_0119,Why Github Matters in 2024,github-0119,"Lorem ipsum dolor sit amet, consectetur adipiscing elit. Sed do eiusmod tempor incididunt ut labore et dolore magna aliqua. Ut enim ad minim veniam, quis nostrud exercitation ullamco laboris.Lorem ipsum dolor sit amet, consectetur adipiscing elit. Sed do eiusmod tempor incididunt ut labore et dolore magna aliqua. Ut enim ad minim veniam, quis nostrud exercitation ullamco laboris.Lorem ipsum dolor sit amet, consectetur adipiscing elit. Sed do eiusmod tempor incididunt ut labore et dolore magna aliqua. Ut enim ad minim veniam, quis nostrud exercitation ullamco laboris.",published,2025-11-07T14:54:09.862898,author_013,author_013@example.com,author,Photography|Education,mongodb|javascript|agile|kubernetes,,,,User 077,user077@example.com,Thanks for sharing this.
p_0119,Why Github Matters in 2024,github-0119,"Lorem ipsum dolor sit amet, consectetur adipiscing elit. Sed do eiusmod tempor incididunt ut labore et dolore magna aliqua. Ut enim ad minim veniam, quis nostrud exercitation ullamco laboris.Lorem ipsum dolor sit amet, consectetur adipiscing elit. Sed do eiusmod tempor incididunt ut labore et dolore magna aliqua. Ut enim ad minim veniam, quis nostrud exercitation ullamco laboris.Lorem ipsum dolor sit amet, consectetur adipiscing elit. Sed do eiusmod tempor incididunt ut labore et dolore magna aliqua. Ut enim ad minim veniam, quis nostrud exercitation ullamco laboris.",published,2025-11-07T14:54:09.862898,author_013,author_013@example.com,author,Photography|Education,mongodb|javascript|agile|kubernetes,,,,User 014,user014@example.com,"Very insightful, looking forward to more."
p_0119,Why Github Matters in 2024,github-0119,"Lorem ipsum dolor sit amet, consectetur adipiscing elit. Sed do eiusmod tempor incididunt ut labore et dolore magna aliqua. Ut enim ad minim veniam, quis nostrud exercitation ullamco laboris.Lorem ipsum dolor sit amet, consectetur adipiscing elit. Sed do eiusmod tempor incididunt ut labore et dolore magna aliqua. Ut enim ad minim veniam, quis nostrud exercitation ullamco laboris.Lorem ipsum dolor sit amet, consectetur adipiscing elit. Sed do eiusmod tempor incididunt ut labore et dolore magna aliqua. Ut enim ad minim veniam, quis nostrud exercitation ullamco laboris.",published,2025-11-07T14:54:09.862898,author_013,author_013@example.com,author,Photography|Education,mongodb|javascript|agile|kubernetes,,,,User 085,user085@example.com,Could you elaborate on the second part?
p_0119,Why Github Matters in 2024,github-0119,"Lorem ipsum dolor sit amet, consectetur adipiscing elit. Sed do eiusmod tempor incididunt ut labore et dolore magna aliqua. Ut enim ad minim veniam, quis nostrud exercitation ullamco laboris.Lorem ipsum dolor sit amet, consectetur adipiscing elit. Sed do eiusmod tempor incididunt ut labore et dolore magna aliqua. Ut enim ad minim veniam, quis nostrud exercitation ullamco laboris.Lorem ipsum dolor sit amet, consectetur adipiscing elit. Sed do eiusmod tempor incididunt ut labore et dolore magna aliqua. Ut enim ad minim veniam, quis nostrud exercitation ullamco laboris.",published,2025-11-07T14:54:09.862898,author_013,author_013@example.com,author,Photography|Education,mongodb|javascript|agile|kubernetes,,,,User 022,user022@example.com,I had a similar experience recently.
p_0119,Why Github Matters in 2024,github-0119,"Lorem ipsum dolor sit amet, consectetur adipiscing elit. Sed do eiusmod tempor incididunt ut labore et dolore magna aliqua. Ut enim ad minim veniam, quis nostrud exercitation ullamco laboris.Lorem ipsum dolor sit amet, consectetur adipiscing elit. Sed do eiusmod tempor incididunt ut labore et dolore magna aliqua. Ut enim ad minim veniam, quis nostrud exercitation ullamco laboris.Lorem ipsum dolor sit amet, consectetur adipiscing elit. Sed do eiusmod tempor incididunt ut labore et dolore magna aliqua. Ut enim ad minim veniam, quis nostrud exercitation ullamco laboris.",published,2025-11-07T14:54:09.862898,author_013,author_013@example.com,author,Photography|Education,mongodb|javascript|agile|kubernetes,,,,User 006,user006@example.com,I had a similar experience recently.
p_0119,Why Github Matters in 2024,github-0119,"Lorem ipsum dolor sit amet, consectetur adipiscing elit. Sed do eiusmod tempor incididunt ut labore et dolore magna aliqua. Ut enim ad minim veniam, quis nostrud exercitation ullamco laboris.Lorem ipsum dolor sit amet, consectetur adipiscing elit. Sed do eiusmod tempor incididunt ut labore et dolore magna aliqua. Ut enim ad minim veniam, quis nostrud exercitation ullamco laboris.Lorem ipsum dolor sit amet, consectetur adipiscing elit. Sed do eiusmod tempor incididunt ut labore et dolore magna aliqua. Ut enim ad minim veniam, quis nostrud exercitation ullamco laboris.",published,2025-11-07T14:54:09.862898,author_013,author_013@example.com,author,Photography|Education,mongodb|javascript|agile|kubernetes,,,,User 083,user083@example.com,Bookmarked for later reference.
p_0119,Why Github Matters in 2024,github-0119,"Lorem ipsum dolor sit amet, consectetur adipiscing elit. Sed do eiusmod tempor incididunt ut labore et dolore magna aliqua. Ut enim ad minim veniam, quis nostrud exercitation ullamco laboris.Lorem ipsum dolor sit amet, consectetur adipiscing elit. Sed do eiusmod tempor incididunt ut labore et dolore magna aliqua. Ut enim ad minim veniam, quis nostrud exercitation ullamco laboris.Lorem ipsum dolor sit amet, consectetur adipiscing elit. Sed do eiusmod tempor incididunt ut labore et dolore magna aliqua. Ut enim ad minim veniam, quis nostrud exercitation ullamco laboris.",published,2025-11-07T14:54:09.862898,author_013,author_013@example.com,author,Photography|Education,mongodb|javascript|agile|kubernetes,,,,User 097,user097@example.com,Could you elaborate on the second part?
p_0120,Agile vs Alternatives,agile-0120,"Lorem ipsum dolor sit amet, consectetur adipiscing elit. Sed do eiusmod tempor incididunt ut labore et dolore magna aliqua. Ut enim ad minim veniam, quis nostrud exercitation ullamco laboris.",published,2026-05-14T14:54:09.862922,author_003,author_003@example.com,contributor,Travel|Photography|Design,kubernetes|aws|gcp|tdd,image_0044.png,/uploads/image_0044.png,image/png,User 020,user020@example.com,Could you elaborate on the second part?
p_0120,Agile vs Alternatives,agile-0120,"Lorem ipsum dolor sit amet, consectetur adipiscing elit. Sed do eiusmod tempor incididunt ut labore et dolore magna aliqua. Ut enim ad minim veniam, quis nostrud exercitation ullamco laboris.",published,2026-05-14T14:54:09.862922,author_003,author_003@example.com,contributor,Travel|Photography|Design,kubernetes|aws|gcp|tdd,image_0044.png,/uploads/image_0044.png,image/png,User 004,user004@example.com,Just tried this approach -- it works.
p_0120,Agile vs Alternatives,agile-0120,"Lorem ipsum dolor sit amet, consectetur adipiscing elit. Sed do eiusmod tempor incididunt ut labore et dolore magna aliqua. Ut enim ad minim veniam, quis nostrud exercitation ullamco laboris.",published,2026-05-14T14:54:09.862922,author_003,author_003@example.com,contributor,Travel|Photography|Design,kubernetes|aws|gcp|tdd,image_0044.png,/uploads/image_0044.png,image/png,User 014,user014@example.com,This is exactly what I was looking for.
p_0120,Agile vs Alternatives,agile-0120,"Lorem ipsum dolor sit amet, consectetur adipiscing elit. Sed do eiusmod tempor incididunt ut labore et dolore magna aliqua. Ut enim ad minim veniam, quis nostrud exercitation ullamco laboris.",published,2026-05-14T14:54:09.862922,author_003,author_003@example.com,contributor,Travel|Photography|Design,kubernetes|aws|gcp|tdd,image_0044.png,/uploads/image_0044.png,image/png,User 054,user054@example.com,Thanks for sharing this.
p_0120,Agile vs Alternatives,agile-0120,"Lorem ipsum dolor sit amet, consectetur adipiscing elit. Sed do eiusmod tempor incididunt ut labore et dolore magna aliqua. Ut enim ad minim veniam, quis nostrud exercitation ullamco laboris.",published,2026-05-14T14:54:09.862922,author_003,author_003@example.com,contributor,Travel|Photography|Design,kubernetes|aws|gcp|tdd,image_0044.png,/uploads/image_0044.png,image/png,User 015,user015@example.com,I disagree with point 3 -- here's why...
p_0120,Agile vs Alternatives,agile-0120,"Lorem ipsum dolor sit amet, consectetur adipiscing elit. Sed do eiusmod tempor incididunt ut labore et dolore magna aliqua. Ut enim ad minim veniam, quis nostrud exercitation ullamco laboris.",published,2026-05-14T14:54:09.862922,author_003,author_003@example.com,contributor,Travel|Photography|Design,kubernetes|aws|gcp|tdd,image_0044.png,/uploads/image_0044.png,image/png,User 045,user045@example.com,This is exactly what I was looking for.
p_0120,Agile vs Alternatives,agile-0120,"Lorem ipsum dolor sit amet, consectetur adipiscing elit. Sed do eiusmod tempor incididunt ut labore et dolore magna aliqua. Ut enim ad minim veniam, quis nostrud exercitation ullamco laboris.",published,2026-05-14T14:54:09.862922,author_003,author_003@example.com,contributor,Travel|Photography|Design,kubernetes|aws|gcp|tdd,image_0044.png,/uploads/image_0044.png,image/png,User 044,user044@example.com,Just tried this approach -- it works.
p_0121,Deep Dive into Agile,agile-0121,"Lorem ipsum dolor sit amet, consectetur adipiscing elit. Sed do eiusmod tempor incididunt ut labore et dolore magna aliqua. Ut enim ad minim veniam, quis nostrud exercitation ullamco laboris.",published,2025-09-14T14:54:09.862946,author_016,author_016@example.com,author,Health|Business,html,image_0045.webp,/uploads/image_0045.webp,image/webp,User 003,user003@example.com,Could you elaborate on the second part?
p_0121,Deep Dive into Agile,agile-0121,"Lorem ipsum dolor sit amet, consectetur adipiscing elit. Sed do eiusmod tempor incididunt ut labore et dolore magna aliqua. Ut enim ad minim veniam, quis nostrud exercitation ullamco laboris.",published,2025-09-14T14:54:09.862946,author_016,author_016@example.com,author,Health|Business,html,image_0045.webp,/uploads/image_0045.webp,image/webp,User 083,user083@example.com,Thanks for sharing this.
p_0121,Deep Dive into Agile,agile-0121,"Lorem ipsum dolor sit amet, consectetur adipiscing elit. Sed do eiusmod tempor incididunt ut labore et dolore magna aliqua. Ut enim ad minim veniam, quis nostrud exercitation ullamco laboris.",published,2025-09-14T14:54:09.862946,author_016,author_016@example.com,author,Health|Business,html,image_0045.webp,/uploads/image_0045.webp,image/webp,User 087,user087@example.com,I disagree with point 3 -- here's why...
p_0122,Deep Dive into Devops,devops-0122,"Lorem ipsum dolor sit amet, consectetur adipiscing elit. Sed do eiusmod tempor incididunt ut labore et dolore magna aliqua. Ut enim ad minim veniam, quis nostrud exercitation ullamco laboris.Lorem ipsum dolor sit amet, consectetur adipiscing elit. Sed do eiusmod tempor incididunt ut labore et dolore magna aliqua. Ut enim ad minim veniam, quis nostrud exercitation ullamco laboris.",published,2026-02-19T14:54:09.862961,author_016,author_016@example.com,author,Education|Health|Design,git|react|github|azure,image_0047.png,/uploads/image_0047.png,image/png,User 026,user026@example.com,Just tried this approach -- it works.
p_0122,Deep Dive into Devops,devops-0122,"Lorem ipsum dolor sit amet, consectetur adipiscing elit. Sed do eiusmod tempor incididunt ut labore et dolore magna aliqua. Ut enim ad minim veniam, quis nostrud exercitation ullamco laboris.Lorem ipsum dolor sit amet, consectetur adipiscing elit. Sed do eiusmod tempor incididunt ut labore et dolore magna aliqua. Ut enim ad minim veniam, quis nostrud exercitation ullamco laboris.",published,2026-02-19T14:54:09.862961,author_016,author_016@example.com,author,Education|Health|Design,git|react|github|azure,image_0047.png,/uploads/image_0047.png,image/png,User 076,user076@example.com,Bookmarked for later reference.
p_0122,Deep Dive into Devops,devops-0122,"Lorem ipsum dolor sit amet, consectetur adipiscing elit. Sed do eiusmod tempor incididunt ut labore et dolore magna aliqua. Ut enim ad minim veniam, quis nostrud exercitation ullamco laboris.Lorem ipsum dolor sit amet, consectetur adipiscing elit. Sed do eiusmod tempor incididunt ut labore et dolore magna aliqua. Ut enim ad minim veniam, quis nostrud exercitation ullamco laboris.",published,2026-02-19T14:54:09.862961,author_016,author_016@example.com,author,Education|Health|Design,git|react|github|azure,image_0047.png,/uploads/image_0047.png,image/png,User 050,user050@example.com,Great post! Really helpful.
p_0122,Deep Dive into Devops,devops-0122,"Lorem ipsum dolor sit amet, consectetur adipiscing elit. Sed do eiusmod tempor incididunt ut labore et dolore magna aliqua. Ut enim ad minim veniam, quis nostrud exercitation ullamco laboris.Lorem ipsum dolor sit amet, consectetur adipiscing elit. Sed do eiusmod tempor incididunt ut labore et dolore magna aliqua. Ut enim ad minim veniam, quis nostrud exercitation ullamco laboris.",published,2026-02-19T14:54:09.862961,author_016,author_016@example.com,author,Education|Health|Design,git|react|github|azure,image_0047.png,/uploads/image_0047.png,image/png,User 091,user091@example.com,"Very insightful, looking forward to more."
p_0122,Deep Dive into Devops,devops-0122,"Lorem ipsum dolor sit amet, consectetur adipiscing elit. Sed do eiusmod tempor incididunt ut labore et dolore magna aliqua. Ut enim ad minim veniam, quis nostrud exercitation ullamco laboris.Lorem ipsum dolor sit amet, consectetur adipiscing elit. Sed do eiusmod tempor incididunt ut labore et dolore magna aliqua. Ut enim ad minim veniam, quis nostrud exercitation ullamco laboris.",published,2026-02-19T14:54:09.862961,author_016,author_016@example.com,author,Education|Health|Design,git|react|github|azure,image_0047.png,/uploads/image_0047.png,image/png,User 027,user027@example.com,This is exactly what I was looking for.
p_0122,Deep Dive into Devops,devops-0122,"Lorem ipsum dolor sit amet, consectetur adipiscing elit. Sed do eiusmod tempor incididunt ut labore et dolore magna aliqua. Ut enim ad minim veniam, quis nostrud exercitation ullamco laboris.Lorem ipsum dolor sit amet, consectetur adipiscing elit. Sed do eiusmod tempor incididunt ut labore et dolore magna aliqua. Ut enim ad minim veniam, quis nostrud exercitation ullamco laboris.",published,2026-02-19T14:54:09.862961,author_016,author_016@example.com,author,Education|Health|Design,git|react|github|azure,image_0047.png,/uploads/image_0047.png,image/png,User 097,user097@example.com,Thanks for sharing this.
p_0122,Deep Dive into Devops,devops-0122,"Lorem ipsum dolor sit amet, consectetur adipiscing elit. Sed do eiusmod tempor incididunt ut labore et dolore magna aliqua. Ut enim ad minim veniam, quis nostrud exercitation ullamco laboris.Lorem ipsum dolor sit amet, consectetur adipiscing elit. Sed do eiusmod tempor incididunt ut labore et dolore magna aliqua. Ut enim ad minim veniam, quis nostrud exercitation ullamco laboris.",published,2026-02-19T14:54:09.862961,author_016,author_016@example.com,author,Education|Health|Design,git|react|github|azure,image_0047.png,/uploads/image_0047.png,image/png,User 074,user074@example.com,Thanks for sharing this.
p_0123,The Future of Agile,agile-0123,"Lorem ipsum dolor sit amet, consectetur adipiscing elit. Sed do eiusmod tempor incididunt ut labore et dolore magna aliqua. Ut enim ad minim veniam, quis nostrud exercitation ullamco laboris.Lorem ipsum dolor sit amet, consectetur adipiscing elit. Sed do eiusmod tempor incididunt ut labore et dolore magna aliqua. Ut enim ad minim veniam, quis nostrud exercitation ullamco laboris.",published,2025-11-13T14:54:09.862985,author_005,author_005@example.com,author,Marketing,nosql|git|docker|redis,image_0025.gif,/uploads/image_0025.gif,image/gif,User 015,user015@example.com,Could you elaborate on the second part?
p_0123,The Future of Agile,agile-0123,"Lorem ipsum dolor sit amet, consectetur adipiscing elit. Sed do eiusmod tempor incididunt ut labore et dolore magna aliqua. Ut enim ad minim veniam, quis nostrud exercitation ullamco laboris.Lorem ipsum dolor sit amet, consectetur adipiscing elit. Sed do eiusmod tempor incididunt ut labore et dolore magna aliqua. Ut enim ad minim veniam, quis nostrud exercitation ullamco laboris.",published,2025-11-13T14:54:09.862985,author_005,author_005@example.com,author,Marketing,nosql|git|docker|redis,image_0025.gif,/uploads/image_0025.gif,image/gif,User 046,user046@example.com,Just tried this approach -- it works.
p_0123,The Future of Agile,agile-0123,"Lorem ipsum dolor sit amet, consectetur adipiscing elit. Sed do eiusmod tempor incididunt ut labore et dolore magna aliqua. Ut enim ad minim veniam, quis nostrud exercitation ullamco laboris.Lorem ipsum dolor sit amet, consectetur adipiscing elit. Sed do eiusmod tempor incididunt ut labore et dolore magna aliqua. Ut enim ad minim veniam, quis nostrud exercitation ullamco laboris.",published,2025-11-13T14:54:09.862985,author_005,author_005@example.com,author,Marketing,nosql|git|docker|redis,image_0025.gif,/uploads/image_0025.gif,image/gif,User 080,user080@example.com,I disagree with point 3 -- here's why...
p_0123,The Future of Agile,agile-0123,"Lorem ipsum dolor sit amet, consectetur adipiscing elit. Sed do eiusmod tempor incididunt ut labore et dolore magna aliqua. Ut enim ad minim veniam, quis nostrud exercitation ullamco laboris.Lorem ipsum dolor sit amet, consectetur adipiscing elit. Sed do eiusmod tempor incididunt ut labore et dolore magna aliqua. Ut enim ad minim veniam, quis nostrud exercitation ullamco laboris.",published,2025-11-13T14:54:09.862985,author_005,author_005@example.com,author,Marketing,nosql|git|docker|redis,image_0025.gif,/uploads/image_0025.gif,image/gif,User 087,user087@example.com,This is exactly what I was looking for.
p_0123,The Future of Agile,agile-0123,"Lorem ipsum dolor sit amet, consectetur adipiscing elit. Sed do eiusmod tempor incididunt ut labore et dolore magna aliqua. Ut enim ad minim veniam, quis nostrud exercitation ullamco laboris.Lorem ipsum dolor sit amet, consectetur adipiscing elit. Sed do eiusmod tempor incididunt ut labore et dolore magna aliqua. Ut enim ad minim veniam, quis nostrud exercitation ullamco laboris.",published,2025-11-13T14:54:09.862985,author_005,author_005@example.com,author,Marketing,nosql|git|docker|redis,image_0025.gif,/uploads/image_0025.gif,image/gif,User 079,user079@example.com,I had a similar experience recently.
p_0123,The Future of Agile,agile-0123,"Lorem ipsum dolor sit amet, consectetur adipiscing elit. Sed do eiusmod tempor incididunt ut labore et dolore magna aliqua. Ut enim ad minim veniam, quis nostrud exercitation ullamco laboris.Lorem ipsum dolor sit amet, consectetur adipiscing elit. Sed do eiusmod tempor incididunt ut labore et dolore magna aliqua. Ut enim ad minim veniam, quis nostrud exercitation ullamco laboris.",published,2025-11-13T14:54:09.862985,author_005,author_005@example.com,author,Marketing,nosql|git|docker|redis,image_0025.gif,/uploads/image_0025.gif,image/gif,User 011,user011@example.com,I disagree with point 3 -- here's why...
p_0123,The Future of Agile,agile-0123,"Lorem ipsum dolor sit amet, consectetur adipiscing elit. Sed do eiusmod tempor incididunt ut labore et dolore magna aliqua. Ut enim ad minim veniam, quis nostrud exercitation ullamco laboris.Lorem ipsum dolor sit amet, consectetur adipiscing elit. Sed do eiusmod tempor incididunt ut labore et dolore magna aliqua. Ut enim ad minim veniam, quis nostrud exercitation ullamco laboris.",published,2025-11-13T14:54:09.862985,author_005,author_005@example.com,author,Marketing,nosql|git|docker|redis,image_0025.gif,/uploads/image_0025.gif,image/gif,User 041,user041@example.com,Thanks for sharing this.
p_0124,10 Tips for Mastering Nodejs,nodejs-0124,"Lorem ipsum dolor sit amet, consectetur adipiscing elit. Sed do eiusmod tempor incididunt ut labore et dolore magna aliqua. Ut enim ad minim veniam, quis nostrud exercitation ullamco laboris.",published,2026-02-15T14:54:09.863008,author_003,author_003@example.com,contributor,Education|Photography|Web Development,azure|react|sql|git,image_0041.png,/uploads/image_0041.png,image/png,User 072,user072@example.com,I disagree with point 3 -- here's why...
p_0124,10 Tips for Mastering Nodejs,nodejs-0124,"Lorem ipsum dolor sit amet, consectetur adipiscing elit. Sed do eiusmod tempor incididunt ut labore et dolore magna aliqua. Ut enim ad minim veniam, quis nostrud exercitation ullamco laboris.",published,2026-02-15T14:54:09.863008,author_003,author_003@example.com,contributor,Education|Photography|Web Development,azure|react|sql|git,image_0041.png,/uploads/image_0041.png,image/png,User 063,user063@example.com,This is exactly what I was looking for.
p_0124,10 Tips for Mastering Nodejs,nodejs-0124,"Lorem ipsum dolor sit amet, consectetur adipiscing elit. Sed do eiusmod tempor incididunt ut labore et dolore magna aliqua. Ut enim ad minim veniam, quis nostrud exercitation ullamco laboris.",published,2026-02-15T14:54:09.863008,author_003,author_003@example.com,contributor,Education|Photography|Web Development,azure|react|sql|git,image_0041.png,/uploads/image_0041.png,image/png,User 018,user018@example.com,I disagree with point 3 -- here's why...
p_0124,10 Tips for Mastering Nodejs,nodejs-0124,"Lorem ipsum dolor sit amet, consectetur adipiscing elit. Sed do eiusmod tempor incididunt ut labore et dolore magna aliqua. Ut enim ad minim veniam, quis nostrud exercitation ullamco laboris.",published,2026-02-15T14:54:09.863008,author_003,author_003@example.com,contributor,Education|Photography|Web Development,azure|react|sql|git,image_0041.png,/uploads/image_0041.png,image/png,User 041,user041@example.com,Just tried this approach -- it works.
p_0125,Getting Started with Redis,redis-0125,"Lorem ipsum dolor sit amet, consectetur adipiscing elit. Sed do eiusmod tempor incididunt ut labore et dolore magna aliqua. Ut enim ad minim veniam, quis nostrud exercitation ullamco laboris.",published,2026-05-15T14:54:09.863028,author_011,author_011@example.com,contributor,Travel|Photography,azure|github|sql|ci-cd,,,,User 022,user022@example.com,Thanks for sharing this.
p_0125,Getting Started with Redis,redis-0125,"Lorem ipsum dolor sit amet, consectetur adipiscing elit. Sed do eiusmod tempor incididunt ut labore et dolore magna aliqua. Ut enim ad minim veniam, quis nostrud exercitation ullamco laboris.",published,2026-05-15T14:54:09.863028,author_011,author_011@example.com,contributor,Travel|Photography,azure|github|sql|ci-cd,,,,User 073,user073@example.com,Great post! Really helpful.
p_0125,Getting Started with Redis,redis-0125,"Lorem ipsum dolor sit amet, consectetur adipiscing elit. Sed do eiusmod tempor incididunt ut labore et dolore magna aliqua. Ut enim ad minim veniam, quis nostrud exercitation ullamco laboris.",published,2026-05-15T14:54:09.863028,author_011,author_011@example.com,contributor,Travel|Photography,azure|github|sql|ci-cd,,,,User 098,user098@example.com,"Very insightful, looking forward to more."
p_0125,Getting Started with Redis,redis-0125,"Lorem ipsum dolor sit amet, consectetur adipiscing elit. Sed do eiusmod tempor incididunt ut labore et dolore magna aliqua. Ut enim ad minim veniam, quis nostrud exercitation ullamco laboris.",published,2026-05-15T14:54:09.863028,author_011,author_011@example.com,contributor,Travel|Photography,azure|github|sql|ci-cd,,,,User 038,user038@example.com,Great post! Really helpful.
p_0125,Getting Started with Redis,redis-0125,"Lorem ipsum dolor sit amet, consectetur adipiscing elit. Sed do eiusmod tempor incididunt ut labore et dolore magna aliqua. Ut enim ad minim veniam, quis nostrud exercitation ullamco laboris.",published,2026-05-15T14:54:09.863028,author_011,author_011@example.com,contributor,Travel|Photography,azure|github|sql|ci-cd,,,,User 036,user036@example.com,"Very insightful, looking forward to more."
p_0125,Getting Started with Redis,redis-0125,"Lorem ipsum dolor sit amet, consectetur adipiscing elit. Sed do eiusmod tempor incididunt ut labore et dolore magna aliqua. Ut enim ad minim veniam, quis nostrud exercitation ullamco laboris.",published,2026-05-15T14:54:09.863028,author_011,author_011@example.com,contributor,Travel|Photography,azure|github|sql|ci-cd,,,,User 069,user069@example.com,This is exactly what I was looking for.
p_0126,Building Production-Ready React Apps,react-0126,"Lorem ipsum dolor sit amet, consectetur adipiscing elit. Sed do eiusmod tempor incididunt ut labore et dolore magna aliqua. Ut enim ad minim veniam, quis nostrud exercitation ullamco laboris.",published,2025-09-08T14:54:09.863049,author_018,author_018@example.com,author,Programming|Marketing|Business,tdd,,,,User 028,user028@example.com,Bookmarked for later reference.
p_0126,Building Production-Ready React Apps,react-0126,"Lorem ipsum dolor sit amet, consectetur adipiscing elit. Sed do eiusmod tempor incididunt ut labore et dolore magna aliqua. Ut enim ad minim veniam, quis nostrud exercitation ullamco laboris.",published,2025-09-08T14:54:09.863049,author_018,author_018@example.com,author,Programming|Marketing|Business,tdd,,,,User 014,user014@example.com,"Very insightful, looking forward to more."
p_0126,Building Production-Ready React Apps,react-0126,"Lorem ipsum dolor sit amet, consectetur adipiscing elit. Sed do eiusmod tempor incididunt ut labore et dolore magna aliqua. Ut enim ad minim veniam, quis nostrud exercitation ullamco laboris.",published,2025-09-08T14:54:09.863049,author_018,author_018@example.com,author,Programming|Marketing|Business,tdd,,,,User 039,user039@example.com,Great post! Really helpful.
p_0126,Building Production-Ready React Apps,react-0126,"Lorem ipsum dolor sit amet, consectetur adipiscing elit. Sed do eiusmod tempor incididunt ut labore et dolore magna aliqua. Ut enim ad minim veniam, quis nostrud exercitation ullamco laboris.",published,2025-09-08T14:54:09.863049,author_018,author_018@example.com,author,Programming|Marketing|Business,tdd,,,,User 058,user058@example.com,This is exactly what I was looking for.
p_0126,Building Production-Ready React Apps,react-0126,"Lorem ipsum dolor sit amet, consectetur adipiscing elit. Sed do eiusmod tempor incididunt ut labore et dolore magna aliqua. Ut enim ad minim veniam, quis nostrud exercitation ullamco laboris.",published,2025-09-08T14:54:09.863049,author_018,author_018@example.com,author,Programming|Marketing|Business,tdd,,,,User 045,user045@example.com,Thanks for sharing this.
p_0126,Building Production-Ready React Apps,react-0126,"Lorem ipsum dolor sit amet, consectetur adipiscing elit. Sed do eiusmod tempor incididunt ut labore et dolore magna aliqua. Ut enim ad minim veniam, quis nostrud exercitation ullamco laboris.",published,2025-09-08T14:54:09.863049,author_018,author_018@example.com,author,Programming|Marketing|Business,tdd,,,,User 057,user057@example.com,Thanks for sharing this.
p_0126,Building Production-Ready React Apps,react-0126,"Lorem ipsum dolor sit amet, consectetur adipiscing elit. Sed do eiusmod tempor incididunt ut labore et dolore magna aliqua. Ut enim ad minim veniam, quis nostrud exercitation ullamco laboris.",published,2025-09-08T14:54:09.863049,author_018,author_018@example.com,author,Programming|Marketing|Business,tdd,,,,User 100,user100@example.com,"Very insightful, looking forward to more."
p_0127,Vue for Beginners,vue-0127,"Lorem ipsum dolor sit amet, consectetur adipiscing elit. Sed do eiusmod tempor incididunt ut labore et dolore magna aliqua. Ut enim ad minim veniam, quis nostrud exercitation ullamco laboris.Lorem ipsum dolor sit amet, consectetur adipiscing elit. Sed do eiusmod tempor incididunt ut labore et dolore magna aliqua. Ut enim ad minim veniam, quis nostrud exercitation ullamco laboris.",published,2025-05-21T14:54:09.863072,author_011,author_011@example.com,contributor,Photography,agile|vue,,,,User 073,user073@example.com,Could you elaborate on the second part?
p_0127,Vue for Beginners,vue-0127,"Lorem ipsum dolor sit amet, consectetur adipiscing elit. Sed do eiusmod tempor incididunt ut labore et dolore magna aliqua. Ut enim ad minim veniam, quis nostrud exercitation ullamco laboris.Lorem ipsum dolor sit amet, consectetur adipiscing elit. Sed do eiusmod tempor incididunt ut labore et dolore magna aliqua. Ut enim ad minim veniam, quis nostrud exercitation ullamco laboris.",published,2025-05-21T14:54:09.863072,author_011,author_011@example.com,contributor,Photography,agile|vue,,,,User 069,user069@example.com,This is exactly what I was looking for.
p_0127,Vue for Beginners,vue-0127,"Lorem ipsum dolor sit amet, consectetur adipiscing elit. Sed do eiusmod tempor incididunt ut labore et dolore magna aliqua. Ut enim ad minim veniam, quis nostrud exercitation ullamco laboris.Lorem ipsum dolor sit amet, consectetur adipiscing elit. Sed do eiusmod tempor incididunt ut labore et dolore magna aliqua. Ut enim ad minim veniam, quis nostrud exercitation ullamco laboris.",published,2025-05-21T14:54:09.863072,author_011,author_011@example.com,contributor,Photography,agile|vue,,,,User 077,user077@example.com,Nice writeup. Subscribed.
p_0128,Common Mistakes in React,react-0128,"Lorem ipsum dolor sit amet, consectetur adipiscing elit. Sed do eiusmod tempor incididunt ut labore et dolore magna aliqua. Ut enim ad minim veniam, quis nostrud exercitation ullamco laboris.Lorem ipsum dolor sit amet, consectetur adipiscing elit. Sed do eiusmod tempor incididunt ut labore et dolore magna aliqua. Ut enim ad minim veniam, quis nostrud exercitation ullamco laboris.Lorem ipsum dolor sit amet, consectetur adipiscing elit. Sed do eiusmod tempor incididunt ut labore et dolore magna aliqua. Ut enim ad minim veniam, quis nostrud exercitation ullamco laboris.",published,2025-12-22T14:54:09.863088,author_009,author_009@example.com,author,Programming|Web Development|Education,css,,,,User 090,user090@example.com,I disagree with point 3 -- here's why...
p_0128,Common Mistakes in React,react-0128,"Lorem ipsum dolor sit amet, consectetur adipiscing elit. Sed do eiusmod tempor incididunt ut labore et dolore magna aliqua. Ut enim ad minim veniam, quis nostrud exercitation ullamco laboris.Lorem ipsum dolor sit amet, consectetur adipiscing elit. Sed do eiusmod tempor incididunt ut labore et dolore magna aliqua. Ut enim ad minim veniam, quis nostrud exercitation ullamco laboris.Lorem ipsum dolor sit amet, consectetur adipiscing elit. Sed do eiusmod tempor incididunt ut labore et dolore magna aliqua. Ut enim ad minim veniam, quis nostrud exercitation ullamco laboris.",published,2025-12-22T14:54:09.863088,author_009,author_009@example.com,author,Programming|Web Development|Education,css,,,,User 032,user032@example.com,I disagree with point 3 -- here's why...
p_0128,Common Mistakes in React,react-0128,"Lorem ipsum dolor sit amet, consectetur adipiscing elit. Sed do eiusmod tempor incididunt ut labore et dolore magna aliqua. Ut enim ad minim veniam, quis nostrud exercitation ullamco laboris.Lorem ipsum dolor sit amet, consectetur adipiscing elit. Sed do eiusmod tempor incididunt ut labore et dolore magna aliqua. Ut enim ad minim veniam, quis nostrud exercitation ullamco laboris.Lorem ipsum dolor sit amet, consectetur adipiscing elit. Sed do eiusmod tempor incididunt ut labore et dolore magna aliqua. Ut enim ad minim veniam, quis nostrud exercitation ullamco laboris.",published,2025-12-22T14:54:09.863088,author_009,author_009@example.com,author,Programming|Web Development|Education,css,,,,User 092,user092@example.com,Could you elaborate on the second part?
p_0128,Common Mistakes in React,react-0128,"Lorem ipsum dolor sit amet, consectetur adipiscing elit. Sed do eiusmod tempor incididunt ut labore et dolore magna aliqua. Ut enim ad minim veniam, quis nostrud exercitation ullamco laboris.Lorem ipsum dolor sit amet, consectetur adipiscing elit. Sed do eiusmod tempor incididunt ut labore et dolore magna aliqua. Ut enim ad minim veniam, quis nostrud exercitation ullamco laboris.Lorem ipsum dolor sit amet, consectetur adipiscing elit. Sed do eiusmod tempor incididunt ut labore et dolore magna aliqua. Ut enim ad minim veniam, quis nostrud exercitation ullamco laboris.",published,2025-12-22T14:54:09.863088,author_009,author_009@example.com,author,Programming|Web Development|Education,css,,,,User 032,user032@example.com,Bookmarked for later reference.
p_0129,Why Sql Matters in 2024,sql-0129,"Lorem ipsum dolor sit amet, consectetur adipiscing elit. Sed do eiusmod tempor incididunt ut labore et dolore magna aliqua. Ut enim ad minim veniam, quis nostrud exercitation ullamco laboris.Lorem ipsum dolor sit amet, consectetur adipiscing elit. Sed do eiusmod tempor incididunt ut labore et dolore magna aliqua. Ut enim ad minim veniam, quis nostrud exercitation ullamco laboris.",published,2025-06-30T14:54:09.863107,author_018,author_018@example.com,author,Health|Programming,aws,image_0017.gif,/uploads/image_0017.gif,image/gif,User 059,user059@example.com,Just tried this approach -- it works.
p_0129,Why Sql Matters in 2024,sql-0129,"Lorem ipsum dolor sit amet, consectetur adipiscing elit. Sed do eiusmod tempor incididunt ut labore et dolore magna aliqua. Ut enim ad minim veniam, quis nostrud exercitation ullamco laboris.Lorem ipsum dolor sit amet, consectetur adipiscing elit. Sed do eiusmod tempor incididunt ut labore et dolore magna aliqua. Ut enim ad minim veniam, quis nostrud exercitation ullamco laboris.",published,2025-06-30T14:54:09.863107,author_018,author_018@example.com,author,Health|Programming,aws,image_0017.gif,/uploads/image_0017.gif,image/gif,User 042,user042@example.com,I had a similar experience recently.
p_0129,Why Sql Matters in 2024,sql-0129,"Lorem ipsum dolor sit amet, consectetur adipiscing elit. Sed do eiusmod tempor incididunt ut labore et dolore magna aliqua. Ut enim ad minim veniam, quis nostrud exercitation ullamco laboris.Lorem ipsum dolor sit amet, consectetur adipiscing elit. Sed do eiusmod tempor incididunt ut labore et dolore magna aliqua. Ut enim ad minim veniam, quis nostrud exercitation ullamco laboris.",published,2025-06-30T14:54:09.863107,author_018,author_018@example.com,author,Health|Programming,aws,image_0017.gif,/uploads/image_0017.gif,image/gif,User 001,user001@example.com,Thanks for sharing this.
p_0129,Why Sql Matters in 2024,sql-0129,"Lorem ipsum dolor sit amet, consectetur adipiscing elit. Sed do eiusmod tempor incididunt ut labore et dolore magna aliqua. Ut enim ad minim veniam, quis nostrud exercitation ullamco laboris.Lorem ipsum dolor sit amet, consectetur adipiscing elit. Sed do eiusmod tempor incididunt ut labore et dolore magna aliqua. Ut enim ad minim veniam, quis nostrud exercitation ullamco laboris.",published,2025-06-30T14:54:09.863107,author_018,author_018@example.com,author,Health|Programming,aws,image_0017.gif,/uploads/image_0017.gif,image/gif,User 094,user094@example.com,Just tried this approach -- it works.
p_0129,Why Sql Matters in 2024,sql-0129,"Lorem ipsum dolor sit amet, consectetur adipiscing elit. Sed do eiusmod tempor incididunt ut labore et dolore magna aliqua. Ut enim ad minim veniam, quis nostrud exercitation ullamco laboris.Lorem ipsum dolor sit amet, consectetur adipiscing elit. Sed do eiusmod tempor incididunt ut labore et dolore magna aliqua. Ut enim ad minim veniam, quis nostrud exercitation ullamco laboris.",published,2025-06-30T14:54:09.863107,author_018,author_018@example.com,author,Health|Programming,aws,image_0017.gif,/uploads/image_0017.gif,image/gif,User 082,user082@example.com,Could you elaborate on the second part?
p_0130,Best Practices for Graphql,graphql-0130,"Lorem ipsum dolor sit amet, consectetur adipiscing elit. Sed do eiusmod tempor incididunt ut labore et dolore magna aliqua. Ut enim ad minim veniam, quis nostrud exercitation ullamco laboris.Lorem ipsum dolor sit amet, consectetur adipiscing elit. Sed do eiusmod tempor incididunt ut labore et dolore magna aliqua. Ut enim ad minim veniam, quis nostrud exercitation ullamco laboris.",published,2025-10-28T14:54:09.863128,author_017,author_017@example.com,author,Health,docker|rest-api|html,image_0036.jpg,/uploads/image_0036.jpg,image/jpeg,User 073,user073@example.com,Just tried this approach -- it works.
p_0130,Best Practices for Graphql,graphql-0130,"Lorem ipsum dolor sit amet, consectetur adipiscing elit. Sed do eiusmod tempor incididunt ut labore et dolore magna aliqua. Ut enim ad minim veniam, quis nostrud exercitation ullamco laboris.Lorem ipsum dolor sit amet, consectetur adipiscing elit. Sed do eiusmod tempor incididunt ut labore et dolore magna aliqua. Ut enim ad minim veniam, quis nostrud exercitation ullamco laboris.",published,2025-10-28T14:54:09.863128,author_017,author_017@example.com,author,Health,docker|rest-api|html,image_0036.jpg,/uploads/image_0036.jpg,image/jpeg,User 044,user044@example.com,Great post! Really helpful.
p_0130,Best Practices for Graphql,graphql-0130,"Lorem ipsum dolor sit amet, consectetur adipiscing elit. Sed do eiusmod tempor incididunt ut labore et dolore magna aliqua. Ut enim ad minim veniam, quis nostrud exercitation ullamco laboris.Lorem ipsum dolor sit amet, consectetur adipiscing elit. Sed do eiusmod tempor incididunt ut labore et dolore magna aliqua. Ut enim ad minim veniam, quis nostrud exercitation ullamco laboris.",published,2025-10-28T14:54:09.863128,author_017,author_017@example.com,author,Health,docker|rest-api|html,image_0036.jpg,/uploads/image_0036.jpg,image/jpeg,User 006,user006@example.com,Thanks for sharing this.
p_0130,Best Practices for Graphql,graphql-0130,"Lorem ipsum dolor sit amet, consectetur adipiscing elit. Sed do eiusmod tempor incididunt ut labore et dolore magna aliqua. Ut enim ad minim veniam, quis nostrud exercitation ullamco laboris.Lorem ipsum dolor sit amet, consectetur adipiscing elit. Sed do eiusmod tempor incididunt ut labore et dolore magna aliqua. Ut enim ad minim veniam, quis nostrud exercitation ullamco laboris.",published,2025-10-28T14:54:09.863128,author_017,author_017@example.com,author,Health,docker|rest-api|html,image_0036.jpg,/uploads/image_0036.jpg,image/jpeg,User 081,user081@example.com,Just tried this approach -- it works.
p_0131,Best Practices for Python,python-0131,"Lorem ipsum dolor sit amet, consectetur adipiscing elit. Sed do eiusmod tempor incididunt ut labore et dolore magna aliqua. Ut enim ad minim veniam, quis nostrud exercitation ullamco laboris.Lorem ipsum dolor sit amet, consectetur adipiscing elit. Sed do eiusmod tempor incididunt ut labore et dolore magna aliqua. Ut enim ad minim veniam, quis nostrud exercitation ullamco laboris.",published,2025-10-06T14:54:09.863146,author_005,author_005@example.com,author,Web Development,react|graphql|devops,,,,User 084,user084@example.com,Could you elaborate on the second part?
p_0131,Best Practices for Python,python-0131,"Lorem ipsum dolor sit amet, consectetur adipiscing elit. Sed do eiusmod tempor incididunt ut labore et dolore magna aliqua. Ut enim ad minim veniam, quis nostrud exercitation ullamco laboris.Lorem ipsum dolor sit amet, consectetur adipiscing elit. Sed do eiusmod tempor incididunt ut labore et dolore magna aliqua. Ut enim ad minim veniam, quis nostrud exercitation ullamco laboris.",published,2025-10-06T14:54:09.863146,author_005,author_005@example.com,author,Web Development,react|graphql|devops,,,,User 033,user033@example.com,Thanks for sharing this.
p_0131,Best Practices for Python,python-0131,"Lorem ipsum dolor sit amet, consectetur adipiscing elit. Sed do eiusmod tempor incididunt ut labore et dolore magna aliqua. Ut enim ad minim veniam, quis nostrud exercitation ullamco laboris.Lorem ipsum dolor sit amet, consectetur adipiscing elit. Sed do eiusmod tempor incididunt ut labore et dolore magna aliqua. Ut enim ad minim veniam, quis nostrud exercitation ullamco laboris.",published,2025-10-06T14:54:09.863146,author_005,author_005@example.com,author,Web Development,react|graphql|devops,,,,User 048,user048@example.com,I disagree with point 3 -- here's why...
p_0132,Javascript vs Alternatives,javascript-0132,"Lorem ipsum dolor sit amet, consectetur adipiscing elit. Sed do eiusmod tempor incididunt ut labore et dolore magna aliqua. Ut enim ad minim veniam, quis nostrud exercitation ullamco laboris.Lorem ipsum dolor sit amet, consectetur adipiscing elit. Sed do eiusmod tempor incididunt ut labore et dolore magna aliqua. Ut enim ad minim veniam, quis nostrud exercitation ullamco laboris.",draft,,author_009,author_009@example.com,author,Programming|Photography|Technology,sql|fastapi,image_0014.webp,/uploads/image_0014.webp,image/webp,User 088,user088@example.com,Just tried this approach -- it works.
p_0132,Javascript vs Alternatives,javascript-0132,"Lorem ipsum dolor sit amet, consectetur adipiscing elit. Sed do eiusmod tempor incididunt ut labore et dolore magna aliqua. Ut enim ad minim veniam, quis nostrud exercitation ullamco laboris.Lorem ipsum dolor sit amet, consectetur adipiscing elit. Sed do eiusmod tempor incididunt ut labore et dolore magna aliqua. Ut enim ad minim veniam, quis nostrud exercitation ullamco laboris.",draft,,author_009,author_009@example.com,author,Programming|Photography|Technology,sql|fastapi,image_0014.webp,/uploads/image_0014.webp,image/webp,User 002,user002@example.com,Great post! Really helpful.
p_0132,Javascript vs Alternatives,javascript-0132,"Lorem ipsum dolor sit amet, consectetur adipiscing elit. Sed do eiusmod tempor incididunt ut labore et dolore magna aliqua. Ut enim ad minim veniam, quis nostrud exercitation ullamco laboris.Lorem ipsum dolor sit amet, consectetur adipiscing elit. Sed do eiusmod tempor incididunt ut labore et dolore magna aliqua. Ut enim ad minim veniam, quis nostrud exercitation ullamco laboris.",draft,,author_009,author_009@example.com,author,Programming|Photography|Technology,sql|fastapi,image_0014.webp,/uploads/image_0014.webp,image/webp,User 090,user090@example.com,Could you elaborate on the second part?
p_0132,Javascript vs Alternatives,javascript-0132,"Lorem ipsum dolor sit amet, consectetur adipiscing elit. Sed do eiusmod tempor incididunt ut labore et dolore magna aliqua. Ut enim ad minim veniam, quis nostrud exercitation ullamco laboris.Lorem ipsum dolor sit amet, consectetur adipiscing elit. Sed do eiusmod tempor incididunt ut labore et dolore magna aliqua. Ut enim ad minim veniam, quis nostrud exercitation ullamco laboris.",draft,,author_009,author_009@example.com,author,Programming|Photography|Technology,sql|fastapi,image_0014.webp,/uploads/image_0014.webp,image/webp,User 016,user016@example.com,Bookmarked for later reference.
p_0132,Javascript vs Alternatives,javascript-0132,"Lorem ipsum dolor sit amet, consectetur adipiscing elit. Sed do eiusmod tempor incididunt ut labore et dolore magna aliqua. Ut enim ad minim veniam, quis nostrud exercitation ullamco laboris.Lorem ipsum dolor sit amet, consectetur adipiscing elit. Sed do eiusmod tempor incididunt ut labore et dolore magna aliqua. Ut enim ad minim veniam, quis nostrud exercitation ullamco laboris.",draft,,author_009,author_009@example.com,author,Programming|Photography|Technology,sql|fastapi,image_0014.webp,/uploads/image_0014.webp,image/webp,User 089,user089@example.com,I disagree with point 3 -- here's why...
p_0132,Javascript vs Alternatives,javascript-0132,"Lorem ipsum dolor sit amet, consectetur adipiscing elit. Sed do eiusmod tempor incididunt ut labore et dolore magna aliqua. Ut enim ad minim veniam, quis nostrud exercitation ullamco laboris.Lorem ipsum dolor sit amet, consectetur adipiscing elit. Sed do eiusmod tempor incididunt ut labore et dolore magna aliqua. Ut enim ad minim veniam, quis nostrud exercitation ullamco laboris.",draft,,author_009,author_009@example.com,author,Programming|Photography|Technology,sql|fastapi,image_0014.webp,/uploads/image_0014.webp,image/webp,User 062,user062@example.com,Thanks for sharing this.
p_0132,Javascript vs Alternatives,javascript-0132,"Lorem ipsum dolor sit amet, consectetur adipiscing elit. Sed do eiusmod tempor incididunt ut labore et dolore magna aliqua. Ut enim ad minim veniam, quis nostrud exercitation ullamco laboris.Lorem ipsum dolor sit amet, consectetur adipiscing elit. Sed do eiusmod tempor incididunt ut labore et dolore magna aliqua. Ut enim ad minim veniam, quis nostrud exercitation ullamco laboris.",draft,,author_009,author_009@example.com,author,Programming|Photography|Technology,sql|fastapi,image_0014.webp,/uploads/image_0014.webp,image/webp,User 030,user030@example.com,Bookmarked for later reference.
p_0133,Best Practices for Fastapi,fastapi-0133,"Lorem ipsum dolor sit amet, consectetur adipiscing elit. Sed do eiusmod tempor incididunt ut labore et dolore magna aliqua. Ut enim ad minim veniam, quis nostrud exercitation ullamco laboris.Lorem ipsum dolor sit amet, consectetur adipiscing elit. Sed do eiusmod tempor incididunt ut labore et dolore magna aliqua. Ut enim ad minim veniam, quis nostrud exercitation ullamco laboris.",published,2025-12-10T14:54:09.863188,author_003,author_003@example.com,contributor,Education,git|github,image_0033.webp,/uploads/image_0033.webp,image/webp,User 002,user002@example.com,I had a similar experience recently.
p_0133,Best Practices for Fastapi,fastapi-0133,"Lorem ipsum dolor sit amet, consectetur adipiscing elit. Sed do eiusmod tempor incididunt ut labore et dolore magna aliqua. Ut enim ad minim veniam, quis nostrud exercitation ullamco laboris.Lorem ipsum dolor sit amet, consectetur adipiscing elit. Sed do eiusmod tempor incididunt ut labore et dolore magna aliqua. Ut enim ad minim veniam, quis nostrud exercitation ullamco laboris.",published,2025-12-10T14:54:09.863188,author_003,author_003@example.com,contributor,Education,git|github,image_0033.webp,/uploads/image_0033.webp,image/webp,User 084,user084@example.com,I disagree with point 3 -- here's why...
p_0133,Best Practices for Fastapi,fastapi-0133,"Lorem ipsum dolor sit amet, consectetur adipiscing elit. Sed do eiusmod tempor incididunt ut labore et dolore magna aliqua. Ut enim ad minim veniam, quis nostrud exercitation ullamco laboris.Lorem ipsum dolor sit amet, consectetur adipiscing elit. Sed do eiusmod tempor incididunt ut labore et dolore magna aliqua. Ut enim ad minim veniam, quis nostrud exercitation ullamco laboris.",published,2025-12-10T14:54:09.863188,author_003,author_003@example.com,contributor,Education,git|github,image_0033.webp,/uploads/image_0033.webp,image/webp,User 057,user057@example.com,Could you elaborate on the second part?
p_0133,Best Practices for Fastapi,fastapi-0133,"Lorem ipsum dolor sit amet, consectetur adipiscing elit. Sed do eiusmod tempor incididunt ut labore et dolore magna aliqua. Ut enim ad minim veniam, quis nostrud exercitation ullamco laboris.Lorem ipsum dolor sit amet, consectetur adipiscing elit. Sed do eiusmod tempor incididunt ut labore et dolore magna aliqua. Ut enim ad minim veniam, quis nostrud exercitation ullamco laboris.",published,2025-12-10T14:54:09.863188,author_003,author_003@example.com,contributor,Education,git|github,image_0033.webp,/uploads/image_0033.webp,image/webp,User 093,user093@example.com,"Very insightful, looking forward to more."
p_0133,Best Practices for Fastapi,fastapi-0133,"Lorem ipsum dolor sit amet, consectetur adipiscing elit. Sed do eiusmod tempor incididunt ut labore et dolore magna aliqua. Ut enim ad minim veniam, quis nostrud exercitation ullamco laboris.Lorem ipsum dolor sit amet, consectetur adipiscing elit. Sed do eiusmod tempor incididunt ut labore et dolore magna aliqua. Ut enim ad minim veniam, quis nostrud exercitation ullamco laboris.",published,2025-12-10T14:54:09.863188,author_003,author_003@example.com,contributor,Education,git|github,image_0033.webp,/uploads/image_0033.webp,image/webp,User 081,user081@example.com,I disagree with point 3 -- here's why...
p_0133,Best Practices for Fastapi,fastapi-0133,"Lorem ipsum dolor sit amet, consectetur adipiscing elit. Sed do eiusmod tempor incididunt ut labore et dolore magna aliqua. Ut enim ad minim veniam, quis nostrud exercitation ullamco laboris.Lorem ipsum dolor sit amet, consectetur adipiscing elit. Sed do eiusmod tempor incididunt ut labore et dolore magna aliqua. Ut enim ad minim veniam, quis nostrud exercitation ullamco laboris.",published,2025-12-10T14:54:09.863188,author_003,author_003@example.com,contributor,Education,git|github,image_0033.webp,/uploads/image_0033.webp,image/webp,User 053,user053@example.com,I had a similar experience recently.
p_0133,Best Practices for Fastapi,fastapi-0133,"Lorem ipsum dolor sit amet, consectetur adipiscing elit. Sed do eiusmod tempor incididunt ut labore et dolore magna aliqua. Ut enim ad minim veniam, quis nostrud exercitation ullamco laboris.Lorem ipsum dolor sit amet, consectetur adipiscing elit. Sed do eiusmod tempor incididunt ut labore et dolore magna aliqua. Ut enim ad minim veniam, quis nostrud exercitation ullamco laboris.",published,2025-12-10T14:54:09.863188,author_003,author_003@example.com,contributor,Education,git|github,image_0033.webp,/uploads/image_0033.webp,image/webp,User 088,user088@example.com,Just tried this approach -- it works.
p_0134,Deep Dive into Graphql,graphql-0134,"Lorem ipsum dolor sit amet, consectetur adipiscing elit. Sed do eiusmod tempor incididunt ut labore et dolore magna aliqua. Ut enim ad minim veniam, quis nostrud exercitation ullamco laboris.",published,2026-03-29T14:54:09.863212,author_002,author_002@example.com,author,Education|Business|Photography,agile|flask|nodejs,image_0005.gif,/uploads/image_0005.gif,image/gif,User 071,user071@example.com,I had a similar experience recently.
p_0134,Deep Dive into Graphql,graphql-0134,"Lorem ipsum dolor sit amet, consectetur adipiscing elit. Sed do eiusmod tempor incididunt ut labore et dolore magna aliqua. Ut enim ad minim veniam, quis nostrud exercitation ullamco laboris.",published,2026-03-29T14:54:09.863212,author_002,author_002@example.com,author,Education|Business|Photography,agile|flask|nodejs,image_0005.gif,/uploads/image_0005.gif,image/gif,User 077,user077@example.com,I had a similar experience recently.
p_0134,Deep Dive into Graphql,graphql-0134,"Lorem ipsum dolor sit amet, consectetur adipiscing elit. Sed do eiusmod tempor incididunt ut labore et dolore magna aliqua. Ut enim ad minim veniam, quis nostrud exercitation ullamco laboris.",published,2026-03-29T14:54:09.863212,author_002,author_002@example.com,author,Education|Business|Photography,agile|flask|nodejs,image_0005.gif,/uploads/image_0005.gif,image/gif,User 037,user037@example.com,Great post! Really helpful.
p_0134,Deep Dive into Graphql,graphql-0134,"Lorem ipsum dolor sit amet, consectetur adipiscing elit. Sed do eiusmod tempor incididunt ut labore et dolore magna aliqua. Ut enim ad minim veniam, quis nostrud exercitation ullamco laboris.",published,2026-03-29T14:54:09.863212,author_002,author_002@example.com,author,Education|Business|Photography,agile|flask|nodejs,image_0005.gif,/uploads/image_0005.gif,image/gif,User 085,user085@example.com,This is exactly what I was looking for.
p_0135,The Future of Vue,vue-0135,"Lorem ipsum dolor sit amet, consectetur adipiscing elit. Sed do eiusmod tempor incididunt ut labore et dolore magna aliqua. Ut enim ad minim veniam, quis nostrud exercitation ullamco laboris.Lorem ipsum dolor sit amet, consectetur adipiscing elit. Sed do eiusmod tempor incididunt ut labore et dolore magna aliqua. Ut enim ad minim veniam, quis nostrud exercitation ullamco laboris.",published,2025-09-01T14:54:09.863230,author_019,author_019@example.com,author,Technology|Design,aws|django|nodejs|sql,image_0004.png,/uploads/image_0004.png,image/png,User 002,user002@example.com,Could you elaborate on the second part?
p_0135,The Future of Vue,vue-0135,"Lorem ipsum dolor sit amet, consectetur adipiscing elit. Sed do eiusmod tempor incididunt ut labore et dolore magna aliqua. Ut enim ad minim veniam, quis nostrud exercitation ullamco laboris.Lorem ipsum dolor sit amet, consectetur adipiscing elit. Sed do eiusmod tempor incididunt ut labore et dolore magna aliqua. Ut enim ad minim veniam, quis nostrud exercitation ullamco laboris.",published,2025-09-01T14:54:09.863230,author_019,author_019@example.com,author,Technology|Design,aws|django|nodejs|sql,image_0004.png,/uploads/image_0004.png,image/png,User 041,user041@example.com,I disagree with point 3 -- here's why...
p_0135,The Future of Vue,vue-0135,"Lorem ipsum dolor sit amet, consectetur adipiscing elit. Sed do eiusmod tempor incididunt ut labore et dolore magna aliqua. Ut enim ad minim veniam, quis nostrud exercitation ullamco laboris.Lorem ipsum dolor sit amet, consectetur adipiscing elit. Sed do eiusmod tempor incididunt ut labore et dolore magna aliqua. Ut enim ad minim veniam, quis nostrud exercitation ullamco laboris.",published,2025-09-01T14:54:09.863230,author_019,author_019@example.com,author,Technology|Design,aws|django|nodejs|sql,image_0004.png,/uploads/image_0004.png,image/png,User 050,user050@example.com,I had a similar experience recently.
p_0135,The Future of Vue,vue-0135,"Lorem ipsum dolor sit amet, consectetur adipiscing elit. Sed do eiusmod tempor incididunt ut labore et dolore magna aliqua. Ut enim ad minim veniam, quis nostrud exercitation ullamco laboris.Lorem ipsum dolor sit amet, consectetur adipiscing elit. Sed do eiusmod tempor incididunt ut labore et dolore magna aliqua. Ut enim ad minim veniam, quis nostrud exercitation ullamco laboris.",published,2025-09-01T14:54:09.863230,author_019,author_019@example.com,author,Technology|Design,aws|django|nodejs|sql,image_0004.png,/uploads/image_0004.png,image/png,User 054,user054@example.com,Could you elaborate on the second part?
p_0135,The Future of Vue,vue-0135,"Lorem ipsum dolor sit amet, consectetur adipiscing elit. Sed do eiusmod tempor incididunt ut labore et dolore magna aliqua. Ut enim ad minim veniam, quis nostrud exercitation ullamco laboris.Lorem ipsum dolor sit amet, consectetur adipiscing elit. Sed do eiusmod tempor incididunt ut labore et dolore magna aliqua. Ut enim ad minim veniam, quis nostrud exercitation ullamco laboris.",published,2025-09-01T14:54:09.863230,author_019,author_019@example.com,author,Technology|Design,aws|django|nodejs|sql,image_0004.png,/uploads/image_0004.png,image/png,User 070,user070@example.com,I disagree with point 3 -- here's why...
p_0135,The Future of Vue,vue-0135,"Lorem ipsum dolor sit amet, consectetur adipiscing elit. Sed do eiusmod tempor incididunt ut labore et dolore magna aliqua. Ut enim ad minim veniam, quis nostrud exercitation ullamco laboris.Lorem ipsum dolor sit amet, consectetur adipiscing elit. Sed do eiusmod tempor incididunt ut labore et dolore magna aliqua. Ut enim ad minim veniam, quis nostrud exercitation ullamco laboris.",published,2025-09-01T14:54:09.863230,author_019,author_019@example.com,author,Technology|Design,aws|django|nodejs|sql,image_0004.png,/uploads/image_0004.png,image/png,User 098,user098@example.com,Just tried this approach -- it works.
p_0135,The Future of Vue,vue-0135,"Lorem ipsum dolor sit amet, consectetur adipiscing elit. Sed do eiusmod tempor incididunt ut labore et dolore magna aliqua. Ut enim ad minim veniam, quis nostrud exercitation ullamco laboris.Lorem ipsum dolor sit amet, consectetur adipiscing elit. Sed do eiusmod tempor incididunt ut labore et dolore magna aliqua. Ut enim ad minim veniam, quis nostrud exercitation ullamco laboris.",published,2025-09-01T14:54:09.863230,author_019,author_019@example.com,author,Technology|Design,aws|django|nodejs|sql,image_0004.png,/uploads/image_0004.png,image/png,User 099,user099@example.com,Thanks for sharing this.
p_0136,Python for Beginners,python-0136,"Lorem ipsum dolor sit amet, consectetur adipiscing elit. Sed do eiusmod tempor incididunt ut labore et dolore magna aliqua. Ut enim ad minim veniam, quis nostrud exercitation ullamco laboris.",published,2026-05-12T14:54:09.863256,author_002,author_002@example.com,author,Education,git|ci-cd|nosql,,,,User 090,user090@example.com,Bookmarked for later reference.
p_0136,Python for Beginners,python-0136,"Lorem ipsum dolor sit amet, consectetur adipiscing elit. Sed do eiusmod tempor incididunt ut labore et dolore magna aliqua. Ut enim ad minim veniam, quis nostrud exercitation ullamco laboris.",published,2026-05-12T14:54:09.863256,author_002,author_002@example.com,author,Education,git|ci-cd|nosql,,,,User 011,user011@example.com,Nice writeup. Subscribed.
p_0136,Python for Beginners,python-0136,"Lorem ipsum dolor sit amet, consectetur adipiscing elit. Sed do eiusmod tempor incididunt ut labore et dolore magna aliqua. Ut enim ad minim veniam, quis nostrud exercitation ullamco laboris.",published,2026-05-12T14:54:09.863256,author_002,author_002@example.com,author,Education,git|ci-cd|nosql,,,,User 069,user069@example.com,I had a similar experience recently.
p_0136,Python for Beginners,python-0136,"Lorem ipsum dolor sit amet, consectetur adipiscing elit. Sed do eiusmod tempor incididunt ut labore et dolore magna aliqua. Ut enim ad minim veniam, quis nostrud exercitation ullamco laboris.",published,2026-05-12T14:54:09.863256,author_002,author_002@example.com,author,Education,git|ci-cd|nosql,,,,User 020,user020@example.com,This is exactly what I was looking for.
p_0136,Python for Beginners,python-0136,"Lorem ipsum dolor sit amet, consectetur adipiscing elit. Sed do eiusmod tempor incididunt ut labore et dolore magna aliqua. Ut enim ad minim veniam, quis nostrud exercitation ullamco laboris.",published,2026-05-12T14:54:09.863256,author_002,author_002@example.com,author,Education,git|ci-cd|nosql,,,,User 011,user011@example.com,This is exactly what I was looking for.
p_0136,Python for Beginners,python-0136,"Lorem ipsum dolor sit amet, consectetur adipiscing elit. Sed do eiusmod tempor incididunt ut labore et dolore magna aliqua. Ut enim ad minim veniam, quis nostrud exercitation ullamco laboris.",published,2026-05-12T14:54:09.863256,author_002,author_002@example.com,author,Education,git|ci-cd|nosql,,,,User 011,user011@example.com,Nice writeup. Subscribed.
p_0137,Deep Dive into Devops,devops-0137,"Lorem ipsum dolor sit amet, consectetur adipiscing elit. Sed do eiusmod tempor incididunt ut labore et dolore magna aliqua. Ut enim ad minim veniam, quis nostrud exercitation ullamco laboris.Lorem ipsum dolor sit amet, consectetur adipiscing elit. Sed do eiusmod tempor incididunt ut labore et dolore magna aliqua. Ut enim ad minim veniam, quis nostrud exercitation ullamco laboris.Lorem ipsum dolor sit amet, consectetur adipiscing elit. Sed do eiusmod tempor incididunt ut labore et dolore magna aliqua. Ut enim ad minim veniam, quis nostrud exercitation ullamco laboris.",published,2025-08-18T14:54:09.863277,author_004,author_004@example.com,editor,Programming|Marketing|Education,javascript|nodejs,image_0027.webp,/uploads/image_0027.webp,image/webp,User 059,user059@example.com,I had a similar experience recently.
p_0137,Deep Dive into Devops,devops-0137,"Lorem ipsum dolor sit amet, consectetur adipiscing elit. Sed do eiusmod tempor incididunt ut labore et dolore magna aliqua. Ut enim ad minim veniam, quis nostrud exercitation ullamco laboris.Lorem ipsum dolor sit amet, consectetur adipiscing elit. Sed do eiusmod tempor incididunt ut labore et dolore magna aliqua. Ut enim ad minim veniam, quis nostrud exercitation ullamco laboris.Lorem ipsum dolor sit amet, consectetur adipiscing elit. Sed do eiusmod tempor incididunt ut labore et dolore magna aliqua. Ut enim ad minim veniam, quis nostrud exercitation ullamco laboris.",published,2025-08-18T14:54:09.863277,author_004,author_004@example.com,editor,Programming|Marketing|Education,javascript|nodejs,image_0027.webp,/uploads/image_0027.webp,image/webp,User 078,user078@example.com,Great post! Really helpful.
p_0137,Deep Dive into Devops,devops-0137,"Lorem ipsum dolor sit amet, consectetur adipiscing elit. Sed do eiusmod tempor incididunt ut labore et dolore magna aliqua. Ut enim ad minim veniam, quis nostrud exercitation ullamco laboris.Lorem ipsum dolor sit amet, consectetur adipiscing elit. Sed do eiusmod tempor incididunt ut labore et dolore magna aliqua. Ut enim ad minim veniam, quis nostrud exercitation ullamco laboris.Lorem ipsum dolor sit amet, consectetur adipiscing elit. Sed do eiusmod tempor incididunt ut labore et dolore magna aliqua. Ut enim ad minim veniam, quis nostrud exercitation ullamco laboris.",published,2025-08-18T14:54:09.863277,author_004,author_004@example.com,editor,Programming|Marketing|Education,javascript|nodejs,image_0027.webp,/uploads/image_0027.webp,image/webp,User 040,user040@example.com,I disagree with point 3 -- here's why...
p_0138,Getting Started with Django,django-0138,"Lorem ipsum dolor sit amet, consectetur adipiscing elit. Sed do eiusmod tempor incididunt ut labore et dolore magna aliqua. Ut enim ad minim veniam, quis nostrud exercitation ullamco laboris.Lorem ipsum dolor sit amet, consectetur adipiscing elit. Sed do eiusmod tempor incididunt ut labore et dolore magna aliqua. Ut enim ad minim veniam, quis nostrud exercitation ullamco laboris.",published,2025-05-25T14:54:09.863294,author_004,author_004@example.com,editor,Travel|Photography,react|kubernetes|flask,,,,User 094,user094@example.com,Thanks for sharing this.
p_0138,Getting Started with Django,django-0138,"Lorem ipsum dolor sit amet, consectetur adipiscing elit. Sed do eiusmod tempor incididunt ut labore et dolore magna aliqua. Ut enim ad minim veniam, quis nostrud exercitation ullamco laboris.Lorem ipsum dolor sit amet, consectetur adipiscing elit. Sed do eiusmod tempor incididunt ut labore et dolore magna aliqua. Ut enim ad minim veniam, quis nostrud exercitation ullamco laboris.",published,2025-05-25T14:54:09.863294,author_004,author_004@example.com,editor,Travel|Photography,react|kubernetes|flask,,,,User 099,user099@example.com,Great post! Really helpful.
p_0138,Getting Started with Django,django-0138,"Lorem ipsum dolor sit amet, consectetur adipiscing elit. Sed do eiusmod tempor incididunt ut labore et dolore magna aliqua. Ut enim ad minim veniam, quis nostrud exercitation ullamco laboris.Lorem ipsum dolor sit amet, consectetur adipiscing elit. Sed do eiusmod tempor incididunt ut labore et dolore magna aliqua. Ut enim ad minim veniam, quis nostrud exercitation ullamco laboris.",published,2025-05-25T14:54:09.863294,author_004,author_004@example.com,editor,Travel|Photography,react|kubernetes|flask,,,,User 043,user043@example.com,Bookmarked for later reference.
p_0138,Getting Started with Django,django-0138,"Lorem ipsum dolor sit amet, consectetur adipiscing elit. Sed do eiusmod tempor incididunt ut labore et dolore magna aliqua. Ut enim ad minim veniam, quis nostrud exercitation ullamco laboris.Lorem ipsum dolor sit amet, consectetur adipiscing elit. Sed do eiusmod tempor incididunt ut labore et dolore magna aliqua. Ut enim ad minim veniam, quis nostrud exercitation ullamco laboris.",published,2025-05-25T14:54:09.863294,author_004,author_004@example.com,editor,Travel|Photography,react|kubernetes|flask,,,,User 035,user035@example.com,Nice writeup. Subscribed.
p_0138,Getting Started with Django,django-0138,"Lorem ipsum dolor sit amet, consectetur adipiscing elit. Sed do eiusmod tempor incididunt ut labore et dolore magna aliqua. Ut enim ad minim veniam, quis nostrud exercitation ullamco laboris.Lorem ipsum dolor sit amet, consectetur adipiscing elit. Sed do eiusmod tempor incididunt ut labore et dolore magna aliqua. Ut enim ad minim veniam, quis nostrud exercitation ullamco laboris.",published,2025-05-25T14:54:09.863294,author_004,author_004@example.com,editor,Travel|Photography,react|kubernetes|flask,,,,User 009,user009@example.com,This is exactly what I was looking for.
p_0139,Ci Cd for Beginners,ci-cd-0139,"Lorem ipsum dolor sit amet, consectetur adipiscing elit. Sed do eiusmod tempor incididunt ut labore et dolore magna aliqua. Ut enim ad minim veniam, quis nostrud exercitation ullamco laboris.Lorem ipsum dolor sit amet, consectetur adipiscing elit. Sed do eiusmod tempor incididunt ut labore et dolore magna aliqua. Ut enim ad minim veniam, quis nostrud exercitation ullamco laboris.",published,2025-09-07T14:54:09.863314,author_002,author_002@example.com,author,Health,kubernetes|react,image_0006.webp,/uploads/image_0006.webp,image/webp,User 087,user087@example.com,Thanks for sharing this.
p_0139,Ci Cd for Beginners,ci-cd-0139,"Lorem ipsum dolor sit amet, consectetur adipiscing elit. Sed do eiusmod tempor incididunt ut labore et dolore magna aliqua. Ut enim ad minim veniam, quis nostrud exercitation ullamco laboris.Lorem ipsum dolor sit amet, consectetur adipiscing elit. Sed do eiusmod tempor incididunt ut labore et dolore magna aliqua. Ut enim ad minim veniam, quis nostrud exercitation ullamco laboris.",published,2025-09-07T14:54:09.863314,author_002,author_002@example.com,author,Health,kubernetes|react,image_0006.webp,/uploads/image_0006.webp,image/webp,User 030,user030@example.com,Nice writeup. Subscribed.
p_0139,Ci Cd for Beginners,ci-cd-0139,"Lorem ipsum dolor sit amet, consectetur adipiscing elit. Sed do eiusmod tempor incididunt ut labore et dolore magna aliqua. Ut enim ad minim veniam, quis nostrud exercitation ullamco laboris.Lorem ipsum dolor sit amet, consectetur adipiscing elit. Sed do eiusmod tempor incididunt ut labore et dolore magna aliqua. Ut enim ad minim veniam, quis nostrud exercitation ullamco laboris.",published,2025-09-07T14:54:09.863314,author_002,author_002@example.com,author,Health,kubernetes|react,image_0006.webp,/uploads/image_0006.webp,image/webp,User 001,user001@example.com,Great post! Really helpful.
p_0139,Ci Cd for Beginners,ci-cd-0139,"Lorem ipsum dolor sit amet, consectetur adipiscing elit. Sed do eiusmod tempor incididunt ut labore et dolore magna aliqua. Ut enim ad minim veniam, quis nostrud exercitation ullamco laboris.Lorem ipsum dolor sit amet, consectetur adipiscing elit. Sed do eiusmod tempor incididunt ut labore et dolore magna aliqua. Ut enim ad minim veniam, quis nostrud exercitation ullamco laboris.",published,2025-09-07T14:54:09.863314,author_002,author_002@example.com,author,Health,kubernetes|react,image_0006.webp,/uploads/image_0006.webp,image/webp,User 002,user002@example.com,"Very insightful, looking forward to more."
p_0139,Ci Cd for Beginners,ci-cd-0139,"Lorem ipsum dolor sit amet, consectetur adipiscing elit. Sed do eiusmod tempor incididunt ut labore et dolore magna aliqua. Ut enim ad minim veniam, quis nostrud exercitation ullamco laboris.Lorem ipsum dolor sit amet, consectetur adipiscing elit. Sed do eiusmod tempor incididunt ut labore et dolore magna aliqua. Ut enim ad minim veniam, quis nostrud exercitation ullamco laboris.",published,2025-09-07T14:54:09.863314,author_002,author_002@example.com,author,Health,kubernetes|react,image_0006.webp,/uploads/image_0006.webp,image/webp,User 006,user006@example.com,Just tried this approach -- it works.
p_0139,Ci Cd for Beginners,ci-cd-0139,"Lorem ipsum dolor sit amet, consectetur adipiscing elit. Sed do eiusmod tempor incididunt ut labore et dolore magna aliqua. Ut enim ad minim veniam, quis nostrud exercitation ullamco laboris.Lorem ipsum dolor sit amet, consectetur adipiscing elit. Sed do eiusmod tempor incididunt ut labore et dolore magna aliqua. Ut enim ad minim veniam, quis nostrud exercitation ullamco laboris.",published,2025-09-07T14:54:09.863314,author_002,author_002@example.com,author,Health,kubernetes|react,image_0006.webp,/uploads/image_0006.webp,image/webp,User 047,user047@example.com,Bookmarked for later reference.
p_0139,Ci Cd for Beginners,ci-cd-0139,"Lorem ipsum dolor sit amet, consectetur adipiscing elit. Sed do eiusmod tempor incididunt ut labore et dolore magna aliqua. Ut enim ad minim veniam, quis nostrud exercitation ullamco laboris.Lorem ipsum dolor sit amet, consectetur adipiscing elit. Sed do eiusmod tempor incididunt ut labore et dolore magna aliqua. Ut enim ad minim veniam, quis nostrud exercitation ullamco laboris.",published,2025-09-07T14:54:09.863314,author_002,author_002@example.com,author,Health,kubernetes|react,image_0006.webp,/uploads/image_0006.webp,image/webp,User 020,user020@example.com,I disagree with point 3 -- here's why...
p_0140,Getting Started with Devops,devops-0140,"Lorem ipsum dolor sit amet, consectetur adipiscing elit. Sed do eiusmod tempor incididunt ut labore et dolore magna aliqua. Ut enim ad minim veniam, quis nostrud exercitation ullamco laboris.Lorem ipsum dolor sit amet, consectetur adipiscing elit. Sed do eiusmod tempor incididunt ut labore et dolore magna aliqua. Ut enim ad minim veniam, quis nostrud exercitation ullamco laboris.",published,2025-05-19T14:54:09.863338,author_017,author_017@example.com,author,Business,azure|devops,,,,User 010,user010@example.com,I had a similar experience recently.
p_0140,Getting Started with Devops,devops-0140,"Lorem ipsum dolor sit amet, consectetur adipiscing elit. Sed do eiusmod tempor incididunt ut labore et dolore magna aliqua. Ut enim ad minim veniam, quis nostrud exercitation ullamco laboris.Lorem ipsum dolor sit amet, consectetur adipiscing elit. Sed do eiusmod tempor incididunt ut labore et dolore magna aliqua. Ut enim ad minim veniam, quis nostrud exercitation ullamco laboris.",published,2025-05-19T14:54:09.863338,author_017,author_017@example.com,author,Business,azure|devops,,,,User 048,user048@example.com,Thanks for sharing this.
p_0140,Getting Started with Devops,devops-0140,"Lorem ipsum dolor sit amet, consectetur adipiscing elit. Sed do eiusmod tempor incididunt ut labore et dolore magna aliqua. Ut enim ad minim veniam, quis nostrud exercitation ullamco laboris.Lorem ipsum dolor sit amet, consectetur adipiscing elit. Sed do eiusmod tempor incididunt ut labore et dolore magna aliqua. Ut enim ad minim veniam, quis nostrud exercitation ullamco laboris.",published,2025-05-19T14:54:09.863338,author_017,author_017@example.com,author,Business,azure|devops,,,,User 065,user065@example.com,Great post! Really helpful.
p_0140,Getting Started with Devops,devops-0140,"Lorem ipsum dolor sit amet, consectetur adipiscing elit. Sed do eiusmod tempor incididunt ut labore et dolore magna aliqua. Ut enim ad minim veniam, quis nostrud exercitation ullamco laboris.Lorem ipsum dolor sit amet, consectetur adipiscing elit. Sed do eiusmod tempor incididunt ut labore et dolore magna aliqua. Ut enim ad minim veniam, quis nostrud exercitation ullamco laboris.",published,2025-05-19T14:54:09.863338,author_017,author_017@example.com,author,Business,azure|devops,,,,User 023,user023@example.com,"Very insightful, looking forward to more."
p_0140,Getting Started with Devops,devops-0140,"Lorem ipsum dolor sit amet, consectetur adipiscing elit. Sed do eiusmod tempor incididunt ut labore et dolore magna aliqua. Ut enim ad minim veniam, quis nostrud exercitation ullamco laboris.Lorem ipsum dolor sit amet, consectetur adipiscing elit. Sed do eiusmod tempor incididunt ut labore et dolore magna aliqua. Ut enim ad minim veniam, quis nostrud exercitation ullamco laboris.",published,2025-05-19T14:54:09.863338,author_017,author_017@example.com,author,Business,azure|devops,,,,User 067,user067@example.com,Great post! Really helpful.
p_0141,Best Practices for Aws,aws-0141,"Lorem ipsum dolor sit amet, consectetur adipiscing elit. Sed do eiusmod tempor incididunt ut labore et dolore magna aliqua. Ut enim ad minim veniam, quis nostrud exercitation ullamco laboris.Lorem ipsum dolor sit amet, consectetur adipiscing elit. Sed do eiusmod tempor incididunt ut labore et dolore magna aliqua. Ut enim ad minim veniam, quis nostrud exercitation ullamco laboris.",draft,,author_014,author_014@example.com,contributor,Programming|Travel,python|kubernetes|vue|html,image_0019.webp,/uploads/image_0019.webp,image/webp,User 032,user032@example.com,Just tried this approach -- it works.
p_0141,Best Practices for Aws,aws-0141,"Lorem ipsum dolor sit amet, consectetur adipiscing elit. Sed do eiusmod tempor incididunt ut labore et dolore magna aliqua. Ut enim ad minim veniam, quis nostrud exercitation ullamco laboris.Lorem ipsum dolor sit amet, consectetur adipiscing elit. Sed do eiusmod tempor incididunt ut labore et dolore magna aliqua. Ut enim ad minim veniam, quis nostrud exercitation ullamco laboris.",draft,,author_014,author_014@example.com,contributor,Programming|Travel,python|kubernetes|vue|html,image_0019.webp,/uploads/image_0019.webp,image/webp,User 048,user048@example.com,I had a similar experience recently.
p_0141,Best Practices for Aws,aws-0141,"Lorem ipsum dolor sit amet, consectetur adipiscing elit. Sed do eiusmod tempor incididunt ut labore et dolore magna aliqua. Ut enim ad minim veniam, quis nostrud exercitation ullamco laboris.Lorem ipsum dolor sit amet, consectetur adipiscing elit. Sed do eiusmod tempor incididunt ut labore et dolore magna aliqua. Ut enim ad minim veniam, quis nostrud exercitation ullamco laboris.",draft,,author_014,author_014@example.com,contributor,Programming|Travel,python|kubernetes|vue|html,image_0019.webp,/uploads/image_0019.webp,image/webp,User 064,user064@example.com,"Very insightful, looking forward to more."
p_0141,Best Practices for Aws,aws-0141,"Lorem ipsum dolor sit amet, consectetur adipiscing elit. Sed do eiusmod tempor incididunt ut labore et dolore magna aliqua. Ut enim ad minim veniam, quis nostrud exercitation ullamco laboris.Lorem ipsum dolor sit amet, consectetur adipiscing elit. Sed do eiusmod tempor incididunt ut labore et dolore magna aliqua. Ut enim ad minim veniam, quis nostrud exercitation ullamco laboris.",draft,,author_014,author_014@example.com,contributor,Programming|Travel,python|kubernetes|vue|html,image_0019.webp,/uploads/image_0019.webp,image/webp,User 094,user094@example.com,Nice writeup. Subscribed.
p_0141,Best Practices for Aws,aws-0141,"Lorem ipsum dolor sit amet, consectetur adipiscing elit. Sed do eiusmod tempor incididunt ut labore et dolore magna aliqua. Ut enim ad minim veniam, quis nostrud exercitation ullamco laboris.Lorem ipsum dolor sit amet, consectetur adipiscing elit. Sed do eiusmod tempor incididunt ut labore et dolore magna aliqua. Ut enim ad minim veniam, quis nostrud exercitation ullamco laboris.",draft,,author_014,author_014@example.com,contributor,Programming|Travel,python|kubernetes|vue|html,image_0019.webp,/uploads/image_0019.webp,image/webp,User 098,user098@example.com,"Very insightful, looking forward to more."
p_0141,Best Practices for Aws,aws-0141,"Lorem ipsum dolor sit amet, consectetur adipiscing elit. Sed do eiusmod tempor incididunt ut labore et dolore magna aliqua. Ut enim ad minim veniam, quis nostrud exercitation ullamco laboris.Lorem ipsum dolor sit amet, consectetur adipiscing elit. Sed do eiusmod tempor incididunt ut labore et dolore magna aliqua. Ut enim ad minim veniam, quis nostrud exercitation ullamco laboris.",draft,,author_014,author_014@example.com,contributor,Programming|Travel,python|kubernetes|vue|html,image_0019.webp,/uploads/image_0019.webp,image/webp,User 020,user020@example.com,Great post! Really helpful.
p_0141,Best Practices for Aws,aws-0141,"Lorem ipsum dolor sit amet, consectetur adipiscing elit. Sed do eiusmod tempor incididunt ut labore et dolore magna aliqua. Ut enim ad minim veniam, quis nostrud exercitation ullamco laboris.Lorem ipsum dolor sit amet, consectetur adipiscing elit. Sed do eiusmod tempor incididunt ut labore et dolore magna aliqua. Ut enim ad minim veniam, quis nostrud exercitation ullamco laboris.",draft,,author_014,author_014@example.com,contributor,Programming|Travel,python|kubernetes|vue|html,image_0019.webp,/uploads/image_0019.webp,image/webp,User 053,user053@example.com,Great post! Really helpful.
p_0142,The Future of Nodejs,nodejs-0142,"Lorem ipsum dolor sit amet, consectetur adipiscing elit. Sed do eiusmod tempor incididunt ut labore et dolore magna aliqua. Ut enim ad minim veniam, quis nostrud exercitation ullamco laboris.",draft,,author_011,author_011@example.com,contributor,Technology|Education,django|vue|nosql,,,,User 063,user063@example.com,Great post! Really helpful.
p_0142,The Future of Nodejs,nodejs-0142,"Lorem ipsum dolor sit amet, consectetur adipiscing elit. Sed do eiusmod tempor incididunt ut labore et dolore magna aliqua. Ut enim ad minim veniam, quis nostrud exercitation ullamco laboris.",draft,,author_011,author_011@example.com,contributor,Technology|Education,django|vue|nosql,,,,User 019,user019@example.com,This is exactly what I was looking for.
p_0142,The Future of Nodejs,nodejs-0142,"Lorem ipsum dolor sit amet, consectetur adipiscing elit. Sed do eiusmod tempor incididunt ut labore et dolore magna aliqua. Ut enim ad minim veniam, quis nostrud exercitation ullamco laboris.",draft,,author_011,author_011@example.com,contributor,Technology|Education,django|vue|nosql,,,,User 012,user012@example.com,Great post! Really helpful.
p_0142,The Future of Nodejs,nodejs-0142,"Lorem ipsum dolor sit amet, consectetur adipiscing elit. Sed do eiusmod tempor incididunt ut labore et dolore magna aliqua. Ut enim ad minim veniam, quis nostrud exercitation ullamco laboris.",draft,,author_011,author_011@example.com,contributor,Technology|Education,django|vue|nosql,,,,User 030,user030@example.com,Nice writeup. Subscribed.
p_0142,The Future of Nodejs,nodejs-0142,"Lorem ipsum dolor sit amet, consectetur adipiscing elit. Sed do eiusmod tempor incididunt ut labore et dolore magna aliqua. Ut enim ad minim veniam, quis nostrud exercitation ullamco laboris.",draft,,author_011,author_011@example.com,contributor,Technology|Education,django|vue|nosql,,,,User 053,user053@example.com,Could you elaborate on the second part?
p_0142,The Future of Nodejs,nodejs-0142,"Lorem ipsum dolor sit amet, consectetur adipiscing elit. Sed do eiusmod tempor incididunt ut labore et dolore magna aliqua. Ut enim ad minim veniam, quis nostrud exercitation ullamco laboris.",draft,,author_011,author_011@example.com,contributor,Technology|Education,django|vue|nosql,,,,User 059,user059@example.com,Thanks for sharing this.
p_0143,Best Practices for Postgresql,postgresql-0143,"Lorem ipsum dolor sit amet, consectetur adipiscing elit. Sed do eiusmod tempor incididunt ut labore et dolore magna aliqua. Ut enim ad minim veniam, quis nostrud exercitation ullamco laboris.Lorem ipsum dolor sit amet, consectetur adipiscing elit. Sed do eiusmod tempor incididunt ut labore et dolore magna aliqua. Ut enim ad minim veniam, quis nostrud exercitation ullamco laboris.",published,2026-03-12T14:54:09.863407,author_016,author_016@example.com,author,Photography,azure,image_0008.png,/uploads/image_0008.png,image/png,User 038,user038@example.com,This is exactly what I was looking for.
p_0143,Best Practices for Postgresql,postgresql-0143,"Lorem ipsum dolor sit amet, consectetur adipiscing elit. Sed do eiusmod tempor incididunt ut labore et dolore magna aliqua. Ut enim ad minim veniam, quis nostrud exercitation ullamco laboris.Lorem ipsum dolor sit amet, consectetur adipiscing elit. Sed do eiusmod tempor incididunt ut labore et dolore magna aliqua. Ut enim ad minim veniam, quis nostrud exercitation ullamco laboris.",published,2026-03-12T14:54:09.863407,author_016,author_016@example.com,author,Photography,azure,image_0008.png,/uploads/image_0008.png,image/png,User 041,user041@example.com,Bookmarked for later reference.
p_0143,Best Practices for Postgresql,postgresql-0143,"Lorem ipsum dolor sit amet, consectetur adipiscing elit. Sed do eiusmod tempor incididunt ut labore et dolore magna aliqua. Ut enim ad minim veniam, quis nostrud exercitation ullamco laboris.Lorem ipsum dolor sit amet, consectetur adipiscing elit. Sed do eiusmod tempor incididunt ut labore et dolore magna aliqua. Ut enim ad minim veniam, quis nostrud exercitation ullamco laboris.",published,2026-03-12T14:54:09.863407,author_016,author_016@example.com,author,Photography,azure,image_0008.png,/uploads/image_0008.png,image/png,User 090,user090@example.com,Could you elaborate on the second part?
p_0143,Best Practices for Postgresql,postgresql-0143,"Lorem ipsum dolor sit amet, consectetur adipiscing elit. Sed do eiusmod tempor incididunt ut labore et dolore magna aliqua. Ut enim ad minim veniam, quis nostrud exercitation ullamco laboris.Lorem ipsum dolor sit amet, consectetur adipiscing elit. Sed do eiusmod tempor incididunt ut labore et dolore magna aliqua. Ut enim ad minim veniam, quis nostrud exercitation ullamco laboris.",published,2026-03-12T14:54:09.863407,author_016,author_016@example.com,author,Photography,azure,image_0008.png,/uploads/image_0008.png,image/png,User 041,user041@example.com,Just tried this approach -- it works.
p_0144,Deep Dive into Css,css-0144,"Lorem ipsum dolor sit amet, consectetur adipiscing elit. Sed do eiusmod tempor incididunt ut labore et dolore magna aliqua. Ut enim ad minim veniam, quis nostrud exercitation ullamco laboris.Lorem ipsum dolor sit amet, consectetur adipiscing elit. Sed do eiusmod tempor incididunt ut labore et dolore magna aliqua. Ut enim ad minim veniam, quis nostrud exercitation ullamco laboris.Lorem ipsum dolor sit amet, consectetur adipiscing elit. Sed do eiusmod tempor incididunt ut labore et dolore magna aliqua. Ut enim ad minim veniam, quis nostrud exercitation ullamco laboris.",published,2026-02-05T14:54:09.863427,author_002,author_002@example.com,author,Web Development,react,image_0020.webp,/uploads/image_0020.webp,image/webp,User 016,user016@example.com,Nice writeup. Subscribed.
p_0144,Deep Dive into Css,css-0144,"Lorem ipsum dolor sit amet, consectetur adipiscing elit. Sed do eiusmod tempor incididunt ut labore et dolore magna aliqua. Ut enim ad minim veniam, quis nostrud exercitation ullamco laboris.Lorem ipsum dolor sit amet, consectetur adipiscing elit. Sed do eiusmod tempor incididunt ut labore et dolore magna aliqua. Ut enim ad minim veniam, quis nostrud exercitation ullamco laboris.Lorem ipsum dolor sit amet, consectetur adipiscing elit. Sed do eiusmod tempor incididunt ut labore et dolore magna aliqua. Ut enim ad minim veniam, quis nostrud exercitation ullamco laboris.",published,2026-02-05T14:54:09.863427,author_002,author_002@example.com,author,Web Development,react,image_0020.webp,/uploads/image_0020.webp,image/webp,User 046,user046@example.com,"Very insightful, looking forward to more."
p_0144,Deep Dive into Css,css-0144,"Lorem ipsum dolor sit amet, consectetur adipiscing elit. Sed do eiusmod tempor incididunt ut labore et dolore magna aliqua. Ut enim ad minim veniam, quis nostrud exercitation ullamco laboris.Lorem ipsum dolor sit amet, consectetur adipiscing elit. Sed do eiusmod tempor incididunt ut labore et dolore magna aliqua. Ut enim ad minim veniam, quis nostrud exercitation ullamco laboris.Lorem ipsum dolor sit amet, consectetur adipiscing elit. Sed do eiusmod tempor incididunt ut labore et dolore magna aliqua. Ut enim ad minim veniam, quis nostrud exercitation ullamco laboris.",published,2026-02-05T14:54:09.863427,author_002,author_002@example.com,author,Web Development,react,image_0020.webp,/uploads/image_0020.webp,image/webp,User 058,user058@example.com,This is exactly what I was looking for.
p_0144,Deep Dive into Css,css-0144,"Lorem ipsum dolor sit amet, consectetur adipiscing elit. Sed do eiusmod tempor incididunt ut labore et dolore magna aliqua. Ut enim ad minim veniam, quis nostrud exercitation ullamco laboris.Lorem ipsum dolor sit amet, consectetur adipiscing elit. Sed do eiusmod tempor incididunt ut labore et dolore magna aliqua. Ut enim ad minim veniam, quis nostrud exercitation ullamco laboris.Lorem ipsum dolor sit amet, consectetur adipiscing elit. Sed do eiusmod tempor incididunt ut labore et dolore magna aliqua. Ut enim ad minim veniam, quis nostrud exercitation ullamco laboris.",published,2026-02-05T14:54:09.863427,author_002,author_002@example.com,author,Web Development,react,image_0020.webp,/uploads/image_0020.webp,image/webp,User 060,user060@example.com,This is exactly what I was looking for.
p_0144,Deep Dive into Css,css-0144,"Lorem ipsum dolor sit amet, consectetur adipiscing elit. Sed do eiusmod tempor incididunt ut labore et dolore magna aliqua. Ut enim ad minim veniam, quis nostrud exercitation ullamco laboris.Lorem ipsum dolor sit amet, consectetur adipiscing elit. Sed do eiusmod tempor incididunt ut labore et dolore magna aliqua. Ut enim ad minim veniam, quis nostrud exercitation ullamco laboris.Lorem ipsum dolor sit amet, consectetur adipiscing elit. Sed do eiusmod tempor incididunt ut labore et dolore magna aliqua. Ut enim ad minim veniam, quis nostrud exercitation ullamco laboris.",published,2026-02-05T14:54:09.863427,author_002,author_002@example.com,author,Web Development,react,image_0020.webp,/uploads/image_0020.webp,image/webp,User 016,user016@example.com,Thanks for sharing this.
p_0144,Deep Dive into Css,css-0144,"Lorem ipsum dolor sit amet, consectetur adipiscing elit. Sed do eiusmod tempor incididunt ut labore et dolore magna aliqua. Ut enim ad minim veniam, quis nostrud exercitation ullamco laboris.Lorem ipsum dolor sit amet, consectetur adipiscing elit. Sed do eiusmod tempor incididunt ut labore et dolore magna aliqua. Ut enim ad minim veniam, quis nostrud exercitation ullamco laboris.Lorem ipsum dolor sit amet, consectetur adipiscing elit. Sed do eiusmod tempor incididunt ut labore et dolore magna aliqua. Ut enim ad minim veniam, quis nostrud exercitation ullamco laboris.",published,2026-02-05T14:54:09.863427,author_002,author_002@example.com,author,Web Development,react,image_0020.webp,/uploads/image_0020.webp,image/webp,User 021,user021@example.com,This is exactly what I was looking for.
p_0145,Rest Api for Beginners,rest-api-0145,"Lorem ipsum dolor sit amet, consectetur adipiscing elit. Sed do eiusmod tempor incididunt ut labore et dolore magna aliqua. Ut enim ad minim veniam, quis nostrud exercitation ullamco laboris.Lorem ipsum dolor sit amet, consectetur adipiscing elit. Sed do eiusmod tempor incididunt ut labore et dolore magna aliqua. Ut enim ad minim veniam, quis nostrud exercitation ullamco laboris.",draft,,author_001,author_001@example.com,author,Programming,kubernetes|aws,image_0043.webp,/uploads/image_0043.webp,image/webp,User 034,user034@example.com,I disagree with point 3 -- here's why...
p_0145,Rest Api for Beginners,rest-api-0145,"Lorem ipsum dolor sit amet, consectetur adipiscing elit. Sed do eiusmod tempor incididunt ut labore et dolore magna aliqua. Ut enim ad minim veniam, quis nostrud exercitation ullamco laboris.Lorem ipsum dolor sit amet, consectetur adipiscing elit. Sed do eiusmod tempor incididunt ut labore et dolore magna aliqua. Ut enim ad minim veniam, quis nostrud exercitation ullamco laboris.",draft,,author_001,author_001@example.com,author,Programming,kubernetes|aws,image_0043.webp,/uploads/image_0043.webp,image/webp,User 004,user004@example.com,Bookmarked for later reference.
p_0145,Rest Api for Beginners,rest-api-0145,"Lorem ipsum dolor sit amet, consectetur adipiscing elit. Sed do eiusmod tempor incididunt ut labore et dolore magna aliqua. Ut enim ad minim veniam, quis nostrud exercitation ullamco laboris.Lorem ipsum dolor sit amet, consectetur adipiscing elit. Sed do eiusmod tempor incididunt ut labore et dolore magna aliqua. Ut enim ad minim veniam, quis nostrud exercitation ullamco laboris.",draft,,author_001,author_001@example.com,author,Programming,kubernetes|aws,image_0043.webp,/uploads/image_0043.webp,image/webp,User 058,user058@example.com,Nice writeup. Subscribed.
p_0145,Rest Api for Beginners,rest-api-0145,"Lorem ipsum dolor sit amet, consectetur adipiscing elit. Sed do eiusmod tempor incididunt ut labore et dolore magna aliqua. Ut enim ad minim veniam, quis nostrud exercitation ullamco laboris.Lorem ipsum dolor sit amet, consectetur adipiscing elit. Sed do eiusmod tempor incididunt ut labore et dolore magna aliqua. Ut enim ad minim veniam, quis nostrud exercitation ullamco laboris.",draft,,author_001,author_001@example.com,author,Programming,kubernetes|aws,image_0043.webp,/uploads/image_0043.webp,image/webp,User 096,user096@example.com,Nice writeup. Subscribed.
p_0145,Rest Api for Beginners,rest-api-0145,"Lorem ipsum dolor sit amet, consectetur adipiscing elit. Sed do eiusmod tempor incididunt ut labore et dolore magna aliqua. Ut enim ad minim veniam, quis nostrud exercitation ullamco laboris.Lorem ipsum dolor sit amet, consectetur adipiscing elit. Sed do eiusmod tempor incididunt ut labore et dolore magna aliqua. Ut enim ad minim veniam, quis nostrud exercitation ullamco laboris.",draft,,author_001,author_001@example.com,author,Programming,kubernetes|aws,image_0043.webp,/uploads/image_0043.webp,image/webp,User 032,user032@example.com,Thanks for sharing this.
p_0146,Best Practices for Gcp,gcp-0146,"Lorem ipsum dolor sit amet, consectetur adipiscing elit. Sed do eiusmod tempor incididunt ut labore et dolore magna aliqua. Ut enim ad minim veniam, quis nostrud exercitation ullamco laboris.",published,2026-03-18T14:54:09.863473,author_004,author_004@example.com,editor,Design,kubernetes|github|git|fastapi,image_0016.jpg,/uploads/image_0016.jpg,image/jpeg,User 003,user003@example.com,Thanks for sharing this.
p_0146,Best Practices for Gcp,gcp-0146,"Lorem ipsum dolor sit amet, consectetur adipiscing elit. Sed do eiusmod tempor incididunt ut labore et dolore magna aliqua. Ut enim ad minim veniam, quis nostrud exercitation ullamco laboris.",published,2026-03-18T14:54:09.863473,author_004,author_004@example.com,editor,Design,kubernetes|github|git|fastapi,image_0016.jpg,/uploads/image_0016.jpg,image/jpeg,User 026,user026@example.com,Just tried this approach -- it works.
p_0146,Best Practices for Gcp,gcp-0146,"Lorem ipsum dolor sit amet, consectetur adipiscing elit. Sed do eiusmod tempor incididunt ut labore et dolore magna aliqua. Ut enim ad minim veniam, quis nostrud exercitation ullamco laboris.",published,2026-03-18T14:54:09.863473,author_004,author_004@example.com,editor,Design,kubernetes|github|git|fastapi,image_0016.jpg,/uploads/image_0016.jpg,image/jpeg,User 017,user017@example.com,Thanks for sharing this.
p_0147,Common Mistakes in Microservices,microservices-0147,"Lorem ipsum dolor sit amet, consectetur adipiscing elit. Sed do eiusmod tempor incididunt ut labore et dolore magna aliqua. Ut enim ad minim veniam, quis nostrud exercitation ullamco laboris.",draft,,author_003,author_003@example.com,contributor,Photography,rest-api|testing|aws|sql,image_0043.webp,/uploads/image_0043.webp,image/webp,User 023,user023@example.com,Could you elaborate on the second part?
p_0147,Common Mistakes in Microservices,microservices-0147,"Lorem ipsum dolor sit amet, consectetur adipiscing elit. Sed do eiusmod tempor incididunt ut labore et dolore magna aliqua. Ut enim ad minim veniam, quis nostrud exercitation ullamco laboris.",draft,,author_003,author_003@example.com,contributor,Photography,rest-api|testing|aws|sql,image_0043.webp,/uploads/image_0043.webp,image/webp,User 028,user028@example.com,I disagree with point 3 -- here's why...
p_0147,Common Mistakes in Microservices,microservices-0147,"Lorem ipsum dolor sit amet, consectetur adipiscing elit. Sed do eiusmod tempor incididunt ut labore et dolore magna aliqua. Ut enim ad minim veniam, quis nostrud exercitation ullamco laboris.",draft,,author_003,author_003@example.com,contributor,Photography,rest-api|testing|aws|sql,image_0043.webp,/uploads/image_0043.webp,image/webp,User 036,user036@example.com,This is exactly what I was looking for.
p_0147,Common Mistakes in Microservices,microservices-0147,"Lorem ipsum dolor sit amet, consectetur adipiscing elit. Sed do eiusmod tempor incididunt ut labore et dolore magna aliqua. Ut enim ad minim veniam, quis nostrud exercitation ullamco laboris.",draft,,author_003,author_003@example.com,contributor,Photography,rest-api|testing|aws|sql,image_0043.webp,/uploads/image_0043.webp,image/webp,User 058,user058@example.com,I disagree with point 3 -- here's why...
p_0147,Common Mistakes in Microservices,microservices-0147,"Lorem ipsum dolor sit amet, consectetur adipiscing elit. Sed do eiusmod tempor incididunt ut labore et dolore magna aliqua. Ut enim ad minim veniam, quis nostrud exercitation ullamco laboris.",draft,,author_003,author_003@example.com,contributor,Photography,rest-api|testing|aws|sql,image_0043.webp,/uploads/image_0043.webp,image/webp,User 005,user005@example.com,I had a similar experience recently.
p_0147,Common Mistakes in Microservices,microservices-0147,"Lorem ipsum dolor sit amet, consectetur adipiscing elit. Sed do eiusmod tempor incididunt ut labore et dolore magna aliqua. Ut enim ad minim veniam, quis nostrud exercitation ullamco laboris.",draft,,author_003,author_003@example.com,contributor,Photography,rest-api|testing|aws|sql,image_0043.webp,/uploads/image_0043.webp,image/webp,User 080,user080@example.com,I had a similar experience recently.
p_0148,10 Tips for Mastering Nodejs,nodejs-0148,"Lorem ipsum dolor sit amet, consectetur adipiscing elit. Sed do eiusmod tempor incididunt ut labore et dolore magna aliqua. Ut enim ad minim veniam, quis nostrud exercitation ullamco laboris.Lorem ipsum dolor sit amet, consectetur adipiscing elit. Sed do eiusmod tempor incididunt ut labore et dolore magna aliqua. Ut enim ad minim veniam, quis nostrud exercitation ullamco laboris.",draft,,author_015,author_015@example.com,editor,Programming,aws|flask|azure,image_0033.webp,/uploads/image_0033.webp,image/webp,User 081,user081@example.com,Nice writeup. Subscribed.
p_0148,10 Tips for Mastering Nodejs,nodejs-0148,"Lorem ipsum dolor sit amet, consectetur adipiscing elit. Sed do eiusmod tempor incididunt ut labore et dolore magna aliqua. Ut enim ad minim veniam, quis nostrud exercitation ullamco laboris.Lorem ipsum dolor sit amet, consectetur adipiscing elit. Sed do eiusmod tempor incididunt ut labore et dolore magna aliqua. Ut enim ad minim veniam, quis nostrud exercitation ullamco laboris.",draft,,author_015,author_015@example.com,editor,Programming,aws|flask|azure,image_0033.webp,/uploads/image_0033.webp,image/webp,User 003,user003@example.com,Bookmarked for later reference.
p_0148,10 Tips for Mastering Nodejs,nodejs-0148,"Lorem ipsum dolor sit amet, consectetur adipiscing elit. Sed do eiusmod tempor incididunt ut labore et dolore magna aliqua. Ut enim ad minim veniam, quis nostrud exercitation ullamco laboris.Lorem ipsum dolor sit amet, consectetur adipiscing elit. Sed do eiusmod tempor incididunt ut labore et dolore magna aliqua. Ut enim ad minim veniam, quis nostrud exercitation ullamco laboris.",draft,,author_015,author_015@example.com,editor,Programming,aws|flask|azure,image_0033.webp,/uploads/image_0033.webp,image/webp,User 092,user092@example.com,Could you elaborate on the second part?
p_0148,10 Tips for Mastering Nodejs,nodejs-0148,"Lorem ipsum dolor sit amet, consectetur adipiscing elit. Sed do eiusmod tempor incididunt ut labore et dolore magna aliqua. Ut enim ad minim veniam, quis nostrud exercitation ullamco laboris.Lorem ipsum dolor sit amet, consectetur adipiscing elit. Sed do eiusmod tempor incididunt ut labore et dolore magna aliqua. Ut enim ad minim veniam, quis nostrud exercitation ullamco laboris.",draft,,author_015,author_015@example.com,editor,Programming,aws|flask|azure,image_0033.webp,/uploads/image_0033.webp,image/webp,User 062,user062@example.com,Nice writeup. Subscribed.
p_0149,Building Production-Ready Agile Apps,agile-0149,"Lorem ipsum dolor sit amet, consectetur adipiscing elit. Sed do eiusmod tempor incididunt ut labore et dolore magna aliqua. Ut enim ad minim veniam, quis nostrud exercitation ullamco laboris.Lorem ipsum dolor sit amet, consectetur adipiscing elit. Sed do eiusmod tempor incididunt ut labore et dolore magna aliqua. Ut enim ad minim veniam, quis nostrud exercitation ullamco laboris.",published,2025-08-03T14:54:09.863531,author_011,author_011@example.com,contributor,Web Development|Technology,redis|nodejs|python,,,,User 008,user008@example.com,Just tried this approach -- it works.
p_0149,Building Production-Ready Agile Apps,agile-0149,"Lorem ipsum dolor sit amet, consectetur adipiscing elit. Sed do eiusmod tempor incididunt ut labore et dolore magna aliqua. Ut enim ad minim veniam, quis nostrud exercitation ullamco laboris.Lorem ipsum dolor sit amet, consectetur adipiscing elit. Sed do eiusmod tempor incididunt ut labore et dolore magna aliqua. Ut enim ad minim veniam, quis nostrud exercitation ullamco laboris.",published,2025-08-03T14:54:09.863531,author_011,author_011@example.com,contributor,Web Development|Technology,redis|nodejs|python,,,,User 068,user068@example.com,Could you elaborate on the second part?
p_0149,Building Production-Ready Agile Apps,agile-0149,"Lorem ipsum dolor sit amet, consectetur adipiscing elit. Sed do eiusmod tempor incididunt ut labore et dolore magna aliqua. Ut enim ad minim veniam, quis nostrud exercitation ullamco laboris.Lorem ipsum dolor sit amet, consectetur adipiscing elit. Sed do eiusmod tempor incididunt ut labore et dolore magna aliqua. Ut enim ad minim veniam, quis nostrud exercitation ullamco laboris.",published,2025-08-03T14:54:09.863531,author_011,author_011@example.com,contributor,Web Development|Technology,redis|nodejs|python,,,,User 099,user099@example.com,I had a similar experience recently.
p_0149,Building Production-Ready Agile Apps,agile-0149,"Lorem ipsum dolor sit amet, consectetur adipiscing elit. Sed do eiusmod tempor incididunt ut labore et dolore magna aliqua. Ut enim ad minim veniam, quis nostrud exercitation ullamco laboris.Lorem ipsum dolor sit amet, consectetur adipiscing elit. Sed do eiusmod tempor incididunt ut labore et dolore magna aliqua. Ut enim ad minim veniam, quis nostrud exercitation ullamco laboris.",published,2025-08-03T14:54:09.863531,author_011,author_011@example.com,contributor,Web Development|Technology,redis|nodejs|python,,,,User 030,user030@example.com,I disagree with point 3 -- here's why...
p_0149,Building Production-Ready Agile Apps,agile-0149,"Lorem ipsum dolor sit amet, consectetur adipiscing elit. Sed do eiusmod tempor incididunt ut labore et dolore magna aliqua. Ut enim ad minim veniam, quis nostrud exercitation ullamco laboris.Lorem ipsum dolor sit amet, consectetur adipiscing elit. Sed do eiusmod tempor incididunt ut labore et dolore magna aliqua. Ut enim ad minim veniam, quis nostrud exercitation ullamco laboris.",published,2025-08-03T14:54:09.863531,author_011,author_011@example.com,contributor,Web Development|Technology,redis|nodejs|python,,,,User 013,user013@example.com,"Very insightful, looking forward to more."
p_0150,Deep Dive into Github,github-0150,"Lorem ipsum dolor sit amet, consectetur adipiscing elit. Sed do eiusmod tempor incididunt ut labore et dolore magna aliqua. Ut enim ad minim veniam, quis nostrud exercitation ullamco laboris.Lorem ipsum dolor sit amet, consectetur adipiscing elit. Sed do eiusmod tempor incididunt ut labore et dolore magna aliqua. Ut enim ad minim veniam, quis nostrud exercitation ullamco laboris.Lorem ipsum dolor sit amet, consectetur adipiscing elit. Sed do eiusmod tempor incididunt ut labore et dolore magna aliqua. Ut enim ad minim veniam, quis nostrud exercitation ullamco laboris.",draft,,author_008,author_008@example.com,contributor,Design,kubernetes|devops|rest-api|graphql,image_0015.jpg,/uploads/image_0015.jpg,image/jpeg,User 041,user041@example.com,Could you elaborate on the second part?
p_0150,Deep Dive into Github,github-0150,"Lorem ipsum dolor sit amet, consectetur adipiscing elit. Sed do eiusmod tempor incididunt ut labore et dolore magna aliqua. Ut enim ad minim veniam, quis nostrud exercitation ullamco laboris.Lorem ipsum dolor sit amet, consectetur adipiscing elit. Sed do eiusmod tempor incididunt ut labore et dolore magna aliqua. Ut enim ad minim veniam, quis nostrud exercitation ullamco laboris.Lorem ipsum dolor sit amet, consectetur adipiscing elit. Sed do eiusmod tempor incididunt ut labore et dolore magna aliqua. Ut enim ad minim veniam, quis nostrud exercitation ullamco laboris.",draft,,author_008,author_008@example.com,contributor,Design,kubernetes|devops|rest-api|graphql,image_0015.jpg,/uploads/image_0015.jpg,image/jpeg,User 076,user076@example.com,Great post! Really helpful.
p_0150,Deep Dive into Github,github-0150,"Lorem ipsum dolor sit amet, consectetur adipiscing elit. Sed do eiusmod tempor incididunt ut labore et dolore magna aliqua. Ut enim ad minim veniam, quis nostrud exercitation ullamco laboris.Lorem ipsum dolor sit amet, consectetur adipiscing elit. Sed do eiusmod tempor incididunt ut labore et dolore magna aliqua. Ut enim ad minim veniam, quis nostrud exercitation ullamco laboris.Lorem ipsum dolor sit amet, consectetur adipiscing elit. Sed do eiusmod tempor incididunt ut labore et dolore magna aliqua. Ut enim ad minim veniam, quis nostrud exercitation ullamco laboris.",draft,,author_008,author_008@example.com,contributor,Design,kubernetes|devops|rest-api|graphql,image_0015.jpg,/uploads/image_0015.jpg,image/jpeg,User 091,user091@example.com,Could you elaborate on the second part?
p_0150,Deep Dive into Github,github-0150,"Lorem ipsum dolor sit amet, consectetur adipiscing elit. Sed do eiusmod tempor incididunt ut labore et dolore magna aliqua. Ut enim ad minim veniam, quis nostrud exercitation ullamco laboris.Lorem ipsum dolor sit amet, consectetur adipiscing elit. Sed do eiusmod tempor incididunt ut labore et dolore magna aliqua. Ut enim ad minim veniam, quis nostrud exercitation ullamco laboris.Lorem ipsum dolor sit amet, consectetur adipiscing elit. Sed do eiusmod tempor incididunt ut labore et dolore magna aliqua. Ut enim ad minim veniam, quis nostrud exercitation ullamco laboris.",draft,,author_008,author_008@example.com,contributor,Design,kubernetes|devops|rest-api|graphql,image_0015.jpg,/uploads/image_0015.jpg,image/jpeg,User 073,user073@example.com,I had a similar experience recently.
p_0150,Deep Dive into Github,github-0150,"Lorem ipsum dolor sit amet, consectetur adipiscing elit. Sed do eiusmod tempor incididunt ut labore et dolore magna aliqua. Ut enim ad minim veniam, quis nostrud exercitation ullamco laboris.Lorem ipsum dolor sit amet, consectetur adipiscing elit. Sed do eiusmod tempor incididunt ut labore et dolore magna aliqua. Ut enim ad minim veniam, quis nostrud exercitation ullamco laboris.Lorem ipsum dolor sit amet, consectetur adipiscing elit. Sed do eiusmod tempor incididunt ut labore et dolore magna aliqua. Ut enim ad minim veniam, quis nostrud exercitation ullamco laboris.",draft,,author_008,author_008@example.com,contributor,Design,kubernetes|devops|rest-api|graphql,image_0015.jpg,/uploads/image_0015.jpg,image/jpeg,User 019,user019@example.com,I had a similar experience recently.
p_0150,Deep Dive into Github,github-0150,"Lorem ipsum dolor sit amet, consectetur adipiscing elit. Sed do eiusmod tempor incididunt ut labore et dolore magna aliqua. Ut enim ad minim veniam, quis nostrud exercitation ullamco laboris.Lorem ipsum dolor sit amet, consectetur adipiscing elit. Sed do eiusmod tempor incididunt ut labore et dolore magna aliqua. Ut enim ad minim veniam, quis nostrud exercitation ullamco laboris.Lorem ipsum dolor sit amet, consectetur adipiscing elit. Sed do eiusmod tempor incididunt ut labore et dolore magna aliqua. Ut enim ad minim veniam, quis nostrud exercitation ullamco laboris.",draft,,author_008,author_008@example.com,contributor,Design,kubernetes|devops|rest-api|graphql,image_0015.jpg,/uploads/image_0015.jpg,image/jpeg,User 025,user025@example.com,Just tried this approach -- it works.
p_0150,Deep Dive into Github,github-0150,"Lorem ipsum dolor sit amet, consectetur adipiscing elit. Sed do eiusmod tempor incididunt ut labore et dolore magna aliqua. Ut enim ad minim veniam, quis nostrud exercitation ullamco laboris.Lorem ipsum dolor sit amet, consectetur adipiscing elit. Sed do eiusmod tempor incididunt ut labore et dolore magna aliqua. Ut enim ad minim veniam, quis nostrud exercitation ullamco laboris.Lorem ipsum dolor sit amet, consectetur adipiscing elit. Sed do eiusmod tempor incididunt ut labore et dolore magna aliqua. Ut enim ad minim veniam, quis nostrud exercitation ullamco laboris.",draft,,author_008,author_008@example.com,contributor,Design,kubernetes|devops|rest-api|graphql,image_0015.jpg,/uploads/image_0015.jpg,image/jpeg,User 070,user070@example.com,This is exactly what I was looking for.
p_0151,Building Production-Ready React Apps,react-0151,"Lorem ipsum dolor sit amet, consectetur adipiscing elit. Sed do eiusmod tempor incididunt ut labore et dolore magna aliqua. Ut enim ad minim veniam, quis nostrud exercitation ullamco laboris.Lorem ipsum dolor sit amet, consectetur adipiscing elit. Sed do eiusmod tempor incididunt ut labore et dolore magna aliqua. Ut enim ad minim veniam, quis nostrud exercitation ullamco laboris.Lorem ipsum dolor sit amet, consectetur adipiscing elit. Sed do eiusmod tempor incididunt ut labore et dolore magna aliqua. Ut enim ad minim veniam, quis nostrud exercitation ullamco laboris.",published,2026-04-03T14:54:09.863579,author_001,author_001@example.com,author,Technology,python|docker|devops|redis,image_0008.png,/uploads/image_0008.png,image/png,User 092,user092@example.com,I disagree with point 3 -- here's why...
p_0151,Building Production-Ready React Apps,react-0151,"Lorem ipsum dolor sit amet, consectetur adipiscing elit. Sed do eiusmod tempor incididunt ut labore et dolore magna aliqua. Ut enim ad minim veniam, quis nostrud exercitation ullamco laboris.Lorem ipsum dolor sit amet, consectetur adipiscing elit. Sed do eiusmod tempor incididunt ut labore et dolore magna aliqua. Ut enim ad minim veniam, quis nostrud exercitation ullamco laboris.Lorem ipsum dolor sit amet, consectetur adipiscing elit. Sed do eiusmod tempor incididunt ut labore et dolore magna aliqua. Ut enim ad minim veniam, quis nostrud exercitation ullamco laboris.",published,2026-04-03T14:54:09.863579,author_001,author_001@example.com,author,Technology,python|docker|devops|redis,image_0008.png,/uploads/image_0008.png,image/png,User 042,user042@example.com,Great post! Really helpful.
p_0151,Building Production-Ready React Apps,react-0151,"Lorem ipsum dolor sit amet, consectetur adipiscing elit. Sed do eiusmod tempor incididunt ut labore et dolore magna aliqua. Ut enim ad minim veniam, quis nostrud exercitation ullamco laboris.Lorem ipsum dolor sit amet, consectetur adipiscing elit. Sed do eiusmod tempor incididunt ut labore et dolore magna aliqua. Ut enim ad minim veniam, quis nostrud exercitation ullamco laboris.Lorem ipsum dolor sit amet, consectetur adipiscing elit. Sed do eiusmod tempor incididunt ut labore et dolore magna aliqua. Ut enim ad minim veniam, quis nostrud exercitation ullamco laboris.",published,2026-04-03T14:54:09.863579,author_001,author_001@example.com,author,Technology,python|docker|devops|redis,image_0008.png,/uploads/image_0008.png,image/png,User 003,user003@example.com,I disagree with point 3 -- here's why...
p_0151,Building Production-Ready React Apps,react-0151,"Lorem ipsum dolor sit amet, consectetur adipiscing elit. Sed do eiusmod tempor incididunt ut labore et dolore magna aliqua. Ut enim ad minim veniam, quis nostrud exercitation ullamco laboris.Lorem ipsum dolor sit amet, consectetur adipiscing elit. Sed do eiusmod tempor incididunt ut labore et dolore magna aliqua. Ut enim ad minim veniam, quis nostrud exercitation ullamco laboris.Lorem ipsum dolor sit amet, consectetur adipiscing elit. Sed do eiusmod tempor incididunt ut labore et dolore magna aliqua. Ut enim ad minim veniam, quis nostrud exercitation ullamco laboris.",published,2026-04-03T14:54:09.863579,author_001,author_001@example.com,author,Technology,python|docker|devops|redis,image_0008.png,/uploads/image_0008.png,image/png,User 076,user076@example.com,I disagree with point 3 -- here's why...
p_0151,Building Production-Ready React Apps,react-0151,"Lorem ipsum dolor sit amet, consectetur adipiscing elit. Sed do eiusmod tempor incididunt ut labore et dolore magna aliqua. Ut enim ad minim veniam, quis nostrud exercitation ullamco laboris.Lorem ipsum dolor sit amet, consectetur adipiscing elit. Sed do eiusmod tempor incididunt ut labore et dolore magna aliqua. Ut enim ad minim veniam, quis nostrud exercitation ullamco laboris.Lorem ipsum dolor sit amet, consectetur adipiscing elit. Sed do eiusmod tempor incididunt ut labore et dolore magna aliqua. Ut enim ad minim veniam, quis nostrud exercitation ullamco laboris.",published,2026-04-03T14:54:09.863579,author_001,author_001@example.com,author,Technology,python|docker|devops|redis,image_0008.png,/uploads/image_0008.png,image/png,User 100,user100@example.com,Thanks for sharing this.
p_0152,The Future of Graphql,graphql-0152,"Lorem ipsum dolor sit amet, consectetur adipiscing elit. Sed do eiusmod tempor incididunt ut labore et dolore magna aliqua. Ut enim ad minim veniam, quis nostrud exercitation ullamco laboris.Lorem ipsum dolor sit amet, consectetur adipiscing elit. Sed do eiusmod tempor incididunt ut labore et dolore magna aliqua. Ut enim ad minim veniam, quis nostrud exercitation ullamco laboris.Lorem ipsum dolor sit amet, consectetur adipiscing elit. Sed do eiusmod tempor incididunt ut labore et dolore magna aliqua. Ut enim ad minim veniam, quis nostrud exercitation ullamco laboris.",published,2026-04-12T14:54:09.863599,author_011,author_011@example.com,contributor,Photography|Programming,html|docker|flask,,,,User 082,user082@example.com,Just tried this approach -- it works.
p_0152,The Future of Graphql,graphql-0152,"Lorem ipsum dolor sit amet, consectetur adipiscing elit. Sed do eiusmod tempor incididunt ut labore et dolore magna aliqua. Ut enim ad minim veniam, quis nostrud exercitation ullamco laboris.Lorem ipsum dolor sit amet, consectetur adipiscing elit. Sed do eiusmod tempor incididunt ut labore et dolore magna aliqua. Ut enim ad minim veniam, quis nostrud exercitation ullamco laboris.Lorem ipsum dolor sit amet, consectetur adipiscing elit. Sed do eiusmod tempor incididunt ut labore et dolore magna aliqua. Ut enim ad minim veniam, quis nostrud exercitation ullamco laboris.",published,2026-04-12T14:54:09.863599,author_011,author_011@example.com,contributor,Photography|Programming,html|docker|flask,,,,User 084,user084@example.com,Could you elaborate on the second part?
p_0152,The Future of Graphql,graphql-0152,"Lorem ipsum dolor sit amet, consectetur adipiscing elit. Sed do eiusmod tempor incididunt ut labore et dolore magna aliqua. Ut enim ad minim veniam, quis nostrud exercitation ullamco laboris.Lorem ipsum dolor sit amet, consectetur adipiscing elit. Sed do eiusmod tempor incididunt ut labore et dolore magna aliqua. Ut enim ad minim veniam, quis nostrud exercitation ullamco laboris.Lorem ipsum dolor sit amet, consectetur adipiscing elit. Sed do eiusmod tempor incididunt ut labore et dolore magna aliqua. Ut enim ad minim veniam, quis nostrud exercitation ullamco laboris.",published,2026-04-12T14:54:09.863599,author_011,author_011@example.com,contributor,Photography|Programming,html|docker|flask,,,,User 023,user023@example.com,Nice writeup. Subscribed.
p_0152,The Future of Graphql,graphql-0152,"Lorem ipsum dolor sit amet, consectetur adipiscing elit. Sed do eiusmod tempor incididunt ut labore et dolore magna aliqua. Ut enim ad minim veniam, quis nostrud exercitation ullamco laboris.Lorem ipsum dolor sit amet, consectetur adipiscing elit. Sed do eiusmod tempor incididunt ut labore et dolore magna aliqua. Ut enim ad minim veniam, quis nostrud exercitation ullamco laboris.Lorem ipsum dolor sit amet, consectetur adipiscing elit. Sed do eiusmod tempor incididunt ut labore et dolore magna aliqua. Ut enim ad minim veniam, quis nostrud exercitation ullamco laboris.",published,2026-04-12T14:54:09.863599,author_011,author_011@example.com,contributor,Photography|Programming,html|docker|flask,,,,User 089,user089@example.com,I had a similar experience recently.
p_0152,The Future of Graphql,graphql-0152,"Lorem ipsum dolor sit amet, consectetur adipiscing elit. Sed do eiusmod tempor incididunt ut labore et dolore magna aliqua. Ut enim ad minim veniam, quis nostrud exercitation ullamco laboris.Lorem ipsum dolor sit amet, consectetur adipiscing elit. Sed do eiusmod tempor incididunt ut labore et dolore magna aliqua. Ut enim ad minim veniam, quis nostrud exercitation ullamco laboris.Lorem ipsum dolor sit amet, consectetur adipiscing elit. Sed do eiusmod tempor incididunt ut labore et dolore magna aliqua. Ut enim ad minim veniam, quis nostrud exercitation ullamco laboris.",published,2026-04-12T14:54:09.863599,author_011,author_011@example.com,contributor,Photography|Programming,html|docker|flask,,,,User 046,user046@example.com,"Very insightful, looking forward to more."
p_0152,The Future of Graphql,graphql-0152,"Lorem ipsum dolor sit amet, consectetur adipiscing elit. Sed do eiusmod tempor incididunt ut labore et dolore magna aliqua. Ut enim ad minim veniam, quis nostrud exercitation ullamco laboris.Lorem ipsum dolor sit amet, consectetur adipiscing elit. Sed do eiusmod tempor incididunt ut labore et dolore magna aliqua. Ut enim ad minim veniam, quis nostrud exercitation ullamco laboris.Lorem ipsum dolor sit amet, consectetur adipiscing elit. Sed do eiusmod tempor incididunt ut labore et dolore magna aliqua. Ut enim ad minim veniam, quis nostrud exercitation ullamco laboris.",published,2026-04-12T14:54:09.863599,author_011,author_011@example.com,contributor,Photography|Programming,html|docker|flask,,,,User 086,user086@example.com,I had a similar experience recently.
p_0153,Why Rest Api Matters in 2024,rest-api-0153,"Lorem ipsum dolor sit amet, consectetur adipiscing elit. Sed do eiusmod tempor incididunt ut labore et dolore magna aliqua. Ut enim ad minim veniam, quis nostrud exercitation ullamco laboris.Lorem ipsum dolor sit amet, consectetur adipiscing elit. Sed do eiusmod tempor incididunt ut labore et dolore magna aliqua. Ut enim ad minim veniam, quis nostrud exercitation ullamco laboris.",published,2025-12-13T14:54:09.863629,author_012,author_012@example.com,contributor,Web Development,ci-cd,,,,User 099,user099@example.com,I had a similar experience recently.
p_0153,Why Rest Api Matters in 2024,rest-api-0153,"Lorem ipsum dolor sit amet, consectetur adipiscing elit. Sed do eiusmod tempor incididunt ut labore et dolore magna aliqua. Ut enim ad minim veniam, quis nostrud exercitation ullamco laboris.Lorem ipsum dolor sit amet, consectetur adipiscing elit. Sed do eiusmod tempor incididunt ut labore et dolore magna aliqua. Ut enim ad minim veniam, quis nostrud exercitation ullamco laboris.",published,2025-12-13T14:54:09.863629,author_012,author_012@example.com,contributor,Web Development,ci-cd,,,,User 005,user005@example.com,I disagree with point 3 -- here's why...
p_0153,Why Rest Api Matters in 2024,rest-api-0153,"Lorem ipsum dolor sit amet, consectetur adipiscing elit. Sed do eiusmod tempor incididunt ut labore et dolore magna aliqua. Ut enim ad minim veniam, quis nostrud exercitation ullamco laboris.Lorem ipsum dolor sit amet, consectetur adipiscing elit. Sed do eiusmod tempor incididunt ut labore et dolore magna aliqua. Ut enim ad minim veniam, quis nostrud exercitation ullamco laboris.",published,2025-12-13T14:54:09.863629,author_012,author_012@example.com,contributor,Web Development,ci-cd,,,,User 078,user078@example.com,Could you elaborate on the second part?
p_0153,Why Rest Api Matters in 2024,rest-api-0153,"Lorem ipsum dolor sit amet, consectetur adipiscing elit. Sed do eiusmod tempor incididunt ut labore et dolore magna aliqua. Ut enim ad minim veniam, quis nostrud exercitation ullamco laboris.Lorem ipsum dolor sit amet, consectetur adipiscing elit. Sed do eiusmod tempor incididunt ut labore et dolore magna aliqua. Ut enim ad minim veniam, quis nostrud exercitation ullamco laboris.",published,2025-12-13T14:54:09.863629,author_012,author_012@example.com,contributor,Web Development,ci-cd,,,,User 079,user079@example.com,"Very insightful, looking forward to more."
p_0153,Why Rest Api Matters in 2024,rest-api-0153,"Lorem ipsum dolor sit amet, consectetur adipiscing elit. Sed do eiusmod tempor incididunt ut labore et dolore magna aliqua. Ut enim ad minim veniam, quis nostrud exercitation ullamco laboris.Lorem ipsum dolor sit amet, consectetur adipiscing elit. Sed do eiusmod tempor incididunt ut labore et dolore magna aliqua. Ut enim ad minim veniam, quis nostrud exercitation ullamco laboris.",published,2025-12-13T14:54:09.863629,author_012,author_012@example.com,contributor,Web Development,ci-cd,,,,User 082,user082@example.com,I had a similar experience recently.
p_0153,Why Rest Api Matters in 2024,rest-api-0153,"Lorem ipsum dolor sit amet, consectetur adipiscing elit. Sed do eiusmod tempor incididunt ut labore et dolore magna aliqua. Ut enim ad minim veniam, quis nostrud exercitation ullamco laboris.Lorem ipsum dolor sit amet, consectetur adipiscing elit. Sed do eiusmod tempor incididunt ut labore et dolore magna aliqua. Ut enim ad minim veniam, quis nostrud exercitation ullamco laboris.",published,2025-12-13T14:54:09.863629,author_012,author_012@example.com,contributor,Web Development,ci-cd,,,,User 014,user014@example.com,Just tried this approach -- it works.
p_0154,Common Mistakes in Flask,flask-0154,"Lorem ipsum dolor sit amet, consectetur adipiscing elit. Sed do eiusmod tempor incididunt ut labore et dolore magna aliqua. Ut enim ad minim veniam, quis nostrud exercitation ullamco laboris.Lorem ipsum dolor sit amet, consectetur adipiscing elit. Sed do eiusmod tempor incididunt ut labore et dolore magna aliqua. Ut enim ad minim veniam, quis nostrud exercitation ullamco laboris.",published,2026-01-18T14:54:09.863650,author_002,author_002@example.com,author,Programming,gcp|python|css,image_0044.png,/uploads/image_0044.png,image/png,User 045,user045@example.com,This is exactly what I was looking for.
p_0154,Common Mistakes in Flask,flask-0154,"Lorem ipsum dolor sit amet, consectetur adipiscing elit. Sed do eiusmod tempor incididunt ut labore et dolore magna aliqua. Ut enim ad minim veniam, quis nostrud exercitation ullamco laboris.Lorem ipsum dolor sit amet, consectetur adipiscing elit. Sed do eiusmod tempor incididunt ut labore et dolore magna aliqua. Ut enim ad minim veniam, quis nostrud exercitation ullamco laboris.",published,2026-01-18T14:54:09.863650,author_002,author_002@example.com,author,Programming,gcp|python|css,image_0044.png,/uploads/image_0044.png,image/png,User 014,user014@example.com,Great post! Really helpful.
p_0154,Common Mistakes in Flask,flask-0154,"Lorem ipsum dolor sit amet, consectetur adipiscing elit. Sed do eiusmod tempor incididunt ut labore et dolore magna aliqua. Ut enim ad minim veniam, quis nostrud exercitation ullamco laboris.Lorem ipsum dolor sit amet, consectetur adipiscing elit. Sed do eiusmod tempor incididunt ut labore et dolore magna aliqua. Ut enim ad minim veniam, quis nostrud exercitation ullamco laboris.",published,2026-01-18T14:54:09.863650,author_002,author_002@example.com,author,Programming,gcp|python|css,image_0044.png,/uploads/image_0044.png,image/png,User 007,user007@example.com,Bookmarked for later reference.
p_0155,Gcp vs Alternatives,gcp-0155,"Lorem ipsum dolor sit amet, consectetur adipiscing elit. Sed do eiusmod tempor incididunt ut labore et dolore magna aliqua. Ut enim ad minim veniam, quis nostrud exercitation ullamco laboris.Lorem ipsum dolor sit amet, consectetur adipiscing elit. Sed do eiusmod tempor incididunt ut labore et dolore magna aliqua. Ut enim ad minim veniam, quis nostrud exercitation ullamco laboris.",published,2025-10-20T14:54:09.863667,author_005,author_005@example.com,author,Travel|Education,rest-api,image_0036.jpg,/uploads/image_0036.jpg,image/jpeg,User 021,user021@example.com,Just tried this approach -- it works.
p_0155,Gcp vs Alternatives,gcp-0155,"Lorem ipsum dolor sit amet, consectetur adipiscing elit. Sed do eiusmod tempor incididunt ut labore et dolore magna aliqua. Ut enim ad minim veniam, quis nostrud exercitation ullamco laboris.Lorem ipsum dolor sit amet, consectetur adipiscing elit. Sed do eiusmod tempor incididunt ut labore et dolore magna aliqua. Ut enim ad minim veniam, quis nostrud exercitation ullamco laboris.",published,2025-10-20T14:54:09.863667,author_005,author_005@example.com,author,Travel|Education,rest-api,image_0036.jpg,/uploads/image_0036.jpg,image/jpeg,User 010,user010@example.com,Great post! Really helpful.
p_0155,Gcp vs Alternatives,gcp-0155,"Lorem ipsum dolor sit amet, consectetur adipiscing elit. Sed do eiusmod tempor incididunt ut labore et dolore magna aliqua. Ut enim ad minim veniam, quis nostrud exercitation ullamco laboris.Lorem ipsum dolor sit amet, consectetur adipiscing elit. Sed do eiusmod tempor incididunt ut labore et dolore magna aliqua. Ut enim ad minim veniam, quis nostrud exercitation ullamco laboris.",published,2025-10-20T14:54:09.863667,author_005,author_005@example.com,author,Travel|Education,rest-api,image_0036.jpg,/uploads/image_0036.jpg,image/jpeg,User 038,user038@example.com,Great post! Really helpful.
p_0155,Gcp vs Alternatives,gcp-0155,"Lorem ipsum dolor sit amet, consectetur adipiscing elit. Sed do eiusmod tempor incididunt ut labore et dolore magna aliqua. Ut enim ad minim veniam, quis nostrud exercitation ullamco laboris.Lorem ipsum dolor sit amet, consectetur adipiscing elit. Sed do eiusmod tempor incididunt ut labore et dolore magna aliqua. Ut enim ad minim veniam, quis nostrud exercitation ullamco laboris.",published,2025-10-20T14:54:09.863667,author_005,author_005@example.com,author,Travel|Education,rest-api,image_0036.jpg,/uploads/image_0036.jpg,image/jpeg,User 041,user041@example.com,This is exactly what I was looking for.
p_0156,Best Practices for Django,django-0156,"Lorem ipsum dolor sit amet, consectetur adipiscing elit. Sed do eiusmod tempor incididunt ut labore et dolore magna aliqua. Ut enim ad minim veniam, quis nostrud exercitation ullamco laboris.",draft,,author_010,author_010@example.com,contributor,Programming|Travel|Photography,redis|microservices|sql,,,,User 084,user084@example.com,I disagree with point 3 -- here's why...
p_0156,Best Practices for Django,django-0156,"Lorem ipsum dolor sit amet, consectetur adipiscing elit. Sed do eiusmod tempor incididunt ut labore et dolore magna aliqua. Ut enim ad minim veniam, quis nostrud exercitation ullamco laboris.",draft,,author_010,author_010@example.com,contributor,Programming|Travel|Photography,redis|microservices|sql,,,,User 078,user078@example.com,Bookmarked for later reference.
p_0156,Best Practices for Django,django-0156,"Lorem ipsum dolor sit amet, consectetur adipiscing elit. Sed do eiusmod tempor incididunt ut labore et dolore magna aliqua. Ut enim ad minim veniam, quis nostrud exercitation ullamco laboris.",draft,,author_010,author_010@example.com,contributor,Programming|Travel|Photography,redis|microservices|sql,,,,User 021,user021@example.com,Great post! Really helpful.
p_0156,Best Practices for Django,django-0156,"Lorem ipsum dolor sit amet, consectetur adipiscing elit. Sed do eiusmod tempor incididunt ut labore et dolore magna aliqua. Ut enim ad minim veniam, quis nostrud exercitation ullamco laboris.",draft,,author_010,author_010@example.com,contributor,Programming|Travel|Photography,redis|microservices|sql,,,,User 013,user013@example.com,Could you elaborate on the second part?
p_0156,Best Practices for Django,django-0156,"Lorem ipsum dolor sit amet, consectetur adipiscing elit. Sed do eiusmod tempor incididunt ut labore et dolore magna aliqua. Ut enim ad minim veniam, quis nostrud exercitation ullamco laboris.",draft,,author_010,author_010@example.com,contributor,Programming|Travel|Photography,redis|microservices|sql,,,,User 027,user027@example.com,"Very insightful, looking forward to more."
p_0156,Best Practices for Django,django-0156,"Lorem ipsum dolor sit amet, consectetur adipiscing elit. Sed do eiusmod tempor incididunt ut labore et dolore magna aliqua. Ut enim ad minim veniam, quis nostrud exercitation ullamco laboris.",draft,,author_010,author_010@example.com,contributor,Programming|Travel|Photography,redis|microservices|sql,,,,User 053,user053@example.com,Nice writeup. Subscribed.
p_0157,The Future of Testing,testing-0157,"Lorem ipsum dolor sit amet, consectetur adipiscing elit. Sed do eiusmod tempor incididunt ut labore et dolore magna aliqua. Ut enim ad minim veniam, quis nostrud exercitation ullamco laboris.",published,2025-06-15T14:54:09.863708,author_008,author_008@example.com,contributor,Technology,postgresql|mongodb|rest-api|sql,image_0023.gif,/uploads/image_0023.gif,image/gif,User 055,user055@example.com,Thanks for sharing this.
p_0157,The Future of Testing,testing-0157,"Lorem ipsum dolor sit amet, consectetur adipiscing elit. Sed do eiusmod tempor incididunt ut labore et dolore magna aliqua. Ut enim ad minim veniam, quis nostrud exercitation ullamco laboris.",published,2025-06-15T14:54:09.863708,author_008,author_008@example.com,contributor,Technology,postgresql|mongodb|rest-api|sql,image_0023.gif,/uploads/image_0023.gif,image/gif,User 038,user038@example.com,I had a similar experience recently.
p_0157,The Future of Testing,testing-0157,"Lorem ipsum dolor sit amet, consectetur adipiscing elit. Sed do eiusmod tempor incididunt ut labore et dolore magna aliqua. Ut enim ad minim veniam, quis nostrud exercitation ullamco laboris.",published,2025-06-15T14:54:09.863708,author_008,author_008@example.com,contributor,Technology,postgresql|mongodb|rest-api|sql,image_0023.gif,/uploads/image_0023.gif,image/gif,User 062,user062@example.com,"Very insightful, looking forward to more."
p_0158,Getting Started with Django,django-0158,"Lorem ipsum dolor sit amet, consectetur adipiscing elit. Sed do eiusmod tempor incididunt ut labore et dolore magna aliqua. Ut enim ad minim veniam, quis nostrud exercitation ullamco laboris.",published,2026-02-21T14:54:09.863723,author_006,author_006@example.com,author,Programming|Marketing,sql|microservices|github|css,image_0034.jpg,/uploads/image_0034.jpg,image/jpeg,User 024,user024@example.com,Could you elaborate on the second part?
p_0158,Getting Started with Django,django-0158,"Lorem ipsum dolor sit amet, consectetur adipiscing elit. Sed do eiusmod tempor incididunt ut labore et dolore magna aliqua. Ut enim ad minim veniam, quis nostrud exercitation ullamco laboris.",published,2026-02-21T14:54:09.863723,author_006,author_006@example.com,author,Programming|Marketing,sql|microservices|github|css,image_0034.jpg,/uploads/image_0034.jpg,image/jpeg,User 049,user049@example.com,Could you elaborate on the second part?
p_0158,Getting Started with Django,django-0158,"Lorem ipsum dolor sit amet, consectetur adipiscing elit. Sed do eiusmod tempor incididunt ut labore et dolore magna aliqua. Ut enim ad minim veniam, quis nostrud exercitation ullamco laboris.",published,2026-02-21T14:54:09.863723,author_006,author_006@example.com,author,Programming|Marketing,sql|microservices|github|css,image_0034.jpg,/uploads/image_0034.jpg,image/jpeg,User 024,user024@example.com,Just tried this approach -- it works.
p_0158,Getting Started with Django,django-0158,"Lorem ipsum dolor sit amet, consectetur adipiscing elit. Sed do eiusmod tempor incididunt ut labore et dolore magna aliqua. Ut enim ad minim veniam, quis nostrud exercitation ullamco laboris.",published,2026-02-21T14:54:09.863723,author_006,author_006@example.com,author,Programming|Marketing,sql|microservices|github|css,image_0034.jpg,/uploads/image_0034.jpg,image/jpeg,User 006,user006@example.com,This is exactly what I was looking for.
p_0158,Getting Started with Django,django-0158,"Lorem ipsum dolor sit amet, consectetur adipiscing elit. Sed do eiusmod tempor incididunt ut labore et dolore magna aliqua. Ut enim ad minim veniam, quis nostrud exercitation ullamco laboris.",published,2026-02-21T14:54:09.863723,author_006,author_006@example.com,author,Programming|Marketing,sql|microservices|github|css,image_0034.jpg,/uploads/image_0034.jpg,image/jpeg,User 057,user057@example.com,Just tried this approach -- it works.
p_0158,Getting Started with Django,django-0158,"Lorem ipsum dolor sit amet, consectetur adipiscing elit. Sed do eiusmod tempor incididunt ut labore et dolore magna aliqua. Ut enim ad minim veniam, quis nostrud exercitation ullamco laboris.",published,2026-02-21T14:54:09.863723,author_006,author_006@example.com,author,Programming|Marketing,sql|microservices|github|css,image_0034.jpg,/uploads/image_0034.jpg,image/jpeg,User 034,user034@example.com,"Very insightful, looking forward to more."
p_0159,10 Tips for Mastering Rest Api,rest-api-0159,"Lorem ipsum dolor sit amet, consectetur adipiscing elit. Sed do eiusmod tempor incididunt ut labore et dolore magna aliqua. Ut enim ad minim veniam, quis nostrud exercitation ullamco laboris.Lorem ipsum dolor sit amet, consectetur adipiscing elit. Sed do eiusmod tempor incididunt ut labore et dolore magna aliqua. Ut enim ad minim veniam, quis nostrud exercitation ullamco laboris.Lorem ipsum dolor sit amet, consectetur adipiscing elit. Sed do eiusmod tempor incididunt ut labore et dolore magna aliqua. Ut enim ad minim veniam, quis nostrud exercitation ullamco laboris.",published,2026-04-18T14:54:09.863752,author_018,author_018@example.com,author,Programming|Photography|Business,tdd|postgresql|nodejs|mongodb,image_0024.jpg,/uploads/image_0024.jpg,image/jpeg,User 054,user054@example.com,Nice writeup. Subscribed.
p_0159,10 Tips for Mastering Rest Api,rest-api-0159,"Lorem ipsum dolor sit amet, consectetur adipiscing elit. Sed do eiusmod tempor incididunt ut labore et dolore magna aliqua. Ut enim ad minim veniam, quis nostrud exercitation ullamco laboris.Lorem ipsum dolor sit amet, consectetur adipiscing elit. Sed do eiusmod tempor incididunt ut labore et dolore magna aliqua. Ut enim ad minim veniam, quis nostrud exercitation ullamco laboris.Lorem ipsum dolor sit amet, consectetur adipiscing elit. Sed do eiusmod tempor incididunt ut labore et dolore magna aliqua. Ut enim ad minim veniam, quis nostrud exercitation ullamco laboris.",published,2026-04-18T14:54:09.863752,author_018,author_018@example.com,author,Programming|Photography|Business,tdd|postgresql|nodejs|mongodb,image_0024.jpg,/uploads/image_0024.jpg,image/jpeg,User 088,user088@example.com,Just tried this approach -- it works.
p_0159,10 Tips for Mastering Rest Api,rest-api-0159,"Lorem ipsum dolor sit amet, consectetur adipiscing elit. Sed do eiusmod tempor incididunt ut labore et dolore magna aliqua. Ut enim ad minim veniam, quis nostrud exercitation ullamco laboris.Lorem ipsum dolor sit amet, consectetur adipiscing elit. Sed do eiusmod tempor incididunt ut labore et dolore magna aliqua. Ut enim ad minim veniam, quis nostrud exercitation ullamco laboris.Lorem ipsum dolor sit amet, consectetur adipiscing elit. Sed do eiusmod tempor incididunt ut labore et dolore magna aliqua. Ut enim ad minim veniam, quis nostrud exercitation ullamco laboris.",published,2026-04-18T14:54:09.863752,author_018,author_018@example.com,author,Programming|Photography|Business,tdd|postgresql|nodejs|mongodb,image_0024.jpg,/uploads/image_0024.jpg,image/jpeg,User 074,user074@example.com,"Very insightful, looking forward to more."
p_0159,10 Tips for Mastering Rest Api,rest-api-0159,"Lorem ipsum dolor sit amet, consectetur adipiscing elit. Sed do eiusmod tempor incididunt ut labore et dolore magna aliqua. Ut enim ad minim veniam, quis nostrud exercitation ullamco laboris.Lorem ipsum dolor sit amet, consectetur adipiscing elit. Sed do eiusmod tempor incididunt ut labore et dolore magna aliqua. Ut enim ad minim veniam, quis nostrud exercitation ullamco laboris.Lorem ipsum dolor sit amet, consectetur adipiscing elit. Sed do eiusmod tempor incididunt ut labore et dolore magna aliqua. Ut enim ad minim veniam, quis nostrud exercitation ullamco laboris.",published,2026-04-18T14:54:09.863752,author_018,author_018@example.com,author,Programming|Photography|Business,tdd|postgresql|nodejs|mongodb,image_0024.jpg,/uploads/image_0024.jpg,image/jpeg,User 061,user061@example.com,This is exactly what I was looking for.
p_0159,10 Tips for Mastering Rest Api,rest-api-0159,"Lorem ipsum dolor sit amet, consectetur adipiscing elit. Sed do eiusmod tempor incididunt ut labore et dolore magna aliqua. Ut enim ad minim veniam, quis nostrud exercitation ullamco laboris.Lorem ipsum dolor sit amet, consectetur adipiscing elit. Sed do eiusmod tempor incididunt ut labore et dolore magna aliqua. Ut enim ad minim veniam, quis nostrud exercitation ullamco laboris.Lorem ipsum dolor sit amet, consectetur adipiscing elit. Sed do eiusmod tempor incididunt ut labore et dolore magna aliqua. Ut enim ad minim veniam, quis nostrud exercitation ullamco laboris.",published,2026-04-18T14:54:09.863752,author_018,author_018@example.com,author,Programming|Photography|Business,tdd|postgresql|nodejs|mongodb,image_0024.jpg,/uploads/image_0024.jpg,image/jpeg,User 011,user011@example.com,Bookmarked for later reference.
p_0159,10 Tips for Mastering Rest Api,rest-api-0159,"Lorem ipsum dolor sit amet, consectetur adipiscing elit. Sed do eiusmod tempor incididunt ut labore et dolore magna aliqua. Ut enim ad minim veniam, quis nostrud exercitation ullamco laboris.Lorem ipsum dolor sit amet, consectetur adipiscing elit. Sed do eiusmod tempor incididunt ut labore et dolore magna aliqua. Ut enim ad minim veniam, quis nostrud exercitation ullamco laboris.Lorem ipsum dolor sit amet, consectetur adipiscing elit. Sed do eiusmod tempor incididunt ut labore et dolore magna aliqua. Ut enim ad minim veniam, quis nostrud exercitation ullamco laboris.",published,2026-04-18T14:54:09.863752,author_018,author_018@example.com,author,Programming|Photography|Business,tdd|postgresql|nodejs|mongodb,image_0024.jpg,/uploads/image_0024.jpg,image/jpeg,User 092,user092@example.com,Great post! Really helpful.
p_0159,10 Tips for Mastering Rest Api,rest-api-0159,"Lorem ipsum dolor sit amet, consectetur adipiscing elit. Sed do eiusmod tempor incididunt ut labore et dolore magna aliqua. Ut enim ad minim veniam, quis nostrud exercitation ullamco laboris.Lorem ipsum dolor sit amet, consectetur adipiscing elit. Sed do eiusmod tempor incididunt ut labore et dolore magna aliqua. Ut enim ad minim veniam, quis nostrud exercitation ullamco laboris.Lorem ipsum dolor sit amet, consectetur adipiscing elit. Sed do eiusmod tempor incididunt ut labore et dolore magna aliqua. Ut enim ad minim veniam, quis nostrud exercitation ullamco laboris.",published,2026-04-18T14:54:09.863752,author_018,author_018@example.com,author,Programming|Photography|Business,tdd|postgresql|nodejs|mongodb,image_0024.jpg,/uploads/image_0024.jpg,image/jpeg,User 065,user065@example.com,I had a similar experience recently.
p_0160,The Future of Microservices,microservices-0160,"Lorem ipsum dolor sit amet, consectetur adipiscing elit. Sed do eiusmod tempor incididunt ut labore et dolore magna aliqua. Ut enim ad minim veniam, quis nostrud exercitation ullamco laboris.",draft,,author_018,author_018@example.com,author,Health,react|vue,,,,User 006,user006@example.com,Bookmarked for later reference.
p_0160,The Future of Microservices,microservices-0160,"Lorem ipsum dolor sit amet, consectetur adipiscing elit. Sed do eiusmod tempor incididunt ut labore et dolore magna aliqua. Ut enim ad minim veniam, quis nostrud exercitation ullamco laboris.",draft,,author_018,author_018@example.com,author,Health,react|vue,,,,User 011,user011@example.com,Bookmarked for later reference.
p_0160,The Future of Microservices,microservices-0160,"Lorem ipsum dolor sit amet, consectetur adipiscing elit. Sed do eiusmod tempor incididunt ut labore et dolore magna aliqua. Ut enim ad minim veniam, quis nostrud exercitation ullamco laboris.",draft,,author_018,author_018@example.com,author,Health,react|vue,,,,User 026,user026@example.com,I disagree with point 3 -- here's why...
p_0160,The Future of Microservices,microservices-0160,"Lorem ipsum dolor sit amet, consectetur adipiscing elit. Sed do eiusmod tempor incididunt ut labore et dolore magna aliqua. Ut enim ad minim veniam, quis nostrud exercitation ullamco laboris.",draft,,author_018,author_018@example.com,author,Health,react|vue,,,,User 077,user077@example.com,This is exactly what I was looking for.
p_0161,Best Practices for Docker,docker-0161,"Lorem ipsum dolor sit amet, consectetur adipiscing elit. Sed do eiusmod tempor incididunt ut labore et dolore magna aliqua. Ut enim ad minim veniam, quis nostrud exercitation ullamco laboris.Lorem ipsum dolor sit amet, consectetur adipiscing elit. Sed do eiusmod tempor incididunt ut labore et dolore magna aliqua. Ut enim ad minim veniam, quis nostrud exercitation ullamco laboris.Lorem ipsum dolor sit amet, consectetur adipiscing elit. Sed do eiusmod tempor incididunt ut labore et dolore magna aliqua. Ut enim ad minim veniam, quis nostrud exercitation ullamco laboris.",published,2025-11-02T14:54:09.863800,author_002,author_002@example.com,author,Marketing|Travel,devops|graphql|python|agile,,,,User 067,user067@example.com,Bookmarked for later reference.
p_0161,Best Practices for Docker,docker-0161,"Lorem ipsum dolor sit amet, consectetur adipiscing elit. Sed do eiusmod tempor incididunt ut labore et dolore magna aliqua. Ut enim ad minim veniam, quis nostrud exercitation ullamco laboris.Lorem ipsum dolor sit amet, consectetur adipiscing elit. Sed do eiusmod tempor incididunt ut labore et dolore magna aliqua. Ut enim ad minim veniam, quis nostrud exercitation ullamco laboris.Lorem ipsum dolor sit amet, consectetur adipiscing elit. Sed do eiusmod tempor incididunt ut labore et dolore magna aliqua. Ut enim ad minim veniam, quis nostrud exercitation ullamco laboris.",published,2025-11-02T14:54:09.863800,author_002,author_002@example.com,author,Marketing|Travel,devops|graphql|python|agile,,,,User 015,user015@example.com,Bookmarked for later reference.
p_0161,Best Practices for Docker,docker-0161,"Lorem ipsum dolor sit amet, consectetur adipiscing elit. Sed do eiusmod tempor incididunt ut labore et dolore magna aliqua. Ut enim ad minim veniam, quis nostrud exercitation ullamco laboris.Lorem ipsum dolor sit amet, consectetur adipiscing elit. Sed do eiusmod tempor incididunt ut labore et dolore magna aliqua. Ut enim ad minim veniam, quis nostrud exercitation ullamco laboris.Lorem ipsum dolor sit amet, consectetur adipiscing elit. Sed do eiusmod tempor incididunt ut labore et dolore magna aliqua. Ut enim ad minim veniam, quis nostrud exercitation ullamco laboris.",published,2025-11-02T14:54:09.863800,author_002,author_002@example.com,author,Marketing|Travel,devops|graphql|python|agile,,,,User 020,user020@example.com,I disagree with point 3 -- here's why...
p_0161,Best Practices for Docker,docker-0161,"Lorem ipsum dolor sit amet, consectetur adipiscing elit. Sed do eiusmod tempor incididunt ut labore et dolore magna aliqua. Ut enim ad minim veniam, quis nostrud exercitation ullamco laboris.Lorem ipsum dolor sit amet, consectetur adipiscing elit. Sed do eiusmod tempor incididunt ut labore et dolore magna aliqua. Ut enim ad minim veniam, quis nostrud exercitation ullamco laboris.Lorem ipsum dolor sit amet, consectetur adipiscing elit. Sed do eiusmod tempor incididunt ut labore et dolore magna aliqua. Ut enim ad minim veniam, quis nostrud exercitation ullamco laboris.",published,2025-11-02T14:54:09.863800,author_002,author_002@example.com,author,Marketing|Travel,devops|graphql|python|agile,,,,User 073,user073@example.com,I had a similar experience recently.
p_0161,Best Practices for Docker,docker-0161,"Lorem ipsum dolor sit amet, consectetur adipiscing elit. Sed do eiusmod tempor incididunt ut labore et dolore magna aliqua. Ut enim ad minim veniam, quis nostrud exercitation ullamco laboris.Lorem ipsum dolor sit amet, consectetur adipiscing elit. Sed do eiusmod tempor incididunt ut labore et dolore magna aliqua. Ut enim ad minim veniam, quis nostrud exercitation ullamco laboris.Lorem ipsum dolor sit amet, consectetur adipiscing elit. Sed do eiusmod tempor incididunt ut labore et dolore magna aliqua. Ut enim ad minim veniam, quis nostrud exercitation ullamco laboris.",published,2025-11-02T14:54:09.863800,author_002,author_002@example.com,author,Marketing|Travel,devops|graphql|python|agile,,,,User 075,user075@example.com,Thanks for sharing this.
p_0161,Best Practices for Docker,docker-0161,"Lorem ipsum dolor sit amet, consectetur adipiscing elit. Sed do eiusmod tempor incididunt ut labore et dolore magna aliqua. Ut enim ad minim veniam, quis nostrud exercitation ullamco laboris.Lorem ipsum dolor sit amet, consectetur adipiscing elit. Sed do eiusmod tempor incididunt ut labore et dolore magna aliqua. Ut enim ad minim veniam, quis nostrud exercitation ullamco laboris.Lorem ipsum dolor sit amet, consectetur adipiscing elit. Sed do eiusmod tempor incididunt ut labore et dolore magna aliqua. Ut enim ad minim veniam, quis nostrud exercitation ullamco laboris.",published,2025-11-02T14:54:09.863800,author_002,author_002@example.com,author,Marketing|Travel,devops|graphql|python|agile,,,,User 014,user014@example.com,I had a similar experience recently.
p_0161,Best Practices for Docker,docker-0161,"Lorem ipsum dolor sit amet, consectetur adipiscing elit. Sed do eiusmod tempor incididunt ut labore et dolore magna aliqua. Ut enim ad minim veniam, quis nostrud exercitation ullamco laboris.Lorem ipsum dolor sit amet, consectetur adipiscing elit. Sed do eiusmod tempor incididunt ut labore et dolore magna aliqua. Ut enim ad minim veniam, quis nostrud exercitation ullamco laboris.Lorem ipsum dolor sit amet, consectetur adipiscing elit. Sed do eiusmod tempor incididunt ut labore et dolore magna aliqua. Ut enim ad minim veniam, quis nostrud exercitation ullamco laboris.",published,2025-11-02T14:54:09.863800,author_002,author_002@example.com,author,Marketing|Travel,devops|graphql|python|agile,,,,User 100,user100@example.com,Thanks for sharing this.
p_0162,10 Tips for Mastering Agile,agile-0162,"Lorem ipsum dolor sit amet, consectetur adipiscing elit. Sed do eiusmod tempor incididunt ut labore et dolore magna aliqua. Ut enim ad minim veniam, quis nostrud exercitation ullamco laboris.Lorem ipsum dolor sit amet, consectetur adipiscing elit. Sed do eiusmod tempor incididunt ut labore et dolore magna aliqua. Ut enim ad minim veniam, quis nostrud exercitation ullamco laboris.",draft,,author_017,author_017@example.com,author,Health|Photography,react,image_0009.gif,/uploads/image_0009.gif,image/gif,User 078,user078@example.com,Bookmarked for later reference.
p_0162,10 Tips for Mastering Agile,agile-0162,"Lorem ipsum dolor sit amet, consectetur adipiscing elit. Sed do eiusmod tempor incididunt ut labore et dolore magna aliqua. Ut enim ad minim veniam, quis nostrud exercitation ullamco laboris.Lorem ipsum dolor sit amet, consectetur adipiscing elit. Sed do eiusmod tempor incididunt ut labore et dolore magna aliqua. Ut enim ad minim veniam, quis nostrud exercitation ullamco laboris.",draft,,author_017,author_017@example.com,author,Health|Photography,react,image_0009.gif,/uploads/image_0009.gif,image/gif,User 005,user005@example.com,Bookmarked for later reference.
p_0162,10 Tips for Mastering Agile,agile-0162,"Lorem ipsum dolor sit amet, consectetur adipiscing elit. Sed do eiusmod tempor incididunt ut labore et dolore magna aliqua. Ut enim ad minim veniam, quis nostrud exercitation ullamco laboris.Lorem ipsum dolor sit amet, consectetur adipiscing elit. Sed do eiusmod tempor incididunt ut labore et dolore magna aliqua. Ut enim ad minim veniam, quis nostrud exercitation ullamco laboris.",draft,,author_017,author_017@example.com,author,Health|Photography,react,image_0009.gif,/uploads/image_0009.gif,image/gif,User 043,user043@example.com,"Very insightful, looking forward to more."
p_0162,10 Tips for Mastering Agile,agile-0162,"Lorem ipsum dolor sit amet, consectetur adipiscing elit. Sed do eiusmod tempor incididunt ut labore et dolore magna aliqua. Ut enim ad minim veniam, quis nostrud exercitation ullamco laboris.Lorem ipsum dolor sit amet, consectetur adipiscing elit. Sed do eiusmod tempor incididunt ut labore et dolore magna aliqua. Ut enim ad minim veniam, quis nostrud exercitation ullamco laboris.",draft,,author_017,author_017@example.com,author,Health|Photography,react,image_0009.gif,/uploads/image_0009.gif,image/gif,User 007,user007@example.com,Just tried this approach -- it works.
p_0162,10 Tips for Mastering Agile,agile-0162,"Lorem ipsum dolor sit amet, consectetur adipiscing elit. Sed do eiusmod tempor incididunt ut labore et dolore magna aliqua. Ut enim ad minim veniam, quis nostrud exercitation ullamco laboris.Lorem ipsum dolor sit amet, consectetur adipiscing elit. Sed do eiusmod tempor incididunt ut labore et dolore magna aliqua. Ut enim ad minim veniam, quis nostrud exercitation ullamco laboris.",draft,,author_017,author_017@example.com,author,Health|Photography,react,image_0009.gif,/uploads/image_0009.gif,image/gif,User 035,user035@example.com,Could you elaborate on the second part?
p_0162,10 Tips for Mastering Agile,agile-0162,"Lorem ipsum dolor sit amet, consectetur adipiscing elit. Sed do eiusmod tempor incididunt ut labore et dolore magna aliqua. Ut enim ad minim veniam, quis nostrud exercitation ullamco laboris.Lorem ipsum dolor sit amet, consectetur adipiscing elit. Sed do eiusmod tempor incididunt ut labore et dolore magna aliqua. Ut enim ad minim veniam, quis nostrud exercitation ullamco laboris.",draft,,author_017,author_017@example.com,author,Health|Photography,react,image_0009.gif,/uploads/image_0009.gif,image/gif,User 003,user003@example.com,Could you elaborate on the second part?
p_0162,10 Tips for Mastering Agile,agile-0162,"Lorem ipsum dolor sit amet, consectetur adipiscing elit. Sed do eiusmod tempor incididunt ut labore et dolore magna aliqua. Ut enim ad minim veniam, quis nostrud exercitation ullamco laboris.Lorem ipsum dolor sit amet, consectetur adipiscing elit. Sed do eiusmod tempor incididunt ut labore et dolore magna aliqua. Ut enim ad minim veniam, quis nostrud exercitation ullamco laboris.",draft,,author_017,author_017@example.com,author,Health|Photography,react,image_0009.gif,/uploads/image_0009.gif,image/gif,User 039,user039@example.com,This is exactly what I was looking for.
p_0163,Building Production-Ready Css Apps,css-0163,"Lorem ipsum dolor sit amet, consectetur adipiscing elit. Sed do eiusmod tempor incididunt ut labore et dolore magna aliqua. Ut enim ad minim veniam, quis nostrud exercitation ullamco laboris.Lorem ipsum dolor sit amet, consectetur adipiscing elit. Sed do eiusmod tempor incididunt ut labore et dolore magna aliqua. Ut enim ad minim veniam, quis nostrud exercitation ullamco laboris.Lorem ipsum dolor sit amet, consectetur adipiscing elit. Sed do eiusmod tempor incididunt ut labore et dolore magna aliqua. Ut enim ad minim veniam, quis nostrud exercitation ullamco laboris.",published,2026-01-23T14:54:09.863849,author_003,author_003@example.com,contributor,Business|Marketing,redis|git|fastapi|vue,image_0026.jpg,/uploads/image_0026.jpg,image/jpeg,User 098,user098@example.com,Nice writeup. Subscribed.
p_0163,Building Production-Ready Css Apps,css-0163,"Lorem ipsum dolor sit amet, consectetur adipiscing elit. Sed do eiusmod tempor incididunt ut labore et dolore magna aliqua. Ut enim ad minim veniam, quis nostrud exercitation ullamco laboris.Lorem ipsum dolor sit amet, consectetur adipiscing elit. Sed do eiusmod tempor incididunt ut labore et dolore magna aliqua. Ut enim ad minim veniam, quis nostrud exercitation ullamco laboris.Lorem ipsum dolor sit amet, consectetur adipiscing elit. Sed do eiusmod tempor incididunt ut labore et dolore magna aliqua. Ut enim ad minim veniam, quis nostrud exercitation ullamco laboris.",published,2026-01-23T14:54:09.863849,author_003,author_003@example.com,contributor,Business|Marketing,redis|git|fastapi|vue,image_0026.jpg,/uploads/image_0026.jpg,image/jpeg,User 048,user048@example.com,Great post! Really helpful.
p_0163,Building Production-Ready Css Apps,css-0163,"Lorem ipsum dolor sit amet, consectetur adipiscing elit. Sed do eiusmod tempor incididunt ut labore et dolore magna aliqua. Ut enim ad minim veniam, quis nostrud exercitation ullamco laboris.Lorem ipsum dolor sit amet, consectetur adipiscing elit. Sed do eiusmod tempor incididunt ut labore et dolore magna aliqua. Ut enim ad minim veniam, quis nostrud exercitation ullamco laboris.Lorem ipsum dolor sit amet, consectetur adipiscing elit. Sed do eiusmod tempor incididunt ut labore et dolore magna aliqua. Ut enim ad minim veniam, quis nostrud exercitation ullamco laboris.",published,2026-01-23T14:54:09.863849,author_003,author_003@example.com,contributor,Business|Marketing,redis|git|fastapi|vue,image_0026.jpg,/uploads/image_0026.jpg,image/jpeg,User 066,user066@example.com,I disagree with point 3 -- here's why...
p_0163,Building Production-Ready Css Apps,css-0163,"Lorem ipsum dolor sit amet, consectetur adipiscing elit. Sed do eiusmod tempor incididunt ut labore et dolore magna aliqua. Ut enim ad minim veniam, quis nostrud exercitation ullamco laboris.Lorem ipsum dolor sit amet, consectetur adipiscing elit. Sed do eiusmod tempor incididunt ut labore et dolore magna aliqua. Ut enim ad minim veniam, quis nostrud exercitation ullamco laboris.Lorem ipsum dolor sit amet, consectetur adipiscing elit. Sed do eiusmod tempor incididunt ut labore et dolore magna aliqua. Ut enim ad minim veniam, quis nostrud exercitation ullamco laboris.",published,2026-01-23T14:54:09.863849,author_003,author_003@example.com,contributor,Business|Marketing,redis|git|fastapi|vue,image_0026.jpg,/uploads/image_0026.jpg,image/jpeg,User 009,user009@example.com,This is exactly what I was looking for.
p_0163,Building Production-Ready Css Apps,css-0163,"Lorem ipsum dolor sit amet, consectetur adipiscing elit. Sed do eiusmod tempor incididunt ut labore et dolore magna aliqua. Ut enim ad minim veniam, quis nostrud exercitation ullamco laboris.Lorem ipsum dolor sit amet, consectetur adipiscing elit. Sed do eiusmod tempor incididunt ut labore et dolore magna aliqua. Ut enim ad minim veniam, quis nostrud exercitation ullamco laboris.Lorem ipsum dolor sit amet, consectetur adipiscing elit. Sed do eiusmod tempor incididunt ut labore et dolore magna aliqua. Ut enim ad minim veniam, quis nostrud exercitation ullamco laboris.",published,2026-01-23T14:54:09.863849,author_003,author_003@example.com,contributor,Business|Marketing,redis|git|fastapi|vue,image_0026.jpg,/uploads/image_0026.jpg,image/jpeg,User 091,user091@example.com,Nice writeup. Subscribed.
p_0163,Building Production-Ready Css Apps,css-0163,"Lorem ipsum dolor sit amet, consectetur adipiscing elit. Sed do eiusmod tempor incididunt ut labore et dolore magna aliqua. Ut enim ad minim veniam, quis nostrud exercitation ullamco laboris.Lorem ipsum dolor sit amet, consectetur adipiscing elit. Sed do eiusmod tempor incididunt ut labore et dolore magna aliqua. Ut enim ad minim veniam, quis nostrud exercitation ullamco laboris.Lorem ipsum dolor sit amet, consectetur adipiscing elit. Sed do eiusmod tempor incididunt ut labore et dolore magna aliqua. Ut enim ad minim veniam, quis nostrud exercitation ullamco laboris.",published,2026-01-23T14:54:09.863849,author_003,author_003@example.com,contributor,Business|Marketing,redis|git|fastapi|vue,image_0026.jpg,/uploads/image_0026.jpg,image/jpeg,User 052,user052@example.com,I disagree with point 3 -- here's why...
p_0164,The Future of Tdd,tdd-0164,"Lorem ipsum dolor sit amet, consectetur adipiscing elit. Sed do eiusmod tempor incididunt ut labore et dolore magna aliqua. Ut enim ad minim veniam, quis nostrud exercitation ullamco laboris.",published,2026-05-05T14:54:09.863877,author_018,author_018@example.com,author,Design,gcp,image_0023.gif,/uploads/image_0023.gif,image/gif,User 036,user036@example.com,Could you elaborate on the second part?
p_0164,The Future of Tdd,tdd-0164,"Lorem ipsum dolor sit amet, consectetur adipiscing elit. Sed do eiusmod tempor incididunt ut labore et dolore magna aliqua. Ut enim ad minim veniam, quis nostrud exercitation ullamco laboris.",published,2026-05-05T14:54:09.863877,author_018,author_018@example.com,author,Design,gcp,image_0023.gif,/uploads/image_0023.gif,image/gif,User 060,user060@example.com,Nice writeup. Subscribed.
p_0164,The Future of Tdd,tdd-0164,"Lorem ipsum dolor sit amet, consectetur adipiscing elit. Sed do eiusmod tempor incididunt ut labore et dolore magna aliqua. Ut enim ad minim veniam, quis nostrud exercitation ullamco laboris.",published,2026-05-05T14:54:09.863877,author_018,author_018@example.com,author,Design,gcp,image_0023.gif,/uploads/image_0023.gif,image/gif,User 051,user051@example.com,Thanks for sharing this.
p_0164,The Future of Tdd,tdd-0164,"Lorem ipsum dolor sit amet, consectetur adipiscing elit. Sed do eiusmod tempor incididunt ut labore et dolore magna aliqua. Ut enim ad minim veniam, quis nostrud exercitation ullamco laboris.",published,2026-05-05T14:54:09.863877,author_018,author_018@example.com,author,Design,gcp,image_0023.gif,/uploads/image_0023.gif,image/gif,User 088,user088@example.com,Great post! Really helpful.
p_0165,Common Mistakes in Nodejs,nodejs-0165,"Lorem ipsum dolor sit amet, consectetur adipiscing elit. Sed do eiusmod tempor incididunt ut labore et dolore magna aliqua. Ut enim ad minim veniam, quis nostrud exercitation ullamco laboris.Lorem ipsum dolor sit amet, consectetur adipiscing elit. Sed do eiusmod tempor incididunt ut labore et dolore magna aliqua. Ut enim ad minim veniam, quis nostrud exercitation ullamco laboris.",published,2025-07-19T14:54:09.863893,author_015,author_015@example.com,editor,Travel|Business|Photography,rest-api|microservices,image_0044.png,/uploads/image_0044.png,image/png,User 037,user037@example.com,Great post! Really helpful.
p_0165,Common Mistakes in Nodejs,nodejs-0165,"Lorem ipsum dolor sit amet, consectetur adipiscing elit. Sed do eiusmod tempor incididunt ut labore et dolore magna aliqua. Ut enim ad minim veniam, quis nostrud exercitation ullamco laboris.Lorem ipsum dolor sit amet, consectetur adipiscing elit. Sed do eiusmod tempor incididunt ut labore et dolore magna aliqua. Ut enim ad minim veniam, quis nostrud exercitation ullamco laboris.",published,2025-07-19T14:54:09.863893,author_015,author_015@example.com,editor,Travel|Business|Photography,rest-api|microservices,image_0044.png,/uploads/image_0044.png,image/png,User 050,user050@example.com,Great post! Really helpful.
p_0165,Common Mistakes in Nodejs,nodejs-0165,"Lorem ipsum dolor sit amet, consectetur adipiscing elit. Sed do eiusmod tempor incididunt ut labore et dolore magna aliqua. Ut enim ad minim veniam, quis nostrud exercitation ullamco laboris.Lorem ipsum dolor sit amet, consectetur adipiscing elit. Sed do eiusmod tempor incididunt ut labore et dolore magna aliqua. Ut enim ad minim veniam, quis nostrud exercitation ullamco laboris.",published,2025-07-19T14:54:09.863893,author_015,author_015@example.com,editor,Travel|Business|Photography,rest-api|microservices,image_0044.png,/uploads/image_0044.png,image/png,User 021,user021@example.com,I had a similar experience recently.
p_0166,Deep Dive into Tdd,tdd-0166,"Lorem ipsum dolor sit amet, consectetur adipiscing elit. Sed do eiusmod tempor incididunt ut labore et dolore magna aliqua. Ut enim ad minim veniam, quis nostrud exercitation ullamco laboris.",published,2025-06-22T14:54:09.863909,author_007,author_007@example.com,author,Education|Travel,graphql,,,,User 061,user061@example.com,I disagree with point 3 -- here's why...
p_0166,Deep Dive into Tdd,tdd-0166,"Lorem ipsum dolor sit amet, consectetur adipiscing elit. Sed do eiusmod tempor incididunt ut labore et dolore magna aliqua. Ut enim ad minim veniam, quis nostrud exercitation ullamco laboris.",published,2025-06-22T14:54:09.863909,author_007,author_007@example.com,author,Education|Travel,graphql,,,,User 083,user083@example.com,I disagree with point 3 -- here's why...
p_0166,Deep Dive into Tdd,tdd-0166,"Lorem ipsum dolor sit amet, consectetur adipiscing elit. Sed do eiusmod tempor incididunt ut labore et dolore magna aliqua. Ut enim ad minim veniam, quis nostrud exercitation ullamco laboris.",published,2025-06-22T14:54:09.863909,author_007,author_007@example.com,author,Education|Travel,graphql,,,,User 077,user077@example.com,Great post! Really helpful.
p_0167,10 Tips for Mastering Nodejs,nodejs-0167,"Lorem ipsum dolor sit amet, consectetur adipiscing elit. Sed do eiusmod tempor incididunt ut labore et dolore magna aliqua. Ut enim ad minim veniam, quis nostrud exercitation ullamco laboris.Lorem ipsum dolor sit amet, consectetur adipiscing elit. Sed do eiusmod tempor incididunt ut labore et dolore magna aliqua. Ut enim ad minim veniam, quis nostrud exercitation ullamco laboris.Lorem ipsum dolor sit amet, consectetur adipiscing elit. Sed do eiusmod tempor incididunt ut labore et dolore magna aliqua. Ut enim ad minim veniam, quis nostrud exercitation ullamco laboris.",published,2025-12-14T14:54:09.863925,author_019,author_019@example.com,author,Marketing|Education|Travel,gcp|css|vue,image_0043.webp,/uploads/image_0043.webp,image/webp,User 080,user080@example.com,Bookmarked for later reference.
p_0167,10 Tips for Mastering Nodejs,nodejs-0167,"Lorem ipsum dolor sit amet, consectetur adipiscing elit. Sed do eiusmod tempor incididunt ut labore et dolore magna aliqua. Ut enim ad minim veniam, quis nostrud exercitation ullamco laboris.Lorem ipsum dolor sit amet, consectetur adipiscing elit. Sed do eiusmod tempor incididunt ut labore et dolore magna aliqua. Ut enim ad minim veniam, quis nostrud exercitation ullamco laboris.Lorem ipsum dolor sit amet, consectetur adipiscing elit. Sed do eiusmod tempor incididunt ut labore et dolore magna aliqua. Ut enim ad minim veniam, quis nostrud exercitation ullamco laboris.",published,2025-12-14T14:54:09.863925,author_019,author_019@example.com,author,Marketing|Education|Travel,gcp|css|vue,image_0043.webp,/uploads/image_0043.webp,image/webp,User 075,user075@example.com,Thanks for sharing this.
p_0167,10 Tips for Mastering Nodejs,nodejs-0167,"Lorem ipsum dolor sit amet, consectetur adipiscing elit. Sed do eiusmod tempor incididunt ut labore et dolore magna aliqua. Ut enim ad minim veniam, quis nostrud exercitation ullamco laboris.Lorem ipsum dolor sit amet, consectetur adipiscing elit. Sed do eiusmod tempor incididunt ut labore et dolore magna aliqua. Ut enim ad minim veniam, quis nostrud exercitation ullamco laboris.Lorem ipsum dolor sit amet, consectetur adipiscing elit. Sed do eiusmod tempor incididunt ut labore et dolore magna aliqua. Ut enim ad minim veniam, quis nostrud exercitation ullamco laboris.",published,2025-12-14T14:54:09.863925,author_019,author_019@example.com,author,Marketing|Education|Travel,gcp|css|vue,image_0043.webp,/uploads/image_0043.webp,image/webp,User 001,user001@example.com,Nice writeup. Subscribed.
p_0167,10 Tips for Mastering Nodejs,nodejs-0167,"Lorem ipsum dolor sit amet, consectetur adipiscing elit. Sed do eiusmod tempor incididunt ut labore et dolore magna aliqua. Ut enim ad minim veniam, quis nostrud exercitation ullamco laboris.Lorem ipsum dolor sit amet, consectetur adipiscing elit. Sed do eiusmod tempor incididunt ut labore et dolore magna aliqua. Ut enim ad minim veniam, quis nostrud exercitation ullamco laboris.Lorem ipsum dolor sit amet, consectetur adipiscing elit. Sed do eiusmod tempor incididunt ut labore et dolore magna aliqua. Ut enim ad minim veniam, quis nostrud exercitation ullamco laboris.",published,2025-12-14T14:54:09.863925,author_019,author_019@example.com,author,Marketing|Education|Travel,gcp|css|vue,image_0043.webp,/uploads/image_0043.webp,image/webp,User 085,user085@example.com,Could you elaborate on the second part?
p_0167,10 Tips for Mastering Nodejs,nodejs-0167,"Lorem ipsum dolor sit amet, consectetur adipiscing elit. Sed do eiusmod tempor incididunt ut labore et dolore magna aliqua. Ut enim ad minim veniam, quis nostrud exercitation ullamco laboris.Lorem ipsum dolor sit amet, consectetur adipiscing elit. Sed do eiusmod tempor incididunt ut labore et dolore magna aliqua. Ut enim ad minim veniam, quis nostrud exercitation ullamco laboris.Lorem ipsum dolor sit amet, consectetur adipiscing elit. Sed do eiusmod tempor incididunt ut labore et dolore magna aliqua. Ut enim ad minim veniam, quis nostrud exercitation ullamco laboris.",published,2025-12-14T14:54:09.863925,author_019,author_019@example.com,author,Marketing|Education|Travel,gcp|css|vue,image_0043.webp,/uploads/image_0043.webp,image/webp,User 072,user072@example.com,I had a similar experience recently.
p_0167,10 Tips for Mastering Nodejs,nodejs-0167,"Lorem ipsum dolor sit amet, consectetur adipiscing elit. Sed do eiusmod tempor incididunt ut labore et dolore magna aliqua. Ut enim ad minim veniam, quis nostrud exercitation ullamco laboris.Lorem ipsum dolor sit amet, consectetur adipiscing elit. Sed do eiusmod tempor incididunt ut labore et dolore magna aliqua. Ut enim ad minim veniam, quis nostrud exercitation ullamco laboris.Lorem ipsum dolor sit amet, consectetur adipiscing elit. Sed do eiusmod tempor incididunt ut labore et dolore magna aliqua. Ut enim ad minim veniam, quis nostrud exercitation ullamco laboris.",published,2025-12-14T14:54:09.863925,author_019,author_019@example.com,author,Marketing|Education|Travel,gcp|css|vue,image_0043.webp,/uploads/image_0043.webp,image/webp,User 078,user078@example.com,This is exactly what I was looking for.
p_0167,10 Tips for Mastering Nodejs,nodejs-0167,"Lorem ipsum dolor sit amet, consectetur adipiscing elit. Sed do eiusmod tempor incididunt ut labore et dolore magna aliqua. Ut enim ad minim veniam, quis nostrud exercitation ullamco laboris.Lorem ipsum dolor sit amet, consectetur adipiscing elit. Sed do eiusmod tempor incididunt ut labore et dolore magna aliqua. Ut enim ad minim veniam, quis nostrud exercitation ullamco laboris.Lorem ipsum dolor sit amet, consectetur adipiscing elit. Sed do eiusmod tempor incididunt ut labore et dolore magna aliqua. Ut enim ad minim veniam, quis nostrud exercitation ullamco laboris.",published,2025-12-14T14:54:09.863925,author_019,author_019@example.com,author,Marketing|Education|Travel,gcp|css|vue,image_0043.webp,/uploads/image_0043.webp,image/webp,User 039,user039@example.com,Thanks for sharing this.
p_0168,Best Practices for Sql,sql-0168,"Lorem ipsum dolor sit amet, consectetur adipiscing elit. Sed do eiusmod tempor incididunt ut labore et dolore magna aliqua. Ut enim ad minim veniam, quis nostrud exercitation ullamco laboris.Lorem ipsum dolor sit amet, consectetur adipiscing elit. Sed do eiusmod tempor incididunt ut labore et dolore magna aliqua. Ut enim ad minim veniam, quis nostrud exercitation ullamco laboris.",published,2025-12-29T14:54:09.863953,author_010,author_010@example.com,contributor,Marketing|Design,nosql|tdd,image_0003.gif,/uploads/image_0003.gif,image/gif,User 052,user052@example.com,Could you elaborate on the second part?
p_0168,Best Practices for Sql,sql-0168,"Lorem ipsum dolor sit amet, consectetur adipiscing elit. Sed do eiusmod tempor incididunt ut labore et dolore magna aliqua. Ut enim ad minim veniam, quis nostrud exercitation ullamco laboris.Lorem ipsum dolor sit amet, consectetur adipiscing elit. Sed do eiusmod tempor incididunt ut labore et dolore magna aliqua. Ut enim ad minim veniam, quis nostrud exercitation ullamco laboris.",published,2025-12-29T14:54:09.863953,author_010,author_010@example.com,contributor,Marketing|Design,nosql|tdd,image_0003.gif,/uploads/image_0003.gif,image/gif,User 088,user088@example.com,I disagree with point 3 -- here's why...
p_0168,Best Practices for Sql,sql-0168,"Lorem ipsum dolor sit amet, consectetur adipiscing elit. Sed do eiusmod tempor incididunt ut labore et dolore magna aliqua. Ut enim ad minim veniam, quis nostrud exercitation ullamco laboris.Lorem ipsum dolor sit amet, consectetur adipiscing elit. Sed do eiusmod tempor incididunt ut labore et dolore magna aliqua. Ut enim ad minim veniam, quis nostrud exercitation ullamco laboris.",published,2025-12-29T14:54:09.863953,author_010,author_010@example.com,contributor,Marketing|Design,nosql|tdd,image_0003.gif,/uploads/image_0003.gif,image/gif,User 093,user093@example.com,Great post! Really helpful.
p_0168,Best Practices for Sql,sql-0168,"Lorem ipsum dolor sit amet, consectetur adipiscing elit. Sed do eiusmod tempor incididunt ut labore et dolore magna aliqua. Ut enim ad minim veniam, quis nostrud exercitation ullamco laboris.Lorem ipsum dolor sit amet, consectetur adipiscing elit. Sed do eiusmod tempor incididunt ut labore et dolore magna aliqua. Ut enim ad minim veniam, quis nostrud exercitation ullamco laboris.",published,2025-12-29T14:54:09.863953,author_010,author_010@example.com,contributor,Marketing|Design,nosql|tdd,image_0003.gif,/uploads/image_0003.gif,image/gif,User 084,user084@example.com,Just tried this approach -- it works.
p_0168,Best Practices for Sql,sql-0168,"Lorem ipsum dolor sit amet, consectetur adipiscing elit. Sed do eiusmod tempor incididunt ut labore et dolore magna aliqua. Ut enim ad minim veniam, quis nostrud exercitation ullamco laboris.Lorem ipsum dolor sit amet, consectetur adipiscing elit. Sed do eiusmod tempor incididunt ut labore et dolore magna aliqua. Ut enim ad minim veniam, quis nostrud exercitation ullamco laboris.",published,2025-12-29T14:54:09.863953,author_010,author_010@example.com,contributor,Marketing|Design,nosql|tdd,image_0003.gif,/uploads/image_0003.gif,image/gif,User 038,user038@example.com,This is exactly what I was looking for.
p_0168,Best Practices for Sql,sql-0168,"Lorem ipsum dolor sit amet, consectetur adipiscing elit. Sed do eiusmod tempor incididunt ut labore et dolore magna aliqua. Ut enim ad minim veniam, quis nostrud exercitation ullamco laboris.Lorem ipsum dolor sit amet, consectetur adipiscing elit. Sed do eiusmod tempor incididunt ut labore et dolore magna aliqua. Ut enim ad minim veniam, quis nostrud exercitation ullamco laboris.",published,2025-12-29T14:54:09.863953,author_010,author_010@example.com,contributor,Marketing|Design,nosql|tdd,image_0003.gif,/uploads/image_0003.gif,image/gif,User 054,user054@example.com,Bookmarked for later reference.
p_0168,Best Practices for Sql,sql-0168,"Lorem ipsum dolor sit amet, consectetur adipiscing elit. Sed do eiusmod tempor incididunt ut labore et dolore magna aliqua. Ut enim ad minim veniam, quis nostrud exercitation ullamco laboris.Lorem ipsum dolor sit amet, consectetur adipiscing elit. Sed do eiusmod tempor incididunt ut labore et dolore magna aliqua. Ut enim ad minim veniam, quis nostrud exercitation ullamco laboris.",published,2025-12-29T14:54:09.863953,author_010,author_010@example.com,contributor,Marketing|Design,nosql|tdd,image_0003.gif,/uploads/image_0003.gif,image/gif,User 050,user050@example.com,Great post! Really helpful.
p_0169,Postgresql for Beginners,postgresql-0169,"Lorem ipsum dolor sit amet, consectetur adipiscing elit. Sed do eiusmod tempor incididunt ut labore et dolore magna aliqua. Ut enim ad minim veniam, quis nostrud exercitation ullamco laboris.",published,2025-11-25T14:54:09.863978,author_006,author_006@example.com,author,Travel|Health|Business,graphql|react|rest-api,image_0035.png,/uploads/image_0035.png,image/png,User 038,user038@example.com,Thanks for sharing this.
p_0169,Postgresql for Beginners,postgresql-0169,"Lorem ipsum dolor sit amet, consectetur adipiscing elit. Sed do eiusmod tempor incididunt ut labore et dolore magna aliqua. Ut enim ad minim veniam, quis nostrud exercitation ullamco laboris.",published,2025-11-25T14:54:09.863978,author_006,author_006@example.com,author,Travel|Health|Business,graphql|react|rest-api,image_0035.png,/uploads/image_0035.png,image/png,User 061,user061@example.com,I disagree with point 3 -- here's why...
p_0169,Postgresql for Beginners,postgresql-0169,"Lorem ipsum dolor sit amet, consectetur adipiscing elit. Sed do eiusmod tempor incididunt ut labore et dolore magna aliqua. Ut enim ad minim veniam, quis nostrud exercitation ullamco laboris.",published,2025-11-25T14:54:09.863978,author_006,author_006@example.com,author,Travel|Health|Business,graphql|react|rest-api,image_0035.png,/uploads/image_0035.png,image/png,User 095,user095@example.com,This is exactly what I was looking for.
p_0169,Postgresql for Beginners,postgresql-0169,"Lorem ipsum dolor sit amet, consectetur adipiscing elit. Sed do eiusmod tempor incididunt ut labore et dolore magna aliqua. Ut enim ad minim veniam, quis nostrud exercitation ullamco laboris.",published,2025-11-25T14:54:09.863978,author_006,author_006@example.com,author,Travel|Health|Business,graphql|react|rest-api,image_0035.png,/uploads/image_0035.png,image/png,User 093,user093@example.com,Nice writeup. Subscribed.
p_0170,Why Tdd Matters in 2024,tdd-0170,"Lorem ipsum dolor sit amet, consectetur adipiscing elit. Sed do eiusmod tempor incididunt ut labore et dolore magna aliqua. Ut enim ad minim veniam, quis nostrud exercitation ullamco laboris.Lorem ipsum dolor sit amet, consectetur adipiscing elit. Sed do eiusmod tempor incididunt ut labore et dolore magna aliqua. Ut enim ad minim veniam, quis nostrud exercitation ullamco laboris.",published,2025-06-18T14:54:09.863998,author_010,author_010@example.com,contributor,Marketing,agile|microservices|docker|kubernetes,image_0018.jpg,/uploads/image_0018.jpg,image/jpeg,User 016,user016@example.com,Just tried this approach -- it works.
p_0170,Why Tdd Matters in 2024,tdd-0170,"Lorem ipsum dolor sit amet, consectetur adipiscing elit. Sed do eiusmod tempor incididunt ut labore et dolore magna aliqua. Ut enim ad minim veniam, quis nostrud exercitation ullamco laboris.Lorem ipsum dolor sit amet, consectetur adipiscing elit. Sed do eiusmod tempor incididunt ut labore et dolore magna aliqua. Ut enim ad minim veniam, quis nostrud exercitation ullamco laboris.",published,2025-06-18T14:54:09.863998,author_010,author_010@example.com,contributor,Marketing,agile|microservices|docker|kubernetes,image_0018.jpg,/uploads/image_0018.jpg,image/jpeg,User 007,user007@example.com,I had a similar experience recently.
p_0170,Why Tdd Matters in 2024,tdd-0170,"Lorem ipsum dolor sit amet, consectetur adipiscing elit. Sed do eiusmod tempor incididunt ut labore et dolore magna aliqua. Ut enim ad minim veniam, quis nostrud exercitation ullamco laboris.Lorem ipsum dolor sit amet, consectetur adipiscing elit. Sed do eiusmod tempor incididunt ut labore et dolore magna aliqua. Ut enim ad minim veniam, quis nostrud exercitation ullamco laboris.",published,2025-06-18T14:54:09.863998,author_010,author_010@example.com,contributor,Marketing,agile|microservices|docker|kubernetes,image_0018.jpg,/uploads/image_0018.jpg,image/jpeg,User 075,user075@example.com,I had a similar experience recently.
p_0170,Why Tdd Matters in 2024,tdd-0170,"Lorem ipsum dolor sit amet, consectetur adipiscing elit. Sed do eiusmod tempor incididunt ut labore et dolore magna aliqua. Ut enim ad minim veniam, quis nostrud exercitation ullamco laboris.Lorem ipsum dolor sit amet, consectetur adipiscing elit. Sed do eiusmod tempor incididunt ut labore et dolore magna aliqua. Ut enim ad minim veniam, quis nostrud exercitation ullamco laboris.",published,2025-06-18T14:54:09.863998,author_010,author_010@example.com,contributor,Marketing,agile|microservices|docker|kubernetes,image_0018.jpg,/uploads/image_0018.jpg,image/jpeg,User 010,user010@example.com,Just tried this approach -- it works.
p_0170,Why Tdd Matters in 2024,tdd-0170,"Lorem ipsum dolor sit amet, consectetur adipiscing elit. Sed do eiusmod tempor incididunt ut labore et dolore magna aliqua. Ut enim ad minim veniam, quis nostrud exercitation ullamco laboris.Lorem ipsum dolor sit amet, consectetur adipiscing elit. Sed do eiusmod tempor incididunt ut labore et dolore magna aliqua. Ut enim ad minim veniam, quis nostrud exercitation ullamco laboris.",published,2025-06-18T14:54:09.863998,author_010,author_010@example.com,contributor,Marketing,agile|microservices|docker|kubernetes,image_0018.jpg,/uploads/image_0018.jpg,image/jpeg,User 025,user025@example.com,Nice writeup. Subscribed.
p_0170,Why Tdd Matters in 2024,tdd-0170,"Lorem ipsum dolor sit amet, consectetur adipiscing elit. Sed do eiusmod tempor incididunt ut labore et dolore magna aliqua. Ut enim ad minim veniam, quis nostrud exercitation ullamco laboris.Lorem ipsum dolor sit amet, consectetur adipiscing elit. Sed do eiusmod tempor incididunt ut labore et dolore magna aliqua. Ut enim ad minim veniam, quis nostrud exercitation ullamco laboris.",published,2025-06-18T14:54:09.863998,author_010,author_010@example.com,contributor,Marketing,agile|microservices|docker|kubernetes,image_0018.jpg,/uploads/image_0018.jpg,image/jpeg,User 016,user016@example.com,Bookmarked for later reference.
p_0171,10 Tips for Mastering Nosql,nosql-0171,"Lorem ipsum dolor sit amet, consectetur adipiscing elit. Sed do eiusmod tempor incididunt ut labore et dolore magna aliqua. Ut enim ad minim veniam, quis nostrud exercitation ullamco laboris.",draft,,author_013,author_013@example.com,author,Design,azure|postgresql|microservices,,,,User 019,user019@example.com,Could you elaborate on the second part?
p_0171,10 Tips for Mastering Nosql,nosql-0171,"Lorem ipsum dolor sit amet, consectetur adipiscing elit. Sed do eiusmod tempor incididunt ut labore et dolore magna aliqua. Ut enim ad minim veniam, quis nostrud exercitation ullamco laboris.",draft,,author_013,author_013@example.com,author,Design,azure|postgresql|microservices,,,,User 092,user092@example.com,I disagree with point 3 -- here's why...
p_0171,10 Tips for Mastering Nosql,nosql-0171,"Lorem ipsum dolor sit amet, consectetur adipiscing elit. Sed do eiusmod tempor incididunt ut labore et dolore magna aliqua. Ut enim ad minim veniam, quis nostrud exercitation ullamco laboris.",draft,,author_013,author_013@example.com,author,Design,azure|postgresql|microservices,,,,User 100,user100@example.com,Thanks for sharing this.
p_0171,10 Tips for Mastering Nosql,nosql-0171,"Lorem ipsum dolor sit amet, consectetur adipiscing elit. Sed do eiusmod tempor incididunt ut labore et dolore magna aliqua. Ut enim ad minim veniam, quis nostrud exercitation ullamco laboris.",draft,,author_013,author_013@example.com,author,Design,azure|postgresql|microservices,,,,User 063,user063@example.com,Could you elaborate on the second part?
p_0171,10 Tips for Mastering Nosql,nosql-0171,"Lorem ipsum dolor sit amet, consectetur adipiscing elit. Sed do eiusmod tempor incididunt ut labore et dolore magna aliqua. Ut enim ad minim veniam, quis nostrud exercitation ullamco laboris.",draft,,author_013,author_013@example.com,author,Design,azure|postgresql|microservices,,,,User 081,user081@example.com,I disagree with point 3 -- here's why...
p_0171,10 Tips for Mastering Nosql,nosql-0171,"Lorem ipsum dolor sit amet, consectetur adipiscing elit. Sed do eiusmod tempor incididunt ut labore et dolore magna aliqua. Ut enim ad minim veniam, quis nostrud exercitation ullamco laboris.",draft,,author_013,author_013@example.com,author,Design,azure|postgresql|microservices,,,,User 041,user041@example.com,Great post! Really helpful.
p_0172,Building Production-Ready Python Apps,python-0172,"Lorem ipsum dolor sit amet, consectetur adipiscing elit. Sed do eiusmod tempor incididunt ut labore et dolore magna aliqua. Ut enim ad minim veniam, quis nostrud exercitation ullamco laboris.",draft,,author_008,author_008@example.com,contributor,Web Development|Health|Programming,redis|azure,image_0025.gif,/uploads/image_0025.gif,image/gif,User 062,user062@example.com,Bookmarked for later reference.
p_0172,Building Production-Ready Python Apps,python-0172,"Lorem ipsum dolor sit amet, consectetur adipiscing elit. Sed do eiusmod tempor incididunt ut labore et dolore magna aliqua. Ut enim ad minim veniam, quis nostrud exercitation ullamco laboris.",draft,,author_008,author_008@example.com,contributor,Web Development|Health|Programming,redis|azure,image_0025.gif,/uploads/image_0025.gif,image/gif,User 001,user001@example.com,Great post! Really helpful.
p_0172,Building Production-Ready Python Apps,python-0172,"Lorem ipsum dolor sit amet, consectetur adipiscing elit. Sed do eiusmod tempor incididunt ut labore et dolore magna aliqua. Ut enim ad minim veniam, quis nostrud exercitation ullamco laboris.",draft,,author_008,author_008@example.com,contributor,Web Development|Health|Programming,redis|azure,image_0025.gif,/uploads/image_0025.gif,image/gif,User 069,user069@example.com,"Very insightful, looking forward to more."
p_0172,Building Production-Ready Python Apps,python-0172,"Lorem ipsum dolor sit amet, consectetur adipiscing elit. Sed do eiusmod tempor incididunt ut labore et dolore magna aliqua. Ut enim ad minim veniam, quis nostrud exercitation ullamco laboris.",draft,,author_008,author_008@example.com,contributor,Web Development|Health|Programming,redis|azure,image_0025.gif,/uploads/image_0025.gif,image/gif,User 094,user094@example.com,Could you elaborate on the second part?
p_0172,Building Production-Ready Python Apps,python-0172,"Lorem ipsum dolor sit amet, consectetur adipiscing elit. Sed do eiusmod tempor incididunt ut labore et dolore magna aliqua. Ut enim ad minim veniam, quis nostrud exercitation ullamco laboris.",draft,,author_008,author_008@example.com,contributor,Web Development|Health|Programming,redis|azure,image_0025.gif,/uploads/image_0025.gif,image/gif,User 002,user002@example.com,Could you elaborate on the second part?
p_0172,Building Production-Ready Python Apps,python-0172,"Lorem ipsum dolor sit amet, consectetur adipiscing elit. Sed do eiusmod tempor incididunt ut labore et dolore magna aliqua. Ut enim ad minim veniam, quis nostrud exercitation ullamco laboris.",draft,,author_008,author_008@example.com,contributor,Web Development|Health|Programming,redis|azure,image_0025.gif,/uploads/image_0025.gif,image/gif,User 097,user097@example.com,Nice writeup. Subscribed.
p_0173,Getting Started with Vue,vue-0173,"Lorem ipsum dolor sit amet, consectetur adipiscing elit. Sed do eiusmod tempor incididunt ut labore et dolore magna aliqua. Ut enim ad minim veniam, quis nostrud exercitation ullamco laboris.",published,2025-07-03T14:54:09.864071,author_000,author_000@example.com,contributor,Business|Marketing|Web Development,aws,image_0019.webp,/uploads/image_0019.webp,image/webp,User 009,user009@example.com,Great post! Really helpful.
p_0173,Getting Started with Vue,vue-0173,"Lorem ipsum dolor sit amet, consectetur adipiscing elit. Sed do eiusmod tempor incididunt ut labore et dolore magna aliqua. Ut enim ad minim veniam, quis nostrud exercitation ullamco laboris.",published,2025-07-03T14:54:09.864071,author_000,author_000@example.com,contributor,Business|Marketing|Web Development,aws,image_0019.webp,/uploads/image_0019.webp,image/webp,User 039,user039@example.com,This is exactly what I was looking for.
p_0173,Getting Started with Vue,vue-0173,"Lorem ipsum dolor sit amet, consectetur adipiscing elit. Sed do eiusmod tempor incididunt ut labore et dolore magna aliqua. Ut enim ad minim veniam, quis nostrud exercitation ullamco laboris.",published,2025-07-03T14:54:09.864071,author_000,author_000@example.com,contributor,Business|Marketing|Web Development,aws,image_0019.webp,/uploads/image_0019.webp,image/webp,User 059,user059@example.com,Nice writeup. Subscribed.
p_0173,Getting Started with Vue,vue-0173,"Lorem ipsum dolor sit amet, consectetur adipiscing elit. Sed do eiusmod tempor incididunt ut labore et dolore magna aliqua. Ut enim ad minim veniam, quis nostrud exercitation ullamco laboris.",published,2025-07-03T14:54:09.864071,author_000,author_000@example.com,contributor,Business|Marketing|Web Development,aws,image_0019.webp,/uploads/image_0019.webp,image/webp,User 077,user077@example.com,Nice writeup. Subscribed.
p_0174,Docker vs Alternatives,docker-0174,"Lorem ipsum dolor sit amet, consectetur adipiscing elit. Sed do eiusmod tempor incididunt ut labore et dolore magna aliqua. Ut enim ad minim veniam, quis nostrud exercitation ullamco laboris.Lorem ipsum dolor sit amet, consectetur adipiscing elit. Sed do eiusmod tempor incididunt ut labore et dolore magna aliqua. Ut enim ad minim veniam, quis nostrud exercitation ullamco laboris.",draft,,author_004,author_004@example.com,editor,Design|Web Development,python|nodejs|testing|flask,image_0001.jpg,/uploads/image_0001.jpg,image/jpeg,User 065,user065@example.com,I disagree with point 3 -- here's why...
p_0174,Docker vs Alternatives,docker-0174,"Lorem ipsum dolor sit amet, consectetur adipiscing elit. Sed do eiusmod tempor incididunt ut labore et dolore magna aliqua. Ut enim ad minim veniam, quis nostrud exercitation ullamco laboris.Lorem ipsum dolor sit amet, consectetur adipiscing elit. Sed do eiusmod tempor incididunt ut labore et dolore magna aliqua. Ut enim ad minim veniam, quis nostrud exercitation ullamco laboris.",draft,,author_004,author_004@example.com,editor,Design|Web Development,python|nodejs|testing|flask,image_0001.jpg,/uploads/image_0001.jpg,image/jpeg,User 016,user016@example.com,Could you elaborate on the second part?
p_0174,Docker vs Alternatives,docker-0174,"Lorem ipsum dolor sit amet, consectetur adipiscing elit. Sed do eiusmod tempor incididunt ut labore et dolore magna aliqua. Ut enim ad minim veniam, quis nostrud exercitation ullamco laboris.Lorem ipsum dolor sit amet, consectetur adipiscing elit. Sed do eiusmod tempor incididunt ut labore et dolore magna aliqua. Ut enim ad minim veniam, quis nostrud exercitation ullamco laboris.",draft,,author_004,author_004@example.com,editor,Design|Web Development,python|nodejs|testing|flask,image_0001.jpg,/uploads/image_0001.jpg,image/jpeg,User 092,user092@example.com,Great post! Really helpful.
p_0174,Docker vs Alternatives,docker-0174,"Lorem ipsum dolor sit amet, consectetur adipiscing elit. Sed do eiusmod tempor incididunt ut labore et dolore magna aliqua. Ut enim ad minim veniam, quis nostrud exercitation ullamco laboris.Lorem ipsum dolor sit amet, consectetur adipiscing elit. Sed do eiusmod tempor incididunt ut labore et dolore magna aliqua. Ut enim ad minim veniam, quis nostrud exercitation ullamco laboris.",draft,,author_004,author_004@example.com,editor,Design|Web Development,python|nodejs|testing|flask,image_0001.jpg,/uploads/image_0001.jpg,image/jpeg,User 049,user049@example.com,This is exactly what I was looking for.
p_0174,Docker vs Alternatives,docker-0174,"Lorem ipsum dolor sit amet, consectetur adipiscing elit. Sed do eiusmod tempor incididunt ut labore et dolore magna aliqua. Ut enim ad minim veniam, quis nostrud exercitation ullamco laboris.Lorem ipsum dolor sit amet, consectetur adipiscing elit. Sed do eiusmod tempor incididunt ut labore et dolore magna aliqua. Ut enim ad minim veniam, quis nostrud exercitation ullamco laboris.",draft,,author_004,author_004@example.com,editor,Design|Web Development,python|nodejs|testing|flask,image_0001.jpg,/uploads/image_0001.jpg,image/jpeg,User 099,user099@example.com,Nice writeup. Subscribed.
p_0174,Docker vs Alternatives,docker-0174,"Lorem ipsum dolor sit amet, consectetur adipiscing elit. Sed do eiusmod tempor incididunt ut labore et dolore magna aliqua. Ut enim ad minim veniam, quis nostrud exercitation ullamco laboris.Lorem ipsum dolor sit amet, consectetur adipiscing elit. Sed do eiusmod tempor incididunt ut labore et dolore magna aliqua. Ut enim ad minim veniam, quis nostrud exercitation ullamco laboris.",draft,,author_004,author_004@example.com,editor,Design|Web Development,python|nodejs|testing|flask,image_0001.jpg,/uploads/image_0001.jpg,image/jpeg,User 080,user080@example.com,Great post! Really helpful.
p_0174,Docker vs Alternatives,docker-0174,"Lorem ipsum dolor sit amet, consectetur adipiscing elit. Sed do eiusmod tempor incididunt ut labore et dolore magna aliqua. Ut enim ad minim veniam, quis nostrud exercitation ullamco laboris.Lorem ipsum dolor sit amet, consectetur adipiscing elit. Sed do eiusmod tempor incididunt ut labore et dolore magna aliqua. Ut enim ad minim veniam, quis nostrud exercitation ullamco laboris.",draft,,author_004,author_004@example.com,editor,Design|Web Development,python|nodejs|testing|flask,image_0001.jpg,/uploads/image_0001.jpg,image/jpeg,User 077,user077@example.com,Great post! Really helpful.
p_0175,Best Practices for Github,github-0175,"Lorem ipsum dolor sit amet, consectetur adipiscing elit. Sed do eiusmod tempor incididunt ut labore et dolore magna aliqua. Ut enim ad minim veniam, quis nostrud exercitation ullamco laboris.Lorem ipsum dolor sit amet, consectetur adipiscing elit. Sed do eiusmod tempor incididunt ut labore et dolore magna aliqua. Ut enim ad minim veniam, quis nostrud exercitation ullamco laboris.",published,2026-04-25T14:54:09.864117,author_000,author_000@example.com,contributor,Education|Programming,sql|ci-cd|flask,image_0043.webp,/uploads/image_0043.webp,image/webp,User 039,user039@example.com,Bookmarked for later reference.
p_0175,Best Practices for Github,github-0175,"Lorem ipsum dolor sit amet, consectetur adipiscing elit. Sed do eiusmod tempor incididunt ut labore et dolore magna aliqua. Ut enim ad minim veniam, quis nostrud exercitation ullamco laboris.Lorem ipsum dolor sit amet, consectetur adipiscing elit. Sed do eiusmod tempor incididunt ut labore et dolore magna aliqua. Ut enim ad minim veniam, quis nostrud exercitation ullamco laboris.",published,2026-04-25T14:54:09.864117,author_000,author_000@example.com,contributor,Education|Programming,sql|ci-cd|flask,image_0043.webp,/uploads/image_0043.webp,image/webp,User 085,user085@example.com,Thanks for sharing this.
p_0175,Best Practices for Github,github-0175,"Lorem ipsum dolor sit amet, consectetur adipiscing elit. Sed do eiusmod tempor incididunt ut labore et dolore magna aliqua. Ut enim ad minim veniam, quis nostrud exercitation ullamco laboris.Lorem ipsum dolor sit amet, consectetur adipiscing elit. Sed do eiusmod tempor incididunt ut labore et dolore magna aliqua. Ut enim ad minim veniam, quis nostrud exercitation ullamco laboris.",published,2026-04-25T14:54:09.864117,author_000,author_000@example.com,contributor,Education|Programming,sql|ci-cd|flask,image_0043.webp,/uploads/image_0043.webp,image/webp,User 085,user085@example.com,Nice writeup. Subscribed.
p_0176,Css for Beginners,css-0176,"Lorem ipsum dolor sit amet, consectetur adipiscing elit. Sed do eiusmod tempor incididunt ut labore et dolore magna aliqua. Ut enim ad minim veniam, quis nostrud exercitation ullamco laboris.",published,2025-05-26T14:54:09.864135,author_019,author_019@example.com,author,Photography|Programming|Marketing,agile,image_0012.png,/uploads/image_0012.png,image/png,User 026,user026@example.com,This is exactly what I was looking for.
p_0176,Css for Beginners,css-0176,"Lorem ipsum dolor sit amet, consectetur adipiscing elit. Sed do eiusmod tempor incididunt ut labore et dolore magna aliqua. Ut enim ad minim veniam, quis nostrud exercitation ullamco laboris.",published,2025-05-26T14:54:09.864135,author_019,author_019@example.com,author,Photography|Programming|Marketing,agile,image_0012.png,/uploads/image_0012.png,image/png,User 067,user067@example.com,"Very insightful, looking forward to more."
p_0176,Css for Beginners,css-0176,"Lorem ipsum dolor sit amet, consectetur adipiscing elit. Sed do eiusmod tempor incididunt ut labore et dolore magna aliqua. Ut enim ad minim veniam, quis nostrud exercitation ullamco laboris.",published,2025-05-26T14:54:09.864135,author_019,author_019@example.com,author,Photography|Programming|Marketing,agile,image_0012.png,/uploads/image_0012.png,image/png,User 046,user046@example.com,Bookmarked for later reference.
p_0176,Css for Beginners,css-0176,"Lorem ipsum dolor sit amet, consectetur adipiscing elit. Sed do eiusmod tempor incididunt ut labore et dolore magna aliqua. Ut enim ad minim veniam, quis nostrud exercitation ullamco laboris.",published,2025-05-26T14:54:09.864135,author_019,author_019@example.com,author,Photography|Programming|Marketing,agile,image_0012.png,/uploads/image_0012.png,image/png,User 038,user038@example.com,I disagree with point 3 -- here's why...
p_0176,Css for Beginners,css-0176,"Lorem ipsum dolor sit amet, consectetur adipiscing elit. Sed do eiusmod tempor incididunt ut labore et dolore magna aliqua. Ut enim ad minim veniam, quis nostrud exercitation ullamco laboris.",published,2025-05-26T14:54:09.864135,author_019,author_019@example.com,author,Photography|Programming|Marketing,agile,image_0012.png,/uploads/image_0012.png,image/png,User 006,user006@example.com,Nice writeup. Subscribed.
p_0176,Css for Beginners,css-0176,"Lorem ipsum dolor sit amet, consectetur adipiscing elit. Sed do eiusmod tempor incididunt ut labore et dolore magna aliqua. Ut enim ad minim veniam, quis nostrud exercitation ullamco laboris.",published,2025-05-26T14:54:09.864135,author_019,author_019@example.com,author,Photography|Programming|Marketing,agile,image_0012.png,/uploads/image_0012.png,image/png,User 064,user064@example.com,"Very insightful, looking forward to more."
p_0176,Css for Beginners,css-0176,"Lorem ipsum dolor sit amet, consectetur adipiscing elit. Sed do eiusmod tempor incididunt ut labore et dolore magna aliqua. Ut enim ad minim veniam, quis nostrud exercitation ullamco laboris.",published,2025-05-26T14:54:09.864135,author_019,author_019@example.com,author,Photography|Programming|Marketing,agile,image_0012.png,/uploads/image_0012.png,image/png,User 089,user089@example.com,Just tried this approach -- it works.
p_0177,Deep Dive into Docker,docker-0177,"Lorem ipsum dolor sit amet, consectetur adipiscing elit. Sed do eiusmod tempor incididunt ut labore et dolore magna aliqua. Ut enim ad minim veniam, quis nostrud exercitation ullamco laboris.",published,2026-05-13T14:54:09.864158,author_000,author_000@example.com,contributor,Health|Web Development|Programming,testing,,,,User 083,user083@example.com,"Very insightful, looking forward to more."
p_0177,Deep Dive into Docker,docker-0177,"Lorem ipsum dolor sit amet, consectetur adipiscing elit. Sed do eiusmod tempor incididunt ut labore et dolore magna aliqua. Ut enim ad minim veniam, quis nostrud exercitation ullamco laboris.",published,2026-05-13T14:54:09.864158,author_000,author_000@example.com,contributor,Health|Web Development|Programming,testing,,,,User 059,user059@example.com,This is exactly what I was looking for.
p_0177,Deep Dive into Docker,docker-0177,"Lorem ipsum dolor sit amet, consectetur adipiscing elit. Sed do eiusmod tempor incididunt ut labore et dolore magna aliqua. Ut enim ad minim veniam, quis nostrud exercitation ullamco laboris.",published,2026-05-13T14:54:09.864158,author_000,author_000@example.com,contributor,Health|Web Development|Programming,testing,,,,User 034,user034@example.com,Just tried this approach -- it works.
p_0177,Deep Dive into Docker,docker-0177,"Lorem ipsum dolor sit amet, consectetur adipiscing elit. Sed do eiusmod tempor incididunt ut labore et dolore magna aliqua. Ut enim ad minim veniam, quis nostrud exercitation ullamco laboris.",published,2026-05-13T14:54:09.864158,author_000,author_000@example.com,contributor,Health|Web Development|Programming,testing,,,,User 007,user007@example.com,Thanks for sharing this.
p_0177,Deep Dive into Docker,docker-0177,"Lorem ipsum dolor sit amet, consectetur adipiscing elit. Sed do eiusmod tempor incididunt ut labore et dolore magna aliqua. Ut enim ad minim veniam, quis nostrud exercitation ullamco laboris.",published,2026-05-13T14:54:09.864158,author_000,author_000@example.com,contributor,Health|Web Development|Programming,testing,,,,User 023,user023@example.com,Great post! Really helpful.
p_0178,10 Tips for Mastering Graphql,graphql-0178,"Lorem ipsum dolor sit amet, consectetur adipiscing elit. Sed do eiusmod tempor incididunt ut labore et dolore magna aliqua. Ut enim ad minim veniam, quis nostrud exercitation ullamco laboris.Lorem ipsum dolor sit amet, consectetur adipiscing elit. Sed do eiusmod tempor incididunt ut labore et dolore magna aliqua. Ut enim ad minim veniam, quis nostrud exercitation ullamco laboris.Lorem ipsum dolor sit amet, consectetur adipiscing elit. Sed do eiusmod tempor incididunt ut labore et dolore magna aliqua. Ut enim ad minim veniam, quis nostrud exercitation ullamco laboris.",published,2025-06-07T14:54:09.864182,author_011,author_011@example.com,contributor,Programming,python,,,,User 043,user043@example.com,Could you elaborate on the second part?
p_0178,10 Tips for Mastering Graphql,graphql-0178,"Lorem ipsum dolor sit amet, consectetur adipiscing elit. Sed do eiusmod tempor incididunt ut labore et dolore magna aliqua. Ut enim ad minim veniam, quis nostrud exercitation ullamco laboris.Lorem ipsum dolor sit amet, consectetur adipiscing elit. Sed do eiusmod tempor incididunt ut labore et dolore magna aliqua. Ut enim ad minim veniam, quis nostrud exercitation ullamco laboris.Lorem ipsum dolor sit amet, consectetur adipiscing elit. Sed do eiusmod tempor incididunt ut labore et dolore magna aliqua. Ut enim ad minim veniam, quis nostrud exercitation ullamco laboris.",published,2025-06-07T14:54:09.864182,author_011,author_011@example.com,contributor,Programming,python,,,,User 057,user057@example.com,I had a similar experience recently.
p_0178,10 Tips for Mastering Graphql,graphql-0178,"Lorem ipsum dolor sit amet, consectetur adipiscing elit. Sed do eiusmod tempor incididunt ut labore et dolore magna aliqua. Ut enim ad minim veniam, quis nostrud exercitation ullamco laboris.Lorem ipsum dolor sit amet, consectetur adipiscing elit. Sed do eiusmod tempor incididunt ut labore et dolore magna aliqua. Ut enim ad minim veniam, quis nostrud exercitation ullamco laboris.Lorem ipsum dolor sit amet, consectetur adipiscing elit. Sed do eiusmod tempor incididunt ut labore et dolore magna aliqua. Ut enim ad minim veniam, quis nostrud exercitation ullamco laboris.",published,2025-06-07T14:54:09.864182,author_011,author_011@example.com,contributor,Programming,python,,,,User 035,user035@example.com,Thanks for sharing this.
p_0178,10 Tips for Mastering Graphql,graphql-0178,"Lorem ipsum dolor sit amet, consectetur adipiscing elit. Sed do eiusmod tempor incididunt ut labore et dolore magna aliqua. Ut enim ad minim veniam, quis nostrud exercitation ullamco laboris.Lorem ipsum dolor sit amet, consectetur adipiscing elit. Sed do eiusmod tempor incididunt ut labore et dolore magna aliqua. Ut enim ad minim veniam, quis nostrud exercitation ullamco laboris.Lorem ipsum dolor sit amet, consectetur adipiscing elit. Sed do eiusmod tempor incididunt ut labore et dolore magna aliqua. Ut enim ad minim veniam, quis nostrud exercitation ullamco laboris.",published,2025-06-07T14:54:09.864182,author_011,author_011@example.com,contributor,Programming,python,,,,User 048,user048@example.com,Could you elaborate on the second part?
p_0179,Best Practices for React,react-0179,"Lorem ipsum dolor sit amet, consectetur adipiscing elit. Sed do eiusmod tempor incididunt ut labore et dolore magna aliqua. Ut enim ad minim veniam, quis nostrud exercitation ullamco laboris.Lorem ipsum dolor sit amet, consectetur adipiscing elit. Sed do eiusmod tempor incididunt ut labore et dolore magna aliqua. Ut enim ad minim veniam, quis nostrud exercitation ullamco laboris.",draft,,author_012,author_012@example.com,contributor,Health|Education,django|flask,image_0003.gif,/uploads/image_0003.gif,image/gif,User 014,user014@example.com,Bookmarked for later reference.
p_0179,Best Practices for React,react-0179,"Lorem ipsum dolor sit amet, consectetur adipiscing elit. Sed do eiusmod tempor incididunt ut labore et dolore magna aliqua. Ut enim ad minim veniam, quis nostrud exercitation ullamco laboris.Lorem ipsum dolor sit amet, consectetur adipiscing elit. Sed do eiusmod tempor incididunt ut labore et dolore magna aliqua. Ut enim ad minim veniam, quis nostrud exercitation ullamco laboris.",draft,,author_012,author_012@example.com,contributor,Health|Education,django|flask,image_0003.gif,/uploads/image_0003.gif,image/gif,User 076,user076@example.com,Just tried this approach -- it works.
p_0179,Best Practices for React,react-0179,"Lorem ipsum dolor sit amet, consectetur adipiscing elit. Sed do eiusmod tempor incididunt ut labore et dolore magna aliqua. Ut enim ad minim veniam, quis nostrud exercitation ullamco laboris.Lorem ipsum dolor sit amet, consectetur adipiscing elit. Sed do eiusmod tempor incididunt ut labore et dolore magna aliqua. Ut enim ad minim veniam, quis nostrud exercitation ullamco laboris.",draft,,author_012,author_012@example.com,contributor,Health|Education,django|flask,image_0003.gif,/uploads/image_0003.gif,image/gif,User 073,user073@example.com,Just tried this approach -- it works.
p_0179,Best Practices for React,react-0179,"Lorem ipsum dolor sit amet, consectetur adipiscing elit. Sed do eiusmod tempor incididunt ut labore et dolore magna aliqua. Ut enim ad minim veniam, quis nostrud exercitation ullamco laboris.Lorem ipsum dolor sit amet, consectetur adipiscing elit. Sed do eiusmod tempor incididunt ut labore et dolore magna aliqua. Ut enim ad minim veniam, quis nostrud exercitation ullamco laboris.",draft,,author_012,author_012@example.com,contributor,Health|Education,django|flask,image_0003.gif,/uploads/image_0003.gif,image/gif,User 024,user024@example.com,I had a similar experience recently.
p_0180,Common Mistakes in Aws,aws-0180,"Lorem ipsum dolor sit amet, consectetur adipiscing elit. Sed do eiusmod tempor incididunt ut labore et dolore magna aliqua. Ut enim ad minim veniam, quis nostrud exercitation ullamco laboris.Lorem ipsum dolor sit amet, consectetur adipiscing elit. Sed do eiusmod tempor incididunt ut labore et dolore magna aliqua. Ut enim ad minim veniam, quis nostrud exercitation ullamco laboris.Lorem ipsum dolor sit amet, consectetur adipiscing elit. Sed do eiusmod tempor incididunt ut labore et dolore magna aliqua. Ut enim ad minim veniam, quis nostrud exercitation ullamco laboris.",draft,,author_019,author_019@example.com,author,Health,django|microservices|azure|gcp,image_0016.jpg,/uploads/image_0016.jpg,image/jpeg,User 002,user002@example.com,Nice writeup. Subscribed.
p_0180,Common Mistakes in Aws,aws-0180,"Lorem ipsum dolor sit amet, consectetur adipiscing elit. Sed do eiusmod tempor incididunt ut labore et dolore magna aliqua. Ut enim ad minim veniam, quis nostrud exercitation ullamco laboris.Lorem ipsum dolor sit amet, consectetur adipiscing elit. Sed do eiusmod tempor incididunt ut labore et dolore magna aliqua. Ut enim ad minim veniam, quis nostrud exercitation ullamco laboris.Lorem ipsum dolor sit amet, consectetur adipiscing elit. Sed do eiusmod tempor incididunt ut labore et dolore magna aliqua. Ut enim ad minim veniam, quis nostrud exercitation ullamco laboris.",draft,,author_019,author_019@example.com,author,Health,django|microservices|azure|gcp,image_0016.jpg,/uploads/image_0016.jpg,image/jpeg,User 099,user099@example.com,I had a similar experience recently.
p_0180,Common Mistakes in Aws,aws-0180,"Lorem ipsum dolor sit amet, consectetur adipiscing elit. Sed do eiusmod tempor incididunt ut labore et dolore magna aliqua. Ut enim ad minim veniam, quis nostrud exercitation ullamco laboris.Lorem ipsum dolor sit amet, consectetur adipiscing elit. Sed do eiusmod tempor incididunt ut labore et dolore magna aliqua. Ut enim ad minim veniam, quis nostrud exercitation ullamco laboris.Lorem ipsum dolor sit amet, consectetur adipiscing elit. Sed do eiusmod tempor incididunt ut labore et dolore magna aliqua. Ut enim ad minim veniam, quis nostrud exercitation ullamco laboris.",draft,,author_019,author_019@example.com,author,Health,django|microservices|azure|gcp,image_0016.jpg,/uploads/image_0016.jpg,image/jpeg,User 093,user093@example.com,I had a similar experience recently.
p_0180,Common Mistakes in Aws,aws-0180,"Lorem ipsum dolor sit amet, consectetur adipiscing elit. Sed do eiusmod tempor incididunt ut labore et dolore magna aliqua. Ut enim ad minim veniam, quis nostrud exercitation ullamco laboris.Lorem ipsum dolor sit amet, consectetur adipiscing elit. Sed do eiusmod tempor incididunt ut labore et dolore magna aliqua. Ut enim ad minim veniam, quis nostrud exercitation ullamco laboris.Lorem ipsum dolor sit amet, consectetur adipiscing elit. Sed do eiusmod tempor incididunt ut labore et dolore magna aliqua. Ut enim ad minim veniam, quis nostrud exercitation ullamco laboris.",draft,,author_019,author_019@example.com,author,Health,django|microservices|azure|gcp,image_0016.jpg,/uploads/image_0016.jpg,image/jpeg,User 029,user029@example.com,Could you elaborate on the second part?
p_0180,Common Mistakes in Aws,aws-0180,"Lorem ipsum dolor sit amet, consectetur adipiscing elit. Sed do eiusmod tempor incididunt ut labore et dolore magna aliqua. Ut enim ad minim veniam, quis nostrud exercitation ullamco laboris.Lorem ipsum dolor sit amet, consectetur adipiscing elit. Sed do eiusmod tempor incididunt ut labore et dolore magna aliqua. Ut enim ad minim veniam, quis nostrud exercitation ullamco laboris.Lorem ipsum dolor sit amet, consectetur adipiscing elit. Sed do eiusmod tempor incididunt ut labore et dolore magna aliqua. Ut enim ad minim veniam, quis nostrud exercitation ullamco laboris.",draft,,author_019,author_019@example.com,author,Health,django|microservices|azure|gcp,image_0016.jpg,/uploads/image_0016.jpg,image/jpeg,User 067,user067@example.com,Nice writeup. Subscribed.
p_0181,Ci Cd for Beginners,ci-cd-0181,"Lorem ipsum dolor sit amet, consectetur adipiscing elit. Sed do eiusmod tempor incididunt ut labore et dolore magna aliqua. Ut enim ad minim veniam, quis nostrud exercitation ullamco laboris.",published,2025-10-10T14:54:09.864238,author_003,author_003@example.com,contributor,Business|Education,rest-api|mongodb,,,,User 007,user007@example.com,Great post! Really helpful.
p_0181,Ci Cd for Beginners,ci-cd-0181,"Lorem ipsum dolor sit amet, consectetur adipiscing elit. Sed do eiusmod tempor incididunt ut labore et dolore magna aliqua. Ut enim ad minim veniam, quis nostrud exercitation ullamco laboris.",published,2025-10-10T14:54:09.864238,author_003,author_003@example.com,contributor,Business|Education,rest-api|mongodb,,,,User 083,user083@example.com,I disagree with point 3 -- here's why...
p_0181,Ci Cd for Beginners,ci-cd-0181,"Lorem ipsum dolor sit amet, consectetur adipiscing elit. Sed do eiusmod tempor incididunt ut labore et dolore magna aliqua. Ut enim ad minim veniam, quis nostrud exercitation ullamco laboris.",published,2025-10-10T14:54:09.864238,author_003,author_003@example.com,contributor,Business|Education,rest-api|mongodb,,,,User 065,user065@example.com,Just tried this approach -- it works.
p_0181,Ci Cd for Beginners,ci-cd-0181,"Lorem ipsum dolor sit amet, consectetur adipiscing elit. Sed do eiusmod tempor incididunt ut labore et dolore magna aliqua. Ut enim ad minim veniam, quis nostrud exercitation ullamco laboris.",published,2025-10-10T14:54:09.864238,author_003,author_003@example.com,contributor,Business|Education,rest-api|mongodb,,,,User 064,user064@example.com,I disagree with point 3 -- here's why...
p_0181,Ci Cd for Beginners,ci-cd-0181,"Lorem ipsum dolor sit amet, consectetur adipiscing elit. Sed do eiusmod tempor incididunt ut labore et dolore magna aliqua. Ut enim ad minim veniam, quis nostrud exercitation ullamco laboris.",published,2025-10-10T14:54:09.864238,author_003,author_003@example.com,contributor,Business|Education,rest-api|mongodb,,,,User 010,user010@example.com,Just tried this approach -- it works.
p_0181,Ci Cd for Beginners,ci-cd-0181,"Lorem ipsum dolor sit amet, consectetur adipiscing elit. Sed do eiusmod tempor incididunt ut labore et dolore magna aliqua. Ut enim ad minim veniam, quis nostrud exercitation ullamco laboris.",published,2025-10-10T14:54:09.864238,author_003,author_003@example.com,contributor,Business|Education,rest-api|mongodb,,,,User 042,user042@example.com,"Very insightful, looking forward to more."
p_0181,Ci Cd for Beginners,ci-cd-0181,"Lorem ipsum dolor sit amet, consectetur adipiscing elit. Sed do eiusmod tempor incididunt ut labore et dolore magna aliqua. Ut enim ad minim veniam, quis nostrud exercitation ullamco laboris.",published,2025-10-10T14:54:09.864238,author_003,author_003@example.com,contributor,Business|Education,rest-api|mongodb,,,,User 043,user043@example.com,This is exactly what I was looking for.
p_0182,The Future of Javascript,javascript-0182,"Lorem ipsum dolor sit amet, consectetur adipiscing elit. Sed do eiusmod tempor incididunt ut labore et dolore magna aliqua. Ut enim ad minim veniam, quis nostrud exercitation ullamco laboris.Lorem ipsum dolor sit amet, consectetur adipiscing elit. Sed do eiusmod tempor incididunt ut labore et dolore magna aliqua. Ut enim ad minim veniam, quis nostrud exercitation ullamco laboris.",published,2025-08-11T14:54:09.864265,author_007,author_007@example.com,author,Programming,gcp|agile|postgresql|fastapi,,,,User 041,user041@example.com,Thanks for sharing this.
p_0182,The Future of Javascript,javascript-0182,"Lorem ipsum dolor sit amet, consectetur adipiscing elit. Sed do eiusmod tempor incididunt ut labore et dolore magna aliqua. Ut enim ad minim veniam, quis nostrud exercitation ullamco laboris.Lorem ipsum dolor sit amet, consectetur adipiscing elit. Sed do eiusmod tempor incididunt ut labore et dolore magna aliqua. Ut enim ad minim veniam, quis nostrud exercitation ullamco laboris.",published,2025-08-11T14:54:09.864265,author_007,author_007@example.com,author,Programming,gcp|agile|postgresql|fastapi,,,,User 064,user064@example.com,Great post! Really helpful.
p_0182,The Future of Javascript,javascript-0182,"Lorem ipsum dolor sit amet, consectetur adipiscing elit. Sed do eiusmod tempor incididunt ut labore et dolore magna aliqua. Ut enim ad minim veniam, quis nostrud exercitation ullamco laboris.Lorem ipsum dolor sit amet, consectetur adipiscing elit. Sed do eiusmod tempor incididunt ut labore et dolore magna aliqua. Ut enim ad minim veniam, quis nostrud exercitation ullamco laboris.",published,2025-08-11T14:54:09.864265,author_007,author_007@example.com,author,Programming,gcp|agile|postgresql|fastapi,,,,User 014,user014@example.com,Bookmarked for later reference.
p_0182,The Future of Javascript,javascript-0182,"Lorem ipsum dolor sit amet, consectetur adipiscing elit. Sed do eiusmod tempor incididunt ut labore et dolore magna aliqua. Ut enim ad minim veniam, quis nostrud exercitation ullamco laboris.Lorem ipsum dolor sit amet, consectetur adipiscing elit. Sed do eiusmod tempor incididunt ut labore et dolore magna aliqua. Ut enim ad minim veniam, quis nostrud exercitation ullamco laboris.",published,2025-08-11T14:54:09.864265,author_007,author_007@example.com,author,Programming,gcp|agile|postgresql|fastapi,,,,User 053,user053@example.com,Great post! Really helpful.
p_0182,The Future of Javascript,javascript-0182,"Lorem ipsum dolor sit amet, consectetur adipiscing elit. Sed do eiusmod tempor incididunt ut labore et dolore magna aliqua. Ut enim ad minim veniam, quis nostrud exercitation ullamco laboris.Lorem ipsum dolor sit amet, consectetur adipiscing elit. Sed do eiusmod tempor incididunt ut labore et dolore magna aliqua. Ut enim ad minim veniam, quis nostrud exercitation ullamco laboris.",published,2025-08-11T14:54:09.864265,author_007,author_007@example.com,author,Programming,gcp|agile|postgresql|fastapi,,,,User 072,user072@example.com,Nice writeup. Subscribed.
p_0182,The Future of Javascript,javascript-0182,"Lorem ipsum dolor sit amet, consectetur adipiscing elit. Sed do eiusmod tempor incididunt ut labore et dolore magna aliqua. Ut enim ad minim veniam, quis nostrud exercitation ullamco laboris.Lorem ipsum dolor sit amet, consectetur adipiscing elit. Sed do eiusmod tempor incididunt ut labore et dolore magna aliqua. Ut enim ad minim veniam, quis nostrud exercitation ullamco laboris.",published,2025-08-11T14:54:09.864265,author_007,author_007@example.com,author,Programming,gcp|agile|postgresql|fastapi,,,,User 001,user001@example.com,Thanks for sharing this.
p_0183,Agile for Beginners,agile-0183,"Lorem ipsum dolor sit amet, consectetur adipiscing elit. Sed do eiusmod tempor incididunt ut labore et dolore magna aliqua. Ut enim ad minim veniam, quis nostrud exercitation ullamco laboris.Lorem ipsum dolor sit amet, consectetur adipiscing elit. Sed do eiusmod tempor incididunt ut labore et dolore magna aliqua. Ut enim ad minim veniam, quis nostrud exercitation ullamco laboris.Lorem ipsum dolor sit amet, consectetur adipiscing elit. Sed do eiusmod tempor incididunt ut labore et dolore magna aliqua. Ut enim ad minim veniam, quis nostrud exercitation ullamco laboris.",published,2025-06-27T14:54:09.864287,author_019,author_019@example.com,author,Design|Health|Business,rest-api|javascript|nodejs,,,,User 072,user072@example.com,I had a similar experience recently.
p_0183,Agile for Beginners,agile-0183,"Lorem ipsum dolor sit amet, consectetur adipiscing elit. Sed do eiusmod tempor incididunt ut labore et dolore magna aliqua. Ut enim ad minim veniam, quis nostrud exercitation ullamco laboris.Lorem ipsum dolor sit amet, consectetur adipiscing elit. Sed do eiusmod tempor incididunt ut labore et dolore magna aliqua. Ut enim ad minim veniam, quis nostrud exercitation ullamco laboris.Lorem ipsum dolor sit amet, consectetur adipiscing elit. Sed do eiusmod tempor incididunt ut labore et dolore magna aliqua. Ut enim ad minim veniam, quis nostrud exercitation ullamco laboris.",published,2025-06-27T14:54:09.864287,author_019,author_019@example.com,author,Design|Health|Business,rest-api|javascript|nodejs,,,,User 077,user077@example.com,Just tried this approach -- it works.
p_0183,Agile for Beginners,agile-0183,"Lorem ipsum dolor sit amet, consectetur adipiscing elit. Sed do eiusmod tempor incididunt ut labore et dolore magna aliqua. Ut enim ad minim veniam, quis nostrud exercitation ullamco laboris.Lorem ipsum dolor sit amet, consectetur adipiscing elit. Sed do eiusmod tempor incididunt ut labore et dolore magna aliqua. Ut enim ad minim veniam, quis nostrud exercitation ullamco laboris.Lorem ipsum dolor sit amet, consectetur adipiscing elit. Sed do eiusmod tempor incididunt ut labore et dolore magna aliqua. Ut enim ad minim veniam, quis nostrud exercitation ullamco laboris.",published,2025-06-27T14:54:09.864287,author_019,author_019@example.com,author,Design|Health|Business,rest-api|javascript|nodejs,,,,User 092,user092@example.com,Could you elaborate on the second part?
p_0183,Agile for Beginners,agile-0183,"Lorem ipsum dolor sit amet, consectetur adipiscing elit. Sed do eiusmod tempor incididunt ut labore et dolore magna aliqua. Ut enim ad minim veniam, quis nostrud exercitation ullamco laboris.Lorem ipsum dolor sit amet, consectetur adipiscing elit. Sed do eiusmod tempor incididunt ut labore et dolore magna aliqua. Ut enim ad minim veniam, quis nostrud exercitation ullamco laboris.Lorem ipsum dolor sit amet, consectetur adipiscing elit. Sed do eiusmod tempor incididunt ut labore et dolore magna aliqua. Ut enim ad minim veniam, quis nostrud exercitation ullamco laboris.",published,2025-06-27T14:54:09.864287,author_019,author_019@example.com,author,Design|Health|Business,rest-api|javascript|nodejs,,,,User 092,user092@example.com,Just tried this approach -- it works.
p_0183,Agile for Beginners,agile-0183,"Lorem ipsum dolor sit amet, consectetur adipiscing elit. Sed do eiusmod tempor incididunt ut labore et dolore magna aliqua. Ut enim ad minim veniam, quis nostrud exercitation ullamco laboris.Lorem ipsum dolor sit amet, consectetur adipiscing elit. Sed do eiusmod tempor incididunt ut labore et dolore magna aliqua. Ut enim ad minim veniam, quis nostrud exercitation ullamco laboris.Lorem ipsum dolor sit amet, consectetur adipiscing elit. Sed do eiusmod tempor incididunt ut labore et dolore magna aliqua. Ut enim ad minim veniam, quis nostrud exercitation ullamco laboris.",published,2025-06-27T14:54:09.864287,author_019,author_019@example.com,author,Design|Health|Business,rest-api|javascript|nodejs,,,,User 015,user015@example.com,Thanks for sharing this.
p_0184,Deep Dive into Tdd,tdd-0184,"Lorem ipsum dolor sit amet, consectetur adipiscing elit. Sed do eiusmod tempor incididunt ut labore et dolore magna aliqua. Ut enim ad minim veniam, quis nostrud exercitation ullamco laboris.Lorem ipsum dolor sit amet, consectetur adipiscing elit. Sed do eiusmod tempor incididunt ut labore et dolore magna aliqua. Ut enim ad minim veniam, quis nostrud exercitation ullamco laboris.Lorem ipsum dolor sit amet, consectetur adipiscing elit. Sed do eiusmod tempor incididunt ut labore et dolore magna aliqua. Ut enim ad minim veniam, quis nostrud exercitation ullamco laboris.",published,2025-11-26T14:54:09.864306,author_000,author_000@example.com,contributor,Travel|Photography,ci-cd|django|javascript,,,,User 018,user018@example.com,Bookmarked for later reference.
p_0184,Deep Dive into Tdd,tdd-0184,"Lorem ipsum dolor sit amet, consectetur adipiscing elit. Sed do eiusmod tempor incididunt ut labore et dolore magna aliqua. Ut enim ad minim veniam, quis nostrud exercitation ullamco laboris.Lorem ipsum dolor sit amet, consectetur adipiscing elit. Sed do eiusmod tempor incididunt ut labore et dolore magna aliqua. Ut enim ad minim veniam, quis nostrud exercitation ullamco laboris.Lorem ipsum dolor sit amet, consectetur adipiscing elit. Sed do eiusmod tempor incididunt ut labore et dolore magna aliqua. Ut enim ad minim veniam, quis nostrud exercitation ullamco laboris.",published,2025-11-26T14:54:09.864306,author_000,author_000@example.com,contributor,Travel|Photography,ci-cd|django|javascript,,,,User 014,user014@example.com,This is exactly what I was looking for.
p_0184,Deep Dive into Tdd,tdd-0184,"Lorem ipsum dolor sit amet, consectetur adipiscing elit. Sed do eiusmod tempor incididunt ut labore et dolore magna aliqua. Ut enim ad minim veniam, quis nostrud exercitation ullamco laboris.Lorem ipsum dolor sit amet, consectetur adipiscing elit. Sed do eiusmod tempor incididunt ut labore et dolore magna aliqua. Ut enim ad minim veniam, quis nostrud exercitation ullamco laboris.Lorem ipsum dolor sit amet, consectetur adipiscing elit. Sed do eiusmod tempor incididunt ut labore et dolore magna aliqua. Ut enim ad minim veniam, quis nostrud exercitation ullamco laboris.",published,2025-11-26T14:54:09.864306,author_000,author_000@example.com,contributor,Travel|Photography,ci-cd|django|javascript,,,,User 079,user079@example.com,"Very insightful, looking forward to more."
p_0184,Deep Dive into Tdd,tdd-0184,"Lorem ipsum dolor sit amet, consectetur adipiscing elit. Sed do eiusmod tempor incididunt ut labore et dolore magna aliqua. Ut enim ad minim veniam, quis nostrud exercitation ullamco laboris.Lorem ipsum dolor sit amet, consectetur adipiscing elit. Sed do eiusmod tempor incididunt ut labore et dolore magna aliqua. Ut enim ad minim veniam, quis nostrud exercitation ullamco laboris.Lorem ipsum dolor sit amet, consectetur adipiscing elit. Sed do eiusmod tempor incididunt ut labore et dolore magna aliqua. Ut enim ad minim veniam, quis nostrud exercitation ullamco laboris.",published,2025-11-26T14:54:09.864306,author_000,author_000@example.com,contributor,Travel|Photography,ci-cd|django|javascript,,,,User 025,user025@example.com,Thanks for sharing this.
p_0184,Deep Dive into Tdd,tdd-0184,"Lorem ipsum dolor sit amet, consectetur adipiscing elit. Sed do eiusmod tempor incididunt ut labore et dolore magna aliqua. Ut enim ad minim veniam, quis nostrud exercitation ullamco laboris.Lorem ipsum dolor sit amet, consectetur adipiscing elit. Sed do eiusmod tempor incididunt ut labore et dolore magna aliqua. Ut enim ad minim veniam, quis nostrud exercitation ullamco laboris.Lorem ipsum dolor sit amet, consectetur adipiscing elit. Sed do eiusmod tempor incididunt ut labore et dolore magna aliqua. Ut enim ad minim veniam, quis nostrud exercitation ullamco laboris.",published,2025-11-26T14:54:09.864306,author_000,author_000@example.com,contributor,Travel|Photography,ci-cd|django|javascript,,,,User 051,user051@example.com,"Very insightful, looking forward to more."
p_0184,Deep Dive into Tdd,tdd-0184,"Lorem ipsum dolor sit amet, consectetur adipiscing elit. Sed do eiusmod tempor incididunt ut labore et dolore magna aliqua. Ut enim ad minim veniam, quis nostrud exercitation ullamco laboris.Lorem ipsum dolor sit amet, consectetur adipiscing elit. Sed do eiusmod tempor incididunt ut labore et dolore magna aliqua. Ut enim ad minim veniam, quis nostrud exercitation ullamco laboris.Lorem ipsum dolor sit amet, consectetur adipiscing elit. Sed do eiusmod tempor incididunt ut labore et dolore magna aliqua. Ut enim ad minim veniam, quis nostrud exercitation ullamco laboris.",published,2025-11-26T14:54:09.864306,author_000,author_000@example.com,contributor,Travel|Photography,ci-cd|django|javascript,,,,User 059,user059@example.com,"Very insightful, looking forward to more."
p_0185,Common Mistakes in Ci Cd,ci-cd-0185,"Lorem ipsum dolor sit amet, consectetur adipiscing elit. Sed do eiusmod tempor incididunt ut labore et dolore magna aliqua. Ut enim ad minim veniam, quis nostrud exercitation ullamco laboris.Lorem ipsum dolor sit amet, consectetur adipiscing elit. Sed do eiusmod tempor incididunt ut labore et dolore magna aliqua. Ut enim ad minim veniam, quis nostrud exercitation ullamco laboris.Lorem ipsum dolor sit amet, consectetur adipiscing elit. Sed do eiusmod tempor incididunt ut labore et dolore magna aliqua. Ut enim ad minim veniam, quis nostrud exercitation ullamco laboris.",published,2025-10-19T14:54:09.864328,author_003,author_003@example.com,contributor,Photography|Programming|Health,github|postgresql|nosql|flask,,,,User 068,user068@example.com,Great post! Really helpful.
p_0185,Common Mistakes in Ci Cd,ci-cd-0185,"Lorem ipsum dolor sit amet, consectetur adipiscing elit. Sed do eiusmod tempor incididunt ut labore et dolore magna aliqua. Ut enim ad minim veniam, quis nostrud exercitation ullamco laboris.Lorem ipsum dolor sit amet, consectetur adipiscing elit. Sed do eiusmod tempor incididunt ut labore et dolore magna aliqua. Ut enim ad minim veniam, quis nostrud exercitation ullamco laboris.Lorem ipsum dolor sit amet, consectetur adipiscing elit. Sed do eiusmod tempor incididunt ut labore et dolore magna aliqua. Ut enim ad minim veniam, quis nostrud exercitation ullamco laboris.",published,2025-10-19T14:54:09.864328,author_003,author_003@example.com,contributor,Photography|Programming|Health,github|postgresql|nosql|flask,,,,User 071,user071@example.com,Bookmarked for later reference.
p_0185,Common Mistakes in Ci Cd,ci-cd-0185,"Lorem ipsum dolor sit amet, consectetur adipiscing elit. Sed do eiusmod tempor incididunt ut labore et dolore magna aliqua. Ut enim ad minim veniam, quis nostrud exercitation ullamco laboris.Lorem ipsum dolor sit amet, consectetur adipiscing elit. Sed do eiusmod tempor incididunt ut labore et dolore magna aliqua. Ut enim ad minim veniam, quis nostrud exercitation ullamco laboris.Lorem ipsum dolor sit amet, consectetur adipiscing elit. Sed do eiusmod tempor incididunt ut labore et dolore magna aliqua. Ut enim ad minim veniam, quis nostrud exercitation ullamco laboris.",published,2025-10-19T14:54:09.864328,author_003,author_003@example.com,contributor,Photography|Programming|Health,github|postgresql|nosql|flask,,,,User 075,user075@example.com,Just tried this approach -- it works.
p_0186,The Future of Devops,devops-0186,"Lorem ipsum dolor sit amet, consectetur adipiscing elit. Sed do eiusmod tempor incididunt ut labore et dolore magna aliqua. Ut enim ad minim veniam, quis nostrud exercitation ullamco laboris.Lorem ipsum dolor sit amet, consectetur adipiscing elit. Sed do eiusmod tempor incididunt ut labore et dolore magna aliqua. Ut enim ad minim veniam, quis nostrud exercitation ullamco laboris.Lorem ipsum dolor sit amet, consectetur adipiscing elit. Sed do eiusmod tempor incididunt ut labore et dolore magna aliqua. Ut enim ad minim veniam, quis nostrud exercitation ullamco laboris.",published,2025-05-30T14:54:09.864344,author_005,author_005@example.com,author,Programming,github|redis|microservices|docker,image_0024.jpg,/uploads/image_0024.jpg,image/jpeg,User 078,user078@example.com,"Very insightful, looking forward to more."
p_0186,The Future of Devops,devops-0186,"Lorem ipsum dolor sit amet, consectetur adipiscing elit. Sed do eiusmod tempor incididunt ut labore et dolore magna aliqua. Ut enim ad minim veniam, quis nostrud exercitation ullamco laboris.Lorem ipsum dolor sit amet, consectetur adipiscing elit. Sed do eiusmod tempor incididunt ut labore et dolore magna aliqua. Ut enim ad minim veniam, quis nostrud exercitation ullamco laboris.Lorem ipsum dolor sit amet, consectetur adipiscing elit. Sed do eiusmod tempor incididunt ut labore et dolore magna aliqua. Ut enim ad minim veniam, quis nostrud exercitation ullamco laboris.",published,2025-05-30T14:54:09.864344,author_005,author_005@example.com,author,Programming,github|redis|microservices|docker,image_0024.jpg,/uploads/image_0024.jpg,image/jpeg,User 036,user036@example.com,Bookmarked for later reference.
p_0186,The Future of Devops,devops-0186,"Lorem ipsum dolor sit amet, consectetur adipiscing elit. Sed do eiusmod tempor incididunt ut labore et dolore magna aliqua. Ut enim ad minim veniam, quis nostrud exercitation ullamco laboris.Lorem ipsum dolor sit amet, consectetur adipiscing elit. Sed do eiusmod tempor incididunt ut labore et dolore magna aliqua. Ut enim ad minim veniam, quis nostrud exercitation ullamco laboris.Lorem ipsum dolor sit amet, consectetur adipiscing elit. Sed do eiusmod tempor incididunt ut labore et dolore magna aliqua. Ut enim ad minim veniam, quis nostrud exercitation ullamco laboris.",published,2025-05-30T14:54:09.864344,author_005,author_005@example.com,author,Programming,github|redis|microservices|docker,image_0024.jpg,/uploads/image_0024.jpg,image/jpeg,User 044,user044@example.com,This is exactly what I was looking for.
p_0186,The Future of Devops,devops-0186,"Lorem ipsum dolor sit amet, consectetur adipiscing elit. Sed do eiusmod tempor incididunt ut labore et dolore magna aliqua. Ut enim ad minim veniam, quis nostrud exercitation ullamco laboris.Lorem ipsum dolor sit amet, consectetur adipiscing elit. Sed do eiusmod tempor incididunt ut labore et dolore magna aliqua. Ut enim ad minim veniam, quis nostrud exercitation ullamco laboris.Lorem ipsum dolor sit amet, consectetur adipiscing elit. Sed do eiusmod tempor incididunt ut labore et dolore magna aliqua. Ut enim ad minim veniam, quis nostrud exercitation ullamco laboris.",published,2025-05-30T14:54:09.864344,author_005,author_005@example.com,author,Programming,github|redis|microservices|docker,image_0024.jpg,/uploads/image_0024.jpg,image/jpeg,User 058,user058@example.com,I disagree with point 3 -- here's why...
p_0186,The Future of Devops,devops-0186,"Lorem ipsum dolor sit amet, consectetur adipiscing elit. Sed do eiusmod tempor incididunt ut labore et dolore magna aliqua. Ut enim ad minim veniam, quis nostrud exercitation ullamco laboris.Lorem ipsum dolor sit amet, consectetur adipiscing elit. Sed do eiusmod tempor incididunt ut labore et dolore magna aliqua. Ut enim ad minim veniam, quis nostrud exercitation ullamco laboris.Lorem ipsum dolor sit amet, consectetur adipiscing elit. Sed do eiusmod tempor incididunt ut labore et dolore magna aliqua. Ut enim ad minim veniam, quis nostrud exercitation ullamco laboris.",published,2025-05-30T14:54:09.864344,author_005,author_005@example.com,author,Programming,github|redis|microservices|docker,image_0024.jpg,/uploads/image_0024.jpg,image/jpeg,User 018,user018@example.com,Bookmarked for later reference.
p_0186,The Future of Devops,devops-0186,"Lorem ipsum dolor sit amet, consectetur adipiscing elit. Sed do eiusmod tempor incididunt ut labore et dolore magna aliqua. Ut enim ad minim veniam, quis nostrud exercitation ullamco laboris.Lorem ipsum dolor sit amet, consectetur adipiscing elit. Sed do eiusmod tempor incididunt ut labore et dolore magna aliqua. Ut enim ad minim veniam, quis nostrud exercitation ullamco laboris.Lorem ipsum dolor sit amet, consectetur adipiscing elit. Sed do eiusmod tempor incididunt ut labore et dolore magna aliqua. Ut enim ad minim veniam, quis nostrud exercitation ullamco laboris.",published,2025-05-30T14:54:09.864344,author_005,author_005@example.com,author,Programming,github|redis|microservices|docker,image_0024.jpg,/uploads/image_0024.jpg,image/jpeg,User 078,user078@example.com,Nice writeup. Subscribed.
p_0187,The Future of Html,html-0187,"Lorem ipsum dolor sit amet, consectetur adipiscing elit. Sed do eiusmod tempor incididunt ut labore et dolore magna aliqua. Ut enim ad minim veniam, quis nostrud exercitation ullamco laboris.Lorem ipsum dolor sit amet, consectetur adipiscing elit. Sed do eiusmod tempor incididunt ut labore et dolore magna aliqua. Ut enim ad minim veniam, quis nostrud exercitation ullamco laboris.Lorem ipsum dolor sit amet, consectetur adipiscing elit. Sed do eiusmod tempor incididunt ut labore et dolore magna aliqua. Ut enim ad minim veniam, quis nostrud exercitation ullamco laboris.",published,2025-05-20T14:54:09.864366,author_010,author_010@example.com,contributor,Design|Photography|Travel,github|kubernetes|devops,image_0045.webp,/uploads/image_0045.webp,image/webp,User 065,user065@example.com,Nice writeup. Subscribed.
p_0187,The Future of Html,html-0187,"Lorem ipsum dolor sit amet, consectetur adipiscing elit. Sed do eiusmod tempor incididunt ut labore et dolore magna aliqua. Ut enim ad minim veniam, quis nostrud exercitation ullamco laboris.Lorem ipsum dolor sit amet, consectetur adipiscing elit. Sed do eiusmod tempor incididunt ut labore et dolore magna aliqua. Ut enim ad minim veniam, quis nostrud exercitation ullamco laboris.Lorem ipsum dolor sit amet, consectetur adipiscing elit. Sed do eiusmod tempor incididunt ut labore et dolore magna aliqua. Ut enim ad minim veniam, quis nostrud exercitation ullamco laboris.",published,2025-05-20T14:54:09.864366,author_010,author_010@example.com,contributor,Design|Photography|Travel,github|kubernetes|devops,image_0045.webp,/uploads/image_0045.webp,image/webp,User 089,user089@example.com,Could you elaborate on the second part?
p_0187,The Future of Html,html-0187,"Lorem ipsum dolor sit amet, consectetur adipiscing elit. Sed do eiusmod tempor incididunt ut labore et dolore magna aliqua. Ut enim ad minim veniam, quis nostrud exercitation ullamco laboris.Lorem ipsum dolor sit amet, consectetur adipiscing elit. Sed do eiusmod tempor incididunt ut labore et dolore magna aliqua. Ut enim ad minim veniam, quis nostrud exercitation ullamco laboris.Lorem ipsum dolor sit amet, consectetur adipiscing elit. Sed do eiusmod tempor incididunt ut labore et dolore magna aliqua. Ut enim ad minim veniam, quis nostrud exercitation ullamco laboris.",published,2025-05-20T14:54:09.864366,author_010,author_010@example.com,contributor,Design|Photography|Travel,github|kubernetes|devops,image_0045.webp,/uploads/image_0045.webp,image/webp,User 091,user091@example.com,Thanks for sharing this.
p_0187,The Future of Html,html-0187,"Lorem ipsum dolor sit amet, consectetur adipiscing elit. Sed do eiusmod tempor incididunt ut labore et dolore magna aliqua. Ut enim ad minim veniam, quis nostrud exercitation ullamco laboris.Lorem ipsum dolor sit amet, consectetur adipiscing elit. Sed do eiusmod tempor incididunt ut labore et dolore magna aliqua. Ut enim ad minim veniam, quis nostrud exercitation ullamco laboris.Lorem ipsum dolor sit amet, consectetur adipiscing elit. Sed do eiusmod tempor incididunt ut labore et dolore magna aliqua. Ut enim ad minim veniam, quis nostrud exercitation ullamco laboris.",published,2025-05-20T14:54:09.864366,author_010,author_010@example.com,contributor,Design|Photography|Travel,github|kubernetes|devops,image_0045.webp,/uploads/image_0045.webp,image/webp,User 098,user098@example.com,Could you elaborate on the second part?
p_0188,Building Production-Ready Mongodb Apps,mongodb-0188,"Lorem ipsum dolor sit amet, consectetur adipiscing elit. Sed do eiusmod tempor incididunt ut labore et dolore magna aliqua. Ut enim ad minim veniam, quis nostrud exercitation ullamco laboris.Lorem ipsum dolor sit amet, consectetur adipiscing elit. Sed do eiusmod tempor incididunt ut labore et dolore magna aliqua. Ut enim ad minim veniam, quis nostrud exercitation ullamco laboris.Lorem ipsum dolor sit amet, consectetur adipiscing elit. Sed do eiusmod tempor incididunt ut labore et dolore magna aliqua. Ut enim ad minim veniam, quis nostrud exercitation ullamco laboris.",draft,,author_018,author_018@example.com,author,Travel|Marketing,agile|python|nosql|django,image_0009.gif,/uploads/image_0009.gif,image/gif,User 086,user086@example.com,Great post! Really helpful.
p_0188,Building Production-Ready Mongodb Apps,mongodb-0188,"Lorem ipsum dolor sit amet, consectetur adipiscing elit. Sed do eiusmod tempor incididunt ut labore et dolore magna aliqua. Ut enim ad minim veniam, quis nostrud exercitation ullamco laboris.Lorem ipsum dolor sit amet, consectetur adipiscing elit. Sed do eiusmod tempor incididunt ut labore et dolore magna aliqua. Ut enim ad minim veniam, quis nostrud exercitation ullamco laboris.Lorem ipsum dolor sit amet, consectetur adipiscing elit. Sed do eiusmod tempor incididunt ut labore et dolore magna aliqua. Ut enim ad minim veniam, quis nostrud exercitation ullamco laboris.",draft,,author_018,author_018@example.com,author,Travel|Marketing,agile|python|nosql|django,image_0009.gif,/uploads/image_0009.gif,image/gif,User 026,user026@example.com,This is exactly what I was looking for.
p_0188,Building Production-Ready Mongodb Apps,mongodb-0188,"Lorem ipsum dolor sit amet, consectetur adipiscing elit. Sed do eiusmod tempor incididunt ut labore et dolore magna aliqua. Ut enim ad minim veniam, quis nostrud exercitation ullamco laboris.Lorem ipsum dolor sit amet, consectetur adipiscing elit. Sed do eiusmod tempor incididunt ut labore et dolore magna aliqua. Ut enim ad minim veniam, quis nostrud exercitation ullamco laboris.Lorem ipsum dolor sit amet, consectetur adipiscing elit. Sed do eiusmod tempor incididunt ut labore et dolore magna aliqua. Ut enim ad minim veniam, quis nostrud exercitation ullamco laboris.",draft,,author_018,author_018@example.com,author,Travel|Marketing,agile|python|nosql|django,image_0009.gif,/uploads/image_0009.gif,image/gif,User 097,user097@example.com,I disagree with point 3 -- here's why...
p_0189,10 Tips for Mastering Html,html-0189,"Lorem ipsum dolor sit amet, consectetur adipiscing elit. Sed do eiusmod tempor incididunt ut labore et dolore magna aliqua. Ut enim ad minim veniam, quis nostrud exercitation ullamco laboris.Lorem ipsum dolor sit amet, consectetur adipiscing elit. Sed do eiusmod tempor incididunt ut labore et dolore magna aliqua. Ut enim ad minim veniam, quis nostrud exercitation ullamco laboris.",published,2026-04-18T14:54:09.864400,author_004,author_004@example.com,editor,Travel,kubernetes,,,,User 079,user079@example.com,Nice writeup. Subscribed.
p_0189,10 Tips for Mastering Html,html-0189,"Lorem ipsum dolor sit amet, consectetur adipiscing elit. Sed do eiusmod tempor incididunt ut labore et dolore magna aliqua. Ut enim ad minim veniam, quis nostrud exercitation ullamco laboris.Lorem ipsum dolor sit amet, consectetur adipiscing elit. Sed do eiusmod tempor incididunt ut labore et dolore magna aliqua. Ut enim ad minim veniam, quis nostrud exercitation ullamco laboris.",published,2026-04-18T14:54:09.864400,author_004,author_004@example.com,editor,Travel,kubernetes,,,,User 029,user029@example.com,Nice writeup. Subscribed.
p_0189,10 Tips for Mastering Html,html-0189,"Lorem ipsum dolor sit amet, consectetur adipiscing elit. Sed do eiusmod tempor incididunt ut labore et dolore magna aliqua. Ut enim ad minim veniam, quis nostrud exercitation ullamco laboris.Lorem ipsum dolor sit amet, consectetur adipiscing elit. Sed do eiusmod tempor incididunt ut labore et dolore magna aliqua. Ut enim ad minim veniam, quis nostrud exercitation ullamco laboris.",published,2026-04-18T14:54:09.864400,author_004,author_004@example.com,editor,Travel,kubernetes,,,,User 050,user050@example.com,"Very insightful, looking forward to more."
p_0190,10 Tips for Mastering Nosql,nosql-0190,"Lorem ipsum dolor sit amet, consectetur adipiscing elit. Sed do eiusmod tempor incididunt ut labore et dolore magna aliqua. Ut enim ad minim veniam, quis nostrud exercitation ullamco laboris.Lorem ipsum dolor sit amet, consectetur adipiscing elit. Sed do eiusmod tempor incididunt ut labore et dolore magna aliqua. Ut enim ad minim veniam, quis nostrud exercitation ullamco laboris.Lorem ipsum dolor sit amet, consectetur adipiscing elit. Sed do eiusmod tempor incididunt ut labore et dolore magna aliqua. Ut enim ad minim veniam, quis nostrud exercitation ullamco laboris.",published,2025-11-05T14:54:09.864417,author_001,author_001@example.com,author,Travel|Technology,testing,image_0039.gif,/uploads/image_0039.gif,image/gif,User 029,user029@example.com,Could you elaborate on the second part?
p_0190,10 Tips for Mastering Nosql,nosql-0190,"Lorem ipsum dolor sit amet, consectetur adipiscing elit. Sed do eiusmod tempor incididunt ut labore et dolore magna aliqua. Ut enim ad minim veniam, quis nostrud exercitation ullamco laboris.Lorem ipsum dolor sit amet, consectetur adipiscing elit. Sed do eiusmod tempor incididunt ut labore et dolore magna aliqua. Ut enim ad minim veniam, quis nostrud exercitation ullamco laboris.Lorem ipsum dolor sit amet, consectetur adipiscing elit. Sed do eiusmod tempor incididunt ut labore et dolore magna aliqua. Ut enim ad minim veniam, quis nostrud exercitation ullamco laboris.",published,2025-11-05T14:54:09.864417,author_001,author_001@example.com,author,Travel|Technology,testing,image_0039.gif,/uploads/image_0039.gif,image/gif,User 097,user097@example.com,I had a similar experience recently.
p_0190,10 Tips for Mastering Nosql,nosql-0190,"Lorem ipsum dolor sit amet, consectetur adipiscing elit. Sed do eiusmod tempor incididunt ut labore et dolore magna aliqua. Ut enim ad minim veniam, quis nostrud exercitation ullamco laboris.Lorem ipsum dolor sit amet, consectetur adipiscing elit. Sed do eiusmod tempor incididunt ut labore et dolore magna aliqua. Ut enim ad minim veniam, quis nostrud exercitation ullamco laboris.Lorem ipsum dolor sit amet, consectetur adipiscing elit. Sed do eiusmod tempor incididunt ut labore et dolore magna aliqua. Ut enim ad minim veniam, quis nostrud exercitation ullamco laboris.",published,2025-11-05T14:54:09.864417,author_001,author_001@example.com,author,Travel|Technology,testing,image_0039.gif,/uploads/image_0039.gif,image/gif,User 070,user070@example.com,I had a similar experience recently.
p_0190,10 Tips for Mastering Nosql,nosql-0190,"Lorem ipsum dolor sit amet, consectetur adipiscing elit. Sed do eiusmod tempor incididunt ut labore et dolore magna aliqua. Ut enim ad minim veniam, quis nostrud exercitation ullamco laboris.Lorem ipsum dolor sit amet, consectetur adipiscing elit. Sed do eiusmod tempor incididunt ut labore et dolore magna aliqua. Ut enim ad minim veniam, quis nostrud exercitation ullamco laboris.Lorem ipsum dolor sit amet, consectetur adipiscing elit. Sed do eiusmod tempor incididunt ut labore et dolore magna aliqua. Ut enim ad minim veniam, quis nostrud exercitation ullamco laboris.",published,2025-11-05T14:54:09.864417,author_001,author_001@example.com,author,Travel|Technology,testing,image_0039.gif,/uploads/image_0039.gif,image/gif,User 026,user026@example.com,"Very insightful, looking forward to more."
p_0190,10 Tips for Mastering Nosql,nosql-0190,"Lorem ipsum dolor sit amet, consectetur adipiscing elit. Sed do eiusmod tempor incididunt ut labore et dolore magna aliqua. Ut enim ad minim veniam, quis nostrud exercitation ullamco laboris.Lorem ipsum dolor sit amet, consectetur adipiscing elit. Sed do eiusmod tempor incididunt ut labore et dolore magna aliqua. Ut enim ad minim veniam, quis nostrud exercitation ullamco laboris.Lorem ipsum dolor sit amet, consectetur adipiscing elit. Sed do eiusmod tempor incididunt ut labore et dolore magna aliqua. Ut enim ad minim veniam, quis nostrud exercitation ullamco laboris.",published,2025-11-05T14:54:09.864417,author_001,author_001@example.com,author,Travel|Technology,testing,image_0039.gif,/uploads/image_0039.gif,image/gif,User 038,user038@example.com,Just tried this approach -- it works.
p_0190,10 Tips for Mastering Nosql,nosql-0190,"Lorem ipsum dolor sit amet, consectetur adipiscing elit. Sed do eiusmod tempor incididunt ut labore et dolore magna aliqua. Ut enim ad minim veniam, quis nostrud exercitation ullamco laboris.Lorem ipsum dolor sit amet, consectetur adipiscing elit. Sed do eiusmod tempor incididunt ut labore et dolore magna aliqua. Ut enim ad minim veniam, quis nostrud exercitation ullamco laboris.Lorem ipsum dolor sit amet, consectetur adipiscing elit. Sed do eiusmod tempor incididunt ut labore et dolore magna aliqua. Ut enim ad minim veniam, quis nostrud exercitation ullamco laboris.",published,2025-11-05T14:54:09.864417,author_001,author_001@example.com,author,Travel|Technology,testing,image_0039.gif,/uploads/image_0039.gif,image/gif,User 023,user023@example.com,Thanks for sharing this.
p_0191,Why React Matters in 2024,react-0191,"Lorem ipsum dolor sit amet, consectetur adipiscing elit. Sed do eiusmod tempor incididunt ut labore et dolore magna aliqua. Ut enim ad minim veniam, quis nostrud exercitation ullamco laboris.Lorem ipsum dolor sit amet, consectetur adipiscing elit. Sed do eiusmod tempor incididunt ut labore et dolore magna aliqua. Ut enim ad minim veniam, quis nostrud exercitation ullamco laboris.",published,2026-03-19T14:54:09.864439,author_016,author_016@example.com,author,Travel|Marketing,react|postgresql,,,,User 043,user043@example.com,Just tried this approach -- it works.
p_0191,Why React Matters in 2024,react-0191,"Lorem ipsum dolor sit amet, consectetur adipiscing elit. Sed do eiusmod tempor incididunt ut labore et dolore magna aliqua. Ut enim ad minim veniam, quis nostrud exercitation ullamco laboris.Lorem ipsum dolor sit amet, consectetur adipiscing elit. Sed do eiusmod tempor incididunt ut labore et dolore magna aliqua. Ut enim ad minim veniam, quis nostrud exercitation ullamco laboris.",published,2026-03-19T14:54:09.864439,author_016,author_016@example.com,author,Travel|Marketing,react|postgresql,,,,User 091,user091@example.com,I disagree with point 3 -- here's why...
p_0191,Why React Matters in 2024,react-0191,"Lorem ipsum dolor sit amet, consectetur adipiscing elit. Sed do eiusmod tempor incididunt ut labore et dolore magna aliqua. Ut enim ad minim veniam, quis nostrud exercitation ullamco laboris.Lorem ipsum dolor sit amet, consectetur adipiscing elit. Sed do eiusmod tempor incididunt ut labore et dolore magna aliqua. Ut enim ad minim veniam, quis nostrud exercitation ullamco laboris.",published,2026-03-19T14:54:09.864439,author_016,author_016@example.com,author,Travel|Marketing,react|postgresql,,,,User 006,user006@example.com,I disagree with point 3 -- here's why...
p_0192,Common Mistakes in Devops,devops-0192,"Lorem ipsum dolor sit amet, consectetur adipiscing elit. Sed do eiusmod tempor incididunt ut labore et dolore magna aliqua. Ut enim ad minim veniam, quis nostrud exercitation ullamco laboris.Lorem ipsum dolor sit amet, consectetur adipiscing elit. Sed do eiusmod tempor incididunt ut labore et dolore magna aliqua. Ut enim ad minim veniam, quis nostrud exercitation ullamco laboris.Lorem ipsum dolor sit amet, consectetur adipiscing elit. Sed do eiusmod tempor incididunt ut labore et dolore magna aliqua. Ut enim ad minim veniam, quis nostrud exercitation ullamco laboris.",draft,,author_019,author_019@example.com,author,Marketing|Health|Business,agile,,,,User 029,user029@example.com,I disagree with point 3 -- here's why...
p_0192,Common Mistakes in Devops,devops-0192,"Lorem ipsum dolor sit amet, consectetur adipiscing elit. Sed do eiusmod tempor incididunt ut labore et dolore magna aliqua. Ut enim ad minim veniam, quis nostrud exercitation ullamco laboris.Lorem ipsum dolor sit amet, consectetur adipiscing elit. Sed do eiusmod tempor incididunt ut labore et dolore magna aliqua. Ut enim ad minim veniam, quis nostrud exercitation ullamco laboris.Lorem ipsum dolor sit amet, consectetur adipiscing elit. Sed do eiusmod tempor incididunt ut labore et dolore magna aliqua. Ut enim ad minim veniam, quis nostrud exercitation ullamco laboris.",draft,,author_019,author_019@example.com,author,Marketing|Health|Business,agile,,,,User 067,user067@example.com,Thanks for sharing this.
p_0192,Common Mistakes in Devops,devops-0192,"Lorem ipsum dolor sit amet, consectetur adipiscing elit. Sed do eiusmod tempor incididunt ut labore et dolore magna aliqua. Ut enim ad minim veniam, quis nostrud exercitation ullamco laboris.Lorem ipsum dolor sit amet, consectetur adipiscing elit. Sed do eiusmod tempor incididunt ut labore et dolore magna aliqua. Ut enim ad minim veniam, quis nostrud exercitation ullamco laboris.Lorem ipsum dolor sit amet, consectetur adipiscing elit. Sed do eiusmod tempor incididunt ut labore et dolore magna aliqua. Ut enim ad minim veniam, quis nostrud exercitation ullamco laboris.",draft,,author_019,author_019@example.com,author,Marketing|Health|Business,agile,,,,User 065,user065@example.com,I disagree with point 3 -- here's why...
p_0192,Common Mistakes in Devops,devops-0192,"Lorem ipsum dolor sit amet, consectetur adipiscing elit. Sed do eiusmod tempor incididunt ut labore et dolore magna aliqua. Ut enim ad minim veniam, quis nostrud exercitation ullamco laboris.Lorem ipsum dolor sit amet, consectetur adipiscing elit. Sed do eiusmod tempor incididunt ut labore et dolore magna aliqua. Ut enim ad minim veniam, quis nostrud exercitation ullamco laboris.Lorem ipsum dolor sit amet, consectetur adipiscing elit. Sed do eiusmod tempor incididunt ut labore et dolore magna aliqua. Ut enim ad minim veniam, quis nostrud exercitation ullamco laboris.",draft,,author_019,author_019@example.com,author,Marketing|Health|Business,agile,,,,User 054,user054@example.com,Nice writeup. Subscribed.
p_0192,Common Mistakes in Devops,devops-0192,"Lorem ipsum dolor sit amet, consectetur adipiscing elit. Sed do eiusmod tempor incididunt ut labore et dolore magna aliqua. Ut enim ad minim veniam, quis nostrud exercitation ullamco laboris.Lorem ipsum dolor sit amet, consectetur adipiscing elit. Sed do eiusmod tempor incididunt ut labore et dolore magna aliqua. Ut enim ad minim veniam, quis nostrud exercitation ullamco laboris.Lorem ipsum dolor sit amet, consectetur adipiscing elit. Sed do eiusmod tempor incididunt ut labore et dolore magna aliqua. Ut enim ad minim veniam, quis nostrud exercitation ullamco laboris.",draft,,author_019,author_019@example.com,author,Marketing|Health|Business,agile,,,,User 069,user069@example.com,Bookmarked for later reference.
p_0192,Common Mistakes in Devops,devops-0192,"Lorem ipsum dolor sit amet, consectetur adipiscing elit. Sed do eiusmod tempor incididunt ut labore et dolore magna aliqua. Ut enim ad minim veniam, quis nostrud exercitation ullamco laboris.Lorem ipsum dolor sit amet, consectetur adipiscing elit. Sed do eiusmod tempor incididunt ut labore et dolore magna aliqua. Ut enim ad minim veniam, quis nostrud exercitation ullamco laboris.Lorem ipsum dolor sit amet, consectetur adipiscing elit. Sed do eiusmod tempor incididunt ut labore et dolore magna aliqua. Ut enim ad minim veniam, quis nostrud exercitation ullamco laboris.",draft,,author_019,author_019@example.com,author,Marketing|Health|Business,agile,,,,User 012,user012@example.com,Could you elaborate on the second part?
p_0192,Common Mistakes in Devops,devops-0192,"Lorem ipsum dolor sit amet, consectetur adipiscing elit. Sed do eiusmod tempor incididunt ut labore et dolore magna aliqua. Ut enim ad minim veniam, quis nostrud exercitation ullamco laboris.Lorem ipsum dolor sit amet, consectetur adipiscing elit. Sed do eiusmod tempor incididunt ut labore et dolore magna aliqua. Ut enim ad minim veniam, quis nostrud exercitation ullamco laboris.Lorem ipsum dolor sit amet, consectetur adipiscing elit. Sed do eiusmod tempor incididunt ut labore et dolore magna aliqua. Ut enim ad minim veniam, quis nostrud exercitation ullamco laboris.",draft,,author_019,author_019@example.com,author,Marketing|Health|Business,agile,,,,User 029,user029@example.com,"Very insightful, looking forward to more."
p_0193,Common Mistakes in Github,github-0193,"Lorem ipsum dolor sit amet, consectetur adipiscing elit. Sed do eiusmod tempor incididunt ut labore et dolore magna aliqua. Ut enim ad minim veniam, quis nostrud exercitation ullamco laboris.Lorem ipsum dolor sit amet, consectetur adipiscing elit. Sed do eiusmod tempor incididunt ut labore et dolore magna aliqua. Ut enim ad minim veniam, quis nostrud exercitation ullamco laboris.Lorem ipsum dolor sit amet, consectetur adipiscing elit. Sed do eiusmod tempor incididunt ut labore et dolore magna aliqua. Ut enim ad minim veniam, quis nostrud exercitation ullamco laboris.",published,2025-11-16T14:54:09.864476,author_010,author_010@example.com,contributor,Health|Travel|Technology,github,image_0015.jpg,/uploads/image_0015.jpg,image/jpeg,User 080,user080@example.com,"Very insightful, looking forward to more."
p_0193,Common Mistakes in Github,github-0193,"Lorem ipsum dolor sit amet, consectetur adipiscing elit. Sed do eiusmod tempor incididunt ut labore et dolore magna aliqua. Ut enim ad minim veniam, quis nostrud exercitation ullamco laboris.Lorem ipsum dolor sit amet, consectetur adipiscing elit. Sed do eiusmod tempor incididunt ut labore et dolore magna aliqua. Ut enim ad minim veniam, quis nostrud exercitation ullamco laboris.Lorem ipsum dolor sit amet, consectetur adipiscing elit. Sed do eiusmod tempor incididunt ut labore et dolore magna aliqua. Ut enim ad minim veniam, quis nostrud exercitation ullamco laboris.",published,2025-11-16T14:54:09.864476,author_010,author_010@example.com,contributor,Health|Travel|Technology,github,image_0015.jpg,/uploads/image_0015.jpg,image/jpeg,User 006,user006@example.com,Could you elaborate on the second part?
p_0193,Common Mistakes in Github,github-0193,"Lorem ipsum dolor sit amet, consectetur adipiscing elit. Sed do eiusmod tempor incididunt ut labore et dolore magna aliqua. Ut enim ad minim veniam, quis nostrud exercitation ullamco laboris.Lorem ipsum dolor sit amet, consectetur adipiscing elit. Sed do eiusmod tempor incididunt ut labore et dolore magna aliqua. Ut enim ad minim veniam, quis nostrud exercitation ullamco laboris.Lorem ipsum dolor sit amet, consectetur adipiscing elit. Sed do eiusmod tempor incididunt ut labore et dolore magna aliqua. Ut enim ad minim veniam, quis nostrud exercitation ullamco laboris.",published,2025-11-16T14:54:09.864476,author_010,author_010@example.com,contributor,Health|Travel|Technology,github,image_0015.jpg,/uploads/image_0015.jpg,image/jpeg,User 049,user049@example.com,Thanks for sharing this.
p_0193,Common Mistakes in Github,github-0193,"Lorem ipsum dolor sit amet, consectetur adipiscing elit. Sed do eiusmod tempor incididunt ut labore et dolore magna aliqua. Ut enim ad minim veniam, quis nostrud exercitation ullamco laboris.Lorem ipsum dolor sit amet, consectetur adipiscing elit. Sed do eiusmod tempor incididunt ut labore et dolore magna aliqua. Ut enim ad minim veniam, quis nostrud exercitation ullamco laboris.Lorem ipsum dolor sit amet, consectetur adipiscing elit. Sed do eiusmod tempor incididunt ut labore et dolore magna aliqua. Ut enim ad minim veniam, quis nostrud exercitation ullamco laboris.",published,2025-11-16T14:54:09.864476,author_010,author_010@example.com,contributor,Health|Travel|Technology,github,image_0015.jpg,/uploads/image_0015.jpg,image/jpeg,User 050,user050@example.com,This is exactly what I was looking for.
p_0193,Common Mistakes in Github,github-0193,"Lorem ipsum dolor sit amet, consectetur adipiscing elit. Sed do eiusmod tempor incididunt ut labore et dolore magna aliqua. Ut enim ad minim veniam, quis nostrud exercitation ullamco laboris.Lorem ipsum dolor sit amet, consectetur adipiscing elit. Sed do eiusmod tempor incididunt ut labore et dolore magna aliqua. Ut enim ad minim veniam, quis nostrud exercitation ullamco laboris.Lorem ipsum dolor sit amet, consectetur adipiscing elit. Sed do eiusmod tempor incididunt ut labore et dolore magna aliqua. Ut enim ad minim veniam, quis nostrud exercitation ullamco laboris.",published,2025-11-16T14:54:09.864476,author_010,author_010@example.com,contributor,Health|Travel|Technology,github,image_0015.jpg,/uploads/image_0015.jpg,image/jpeg,User 070,user070@example.com,This is exactly what I was looking for.
p_0193,Common Mistakes in Github,github-0193,"Lorem ipsum dolor sit amet, consectetur adipiscing elit. Sed do eiusmod tempor incididunt ut labore et dolore magna aliqua. Ut enim ad minim veniam, quis nostrud exercitation ullamco laboris.Lorem ipsum dolor sit amet, consectetur adipiscing elit. Sed do eiusmod tempor incididunt ut labore et dolore magna aliqua. Ut enim ad minim veniam, quis nostrud exercitation ullamco laboris.Lorem ipsum dolor sit amet, consectetur adipiscing elit. Sed do eiusmod tempor incididunt ut labore et dolore magna aliqua. Ut enim ad minim veniam, quis nostrud exercitation ullamco laboris.",published,2025-11-16T14:54:09.864476,author_010,author_010@example.com,contributor,Health|Travel|Technology,github,image_0015.jpg,/uploads/image_0015.jpg,image/jpeg,User 004,user004@example.com,Nice writeup. Subscribed.
p_0193,Common Mistakes in Github,github-0193,"Lorem ipsum dolor sit amet, consectetur adipiscing elit. Sed do eiusmod tempor incididunt ut labore et dolore magna aliqua. Ut enim ad minim veniam, quis nostrud exercitation ullamco laboris.Lorem ipsum dolor sit amet, consectetur adipiscing elit. Sed do eiusmod tempor incididunt ut labore et dolore magna aliqua. Ut enim ad minim veniam, quis nostrud exercitation ullamco laboris.Lorem ipsum dolor sit amet, consectetur adipiscing elit. Sed do eiusmod tempor incididunt ut labore et dolore magna aliqua. Ut enim ad minim veniam, quis nostrud exercitation ullamco laboris.",published,2025-11-16T14:54:09.864476,author_010,author_010@example.com,contributor,Health|Travel|Technology,github,image_0015.jpg,/uploads/image_0015.jpg,image/jpeg,User 099,user099@example.com,Could you elaborate on the second part?
p_0194,The Future of Nosql,nosql-0194,"Lorem ipsum dolor sit amet, consectetur adipiscing elit. Sed do eiusmod tempor incididunt ut labore et dolore magna aliqua. Ut enim ad minim veniam, quis nostrud exercitation ullamco laboris.Lorem ipsum dolor sit amet, consectetur adipiscing elit. Sed do eiusmod tempor incididunt ut labore et dolore magna aliqua. Ut enim ad minim veniam, quis nostrud exercitation ullamco laboris.Lorem ipsum dolor sit amet, consectetur adipiscing elit. Sed do eiusmod tempor incididunt ut labore et dolore magna aliqua. Ut enim ad minim veniam, quis nostrud exercitation ullamco laboris.",published,2025-09-12T14:54:09.864499,author_014,author_014@example.com,contributor,Business,django,image_0049.png,/uploads/image_0049.png,image/png,User 069,user069@example.com,Great post! Really helpful.
p_0194,The Future of Nosql,nosql-0194,"Lorem ipsum dolor sit amet, consectetur adipiscing elit. Sed do eiusmod tempor incididunt ut labore et dolore magna aliqua. Ut enim ad minim veniam, quis nostrud exercitation ullamco laboris.Lorem ipsum dolor sit amet, consectetur adipiscing elit. Sed do eiusmod tempor incididunt ut labore et dolore magna aliqua. Ut enim ad minim veniam, quis nostrud exercitation ullamco laboris.Lorem ipsum dolor sit amet, consectetur adipiscing elit. Sed do eiusmod tempor incididunt ut labore et dolore magna aliqua. Ut enim ad minim veniam, quis nostrud exercitation ullamco laboris.",published,2025-09-12T14:54:09.864499,author_014,author_014@example.com,contributor,Business,django,image_0049.png,/uploads/image_0049.png,image/png,User 081,user081@example.com,Thanks for sharing this.
p_0194,The Future of Nosql,nosql-0194,"Lorem ipsum dolor sit amet, consectetur adipiscing elit. Sed do eiusmod tempor incididunt ut labore et dolore magna aliqua. Ut enim ad minim veniam, quis nostrud exercitation ullamco laboris.Lorem ipsum dolor sit amet, consectetur adipiscing elit. Sed do eiusmod tempor incididunt ut labore et dolore magna aliqua. Ut enim ad minim veniam, quis nostrud exercitation ullamco laboris.Lorem ipsum dolor sit amet, consectetur adipiscing elit. Sed do eiusmod tempor incididunt ut labore et dolore magna aliqua. Ut enim ad minim veniam, quis nostrud exercitation ullamco laboris.",published,2025-09-12T14:54:09.864499,author_014,author_014@example.com,contributor,Business,django,image_0049.png,/uploads/image_0049.png,image/png,User 027,user027@example.com,"Very insightful, looking forward to more."
p_0194,The Future of Nosql,nosql-0194,"Lorem ipsum dolor sit amet, consectetur adipiscing elit. Sed do eiusmod tempor incididunt ut labore et dolore magna aliqua. Ut enim ad minim veniam, quis nostrud exercitation ullamco laboris.Lorem ipsum dolor sit amet, consectetur adipiscing elit. Sed do eiusmod tempor incididunt ut labore et dolore magna aliqua. Ut enim ad minim veniam, quis nostrud exercitation ullamco laboris.Lorem ipsum dolor sit amet, consectetur adipiscing elit. Sed do eiusmod tempor incididunt ut labore et dolore magna aliqua. Ut enim ad minim veniam, quis nostrud exercitation ullamco laboris.",published,2025-09-12T14:54:09.864499,author_014,author_014@example.com,contributor,Business,django,image_0049.png,/uploads/image_0049.png,image/png,User 088,user088@example.com,Bookmarked for later reference.
p_0194,The Future of Nosql,nosql-0194,"Lorem ipsum dolor sit amet, consectetur adipiscing elit. Sed do eiusmod tempor incididunt ut labore et dolore magna aliqua. Ut enim ad minim veniam, quis nostrud exercitation ullamco laboris.Lorem ipsum dolor sit amet, consectetur adipiscing elit. Sed do eiusmod tempor incididunt ut labore et dolore magna aliqua. Ut enim ad minim veniam, quis nostrud exercitation ullamco laboris.Lorem ipsum dolor sit amet, consectetur adipiscing elit. Sed do eiusmod tempor incididunt ut labore et dolore magna aliqua. Ut enim ad minim veniam, quis nostrud exercitation ullamco laboris.",published,2025-09-12T14:54:09.864499,author_014,author_014@example.com,contributor,Business,django,image_0049.png,/uploads/image_0049.png,image/png,User 014,user014@example.com,"Very insightful, looking forward to more."
p_0194,The Future of Nosql,nosql-0194,"Lorem ipsum dolor sit amet, consectetur adipiscing elit. Sed do eiusmod tempor incididunt ut labore et dolore magna aliqua. Ut enim ad minim veniam, quis nostrud exercitation ullamco laboris.Lorem ipsum dolor sit amet, consectetur adipiscing elit. Sed do eiusmod tempor incididunt ut labore et dolore magna aliqua. Ut enim ad minim veniam, quis nostrud exercitation ullamco laboris.Lorem ipsum dolor sit amet, consectetur adipiscing elit. Sed do eiusmod tempor incididunt ut labore et dolore magna aliqua. Ut enim ad minim veniam, quis nostrud exercitation ullamco laboris.",published,2025-09-12T14:54:09.864499,author_014,author_014@example.com,contributor,Business,django,image_0049.png,/uploads/image_0049.png,image/png,User 069,user069@example.com,Bookmarked for later reference.
p_0194,The Future of Nosql,nosql-0194,"Lorem ipsum dolor sit amet, consectetur adipiscing elit. Sed do eiusmod tempor incididunt ut labore et dolore magna aliqua. Ut enim ad minim veniam, quis nostrud exercitation ullamco laboris.Lorem ipsum dolor sit amet, consectetur adipiscing elit. Sed do eiusmod tempor incididunt ut labore et dolore magna aliqua. Ut enim ad minim veniam, quis nostrud exercitation ullamco laboris.Lorem ipsum dolor sit amet, consectetur adipiscing elit. Sed do eiusmod tempor incididunt ut labore et dolore magna aliqua. Ut enim ad minim veniam, quis nostrud exercitation ullamco laboris.",published,2025-09-12T14:54:09.864499,author_014,author_014@example.com,contributor,Business,django,image_0049.png,/uploads/image_0049.png,image/png,User 083,user083@example.com,Thanks for sharing this.
p_0195,Why Testing Matters in 2024,testing-0195,"Lorem ipsum dolor sit amet, consectetur adipiscing elit. Sed do eiusmod tempor incididunt ut labore et dolore magna aliqua. Ut enim ad minim veniam, quis nostrud exercitation ullamco laboris.",published,2025-09-26T14:54:09.864523,author_000,author_000@example.com,contributor,Programming,react,,,,User 010,user010@example.com,I had a similar experience recently.
p_0195,Why Testing Matters in 2024,testing-0195,"Lorem ipsum dolor sit amet, consectetur adipiscing elit. Sed do eiusmod tempor incididunt ut labore et dolore magna aliqua. Ut enim ad minim veniam, quis nostrud exercitation ullamco laboris.",published,2025-09-26T14:54:09.864523,author_000,author_000@example.com,contributor,Programming,react,,,,User 030,user030@example.com,This is exactly what I was looking for.
p_0195,Why Testing Matters in 2024,testing-0195,"Lorem ipsum dolor sit amet, consectetur adipiscing elit. Sed do eiusmod tempor incididunt ut labore et dolore magna aliqua. Ut enim ad minim veniam, quis nostrud exercitation ullamco laboris.",published,2025-09-26T14:54:09.864523,author_000,author_000@example.com,contributor,Programming,react,,,,User 053,user053@example.com,Bookmarked for later reference.
p_0195,Why Testing Matters in 2024,testing-0195,"Lorem ipsum dolor sit amet, consectetur adipiscing elit. Sed do eiusmod tempor incididunt ut labore et dolore magna aliqua. Ut enim ad minim veniam, quis nostrud exercitation ullamco laboris.",published,2025-09-26T14:54:09.864523,author_000,author_000@example.com,contributor,Programming,react,,,,User 058,user058@example.com,Bookmarked for later reference.
p_0195,Why Testing Matters in 2024,testing-0195,"Lorem ipsum dolor sit amet, consectetur adipiscing elit. Sed do eiusmod tempor incididunt ut labore et dolore magna aliqua. Ut enim ad minim veniam, quis nostrud exercitation ullamco laboris.",published,2025-09-26T14:54:09.864523,author_000,author_000@example.com,contributor,Programming,react,,,,User 056,user056@example.com,Could you elaborate on the second part?
p_0195,Why Testing Matters in 2024,testing-0195,"Lorem ipsum dolor sit amet, consectetur adipiscing elit. Sed do eiusmod tempor incididunt ut labore et dolore magna aliqua. Ut enim ad minim veniam, quis nostrud exercitation ullamco laboris.",published,2025-09-26T14:54:09.864523,author_000,author_000@example.com,contributor,Programming,react,,,,User 003,user003@example.com,Bookmarked for later reference.
p_0195,Why Testing Matters in 2024,testing-0195,"Lorem ipsum dolor sit amet, consectetur adipiscing elit. Sed do eiusmod tempor incididunt ut labore et dolore magna aliqua. Ut enim ad minim veniam, quis nostrud exercitation ullamco laboris.",published,2025-09-26T14:54:09.864523,author_000,author_000@example.com,contributor,Programming,react,,,,User 087,user087@example.com,Thanks for sharing this.
p_0196,Getting Started with Mongodb,mongodb-0196,"Lorem ipsum dolor sit amet, consectetur adipiscing elit. Sed do eiusmod tempor incididunt ut labore et dolore magna aliqua. Ut enim ad minim veniam, quis nostrud exercitation ullamco laboris.Lorem ipsum dolor sit amet, consectetur adipiscing elit. Sed do eiusmod tempor incididunt ut labore et dolore magna aliqua. Ut enim ad minim veniam, quis nostrud exercitation ullamco laboris.Lorem ipsum dolor sit amet, consectetur adipiscing elit. Sed do eiusmod tempor incididunt ut labore et dolore magna aliqua. Ut enim ad minim veniam, quis nostrud exercitation ullamco laboris.",draft,,author_019,author_019@example.com,author,Programming,devops|nosql|django,image_0043.webp,/uploads/image_0043.webp,image/webp,User 078,user078@example.com,Thanks for sharing this.
p_0196,Getting Started with Mongodb,mongodb-0196,"Lorem ipsum dolor sit amet, consectetur adipiscing elit. Sed do eiusmod tempor incididunt ut labore et dolore magna aliqua. Ut enim ad minim veniam, quis nostrud exercitation ullamco laboris.Lorem ipsum dolor sit amet, consectetur adipiscing elit. Sed do eiusmod tempor incididunt ut labore et dolore magna aliqua. Ut enim ad minim veniam, quis nostrud exercitation ullamco laboris.Lorem ipsum dolor sit amet, consectetur adipiscing elit. Sed do eiusmod tempor incididunt ut labore et dolore magna aliqua. Ut enim ad minim veniam, quis nostrud exercitation ullamco laboris.",draft,,author_019,author_019@example.com,author,Programming,devops|nosql|django,image_0043.webp,/uploads/image_0043.webp,image/webp,User 037,user037@example.com,Just tried this approach -- it works.
p_0196,Getting Started with Mongodb,mongodb-0196,"Lorem ipsum dolor sit amet, consectetur adipiscing elit. Sed do eiusmod tempor incididunt ut labore et dolore magna aliqua. Ut enim ad minim veniam, quis nostrud exercitation ullamco laboris.Lorem ipsum dolor sit amet, consectetur adipiscing elit. Sed do eiusmod tempor incididunt ut labore et dolore magna aliqua. Ut enim ad minim veniam, quis nostrud exercitation ullamco laboris.Lorem ipsum dolor sit amet, consectetur adipiscing elit. Sed do eiusmod tempor incididunt ut labore et dolore magna aliqua. Ut enim ad minim veniam, quis nostrud exercitation ullamco laboris.",draft,,author_019,author_019@example.com,author,Programming,devops|nosql|django,image_0043.webp,/uploads/image_0043.webp,image/webp,User 049,user049@example.com,Bookmarked for later reference.
p_0196,Getting Started with Mongodb,mongodb-0196,"Lorem ipsum dolor sit amet, consectetur adipiscing elit. Sed do eiusmod tempor incididunt ut labore et dolore magna aliqua. Ut enim ad minim veniam, quis nostrud exercitation ullamco laboris.Lorem ipsum dolor sit amet, consectetur adipiscing elit. Sed do eiusmod tempor incididunt ut labore et dolore magna aliqua. Ut enim ad minim veniam, quis nostrud exercitation ullamco laboris.Lorem ipsum dolor sit amet, consectetur adipiscing elit. Sed do eiusmod tempor incididunt ut labore et dolore magna aliqua. Ut enim ad minim veniam, quis nostrud exercitation ullamco laboris.",draft,,author_019,author_019@example.com,author,Programming,devops|nosql|django,image_0043.webp,/uploads/image_0043.webp,image/webp,User 085,user085@example.com,Great post! Really helpful.
p_0196,Getting Started with Mongodb,mongodb-0196,"Lorem ipsum dolor sit amet, consectetur adipiscing elit. Sed do eiusmod tempor incididunt ut labore et dolore magna aliqua. Ut enim ad minim veniam, quis nostrud exercitation ullamco laboris.Lorem ipsum dolor sit amet, consectetur adipiscing elit. Sed do eiusmod tempor incididunt ut labore et dolore magna aliqua. Ut enim ad minim veniam, quis nostrud exercitation ullamco laboris.Lorem ipsum dolor sit amet, consectetur adipiscing elit. Sed do eiusmod tempor incididunt ut labore et dolore magna aliqua. Ut enim ad minim veniam, quis nostrud exercitation ullamco laboris.",draft,,author_019,author_019@example.com,author,Programming,devops|nosql|django,image_0043.webp,/uploads/image_0043.webp,image/webp,User 061,user061@example.com,I disagree with point 3 -- here's why...
p_0197,Deep Dive into Mongodb,mongodb-0197,"Lorem ipsum dolor sit amet, consectetur adipiscing elit. Sed do eiusmod tempor incididunt ut labore et dolore magna aliqua. Ut enim ad minim veniam, quis nostrud exercitation ullamco laboris.Lorem ipsum dolor sit amet, consectetur adipiscing elit. Sed do eiusmod tempor incididunt ut labore et dolore magna aliqua. Ut enim ad minim veniam, quis nostrud exercitation ullamco laboris.Lorem ipsum dolor sit amet, consectetur adipiscing elit. Sed do eiusmod tempor incididunt ut labore et dolore magna aliqua. Ut enim ad minim veniam, quis nostrud exercitation ullamco laboris.",draft,,author_004,author_004@example.com,editor,Web Development|Marketing,python|mongodb|graphql,image_0007.jpg,/uploads/image_0007.jpg,image/jpeg,User 001,user001@example.com,I had a similar experience recently.
p_0197,Deep Dive into Mongodb,mongodb-0197,"Lorem ipsum dolor sit amet, consectetur adipiscing elit. Sed do eiusmod tempor incididunt ut labore et dolore magna aliqua. Ut enim ad minim veniam, quis nostrud exercitation ullamco laboris.Lorem ipsum dolor sit amet, consectetur adipiscing elit. Sed do eiusmod tempor incididunt ut labore et dolore magna aliqua. Ut enim ad minim veniam, quis nostrud exercitation ullamco laboris.Lorem ipsum dolor sit amet, consectetur adipiscing elit. Sed do eiusmod tempor incididunt ut labore et dolore magna aliqua. Ut enim ad minim veniam, quis nostrud exercitation ullamco laboris.",draft,,author_004,author_004@example.com,editor,Web Development|Marketing,python|mongodb|graphql,image_0007.jpg,/uploads/image_0007.jpg,image/jpeg,User 077,user077@example.com,Bookmarked for later reference.
p_0197,Deep Dive into Mongodb,mongodb-0197,"Lorem ipsum dolor sit amet, consectetur adipiscing elit. Sed do eiusmod tempor incididunt ut labore et dolore magna aliqua. Ut enim ad minim veniam, quis nostrud exercitation ullamco laboris.Lorem ipsum dolor sit amet, consectetur adipiscing elit. Sed do eiusmod tempor incididunt ut labore et dolore magna aliqua. Ut enim ad minim veniam, quis nostrud exercitation ullamco laboris.Lorem ipsum dolor sit amet, consectetur adipiscing elit. Sed do eiusmod tempor incididunt ut labore et dolore magna aliqua. Ut enim ad minim veniam, quis nostrud exercitation ullamco laboris.",draft,,author_004,author_004@example.com,editor,Web Development|Marketing,python|mongodb|graphql,image_0007.jpg,/uploads/image_0007.jpg,image/jpeg,User 069,user069@example.com,Nice writeup. Subscribed.
p_0198,10 Tips for Mastering Fastapi,fastapi-0198,"Lorem ipsum dolor sit amet, consectetur adipiscing elit. Sed do eiusmod tempor incididunt ut labore et dolore magna aliqua. Ut enim ad minim veniam, quis nostrud exercitation ullamco laboris.Lorem ipsum dolor sit amet, consectetur adipiscing elit. Sed do eiusmod tempor incididunt ut labore et dolore magna aliqua. Ut enim ad minim veniam, quis nostrud exercitation ullamco laboris.Lorem ipsum dolor sit amet, consectetur adipiscing elit. Sed do eiusmod tempor incididunt ut labore et dolore magna aliqua. Ut enim ad minim veniam, quis nostrud exercitation ullamco laboris.",published,2025-11-24T14:54:09.864583,author_006,author_006@example.com,author,Web Development|Photography|Travel,redis|rest-api,image_0007.jpg,/uploads/image_0007.jpg,image/jpeg,User 086,user086@example.com,I had a similar experience recently.
p_0198,10 Tips for Mastering Fastapi,fastapi-0198,"Lorem ipsum dolor sit amet, consectetur adipiscing elit. Sed do eiusmod tempor incididunt ut labore et dolore magna aliqua. Ut enim ad minim veniam, quis nostrud exercitation ullamco laboris.Lorem ipsum dolor sit amet, consectetur adipiscing elit. Sed do eiusmod tempor incididunt ut labore et dolore magna aliqua. Ut enim ad minim veniam, quis nostrud exercitation ullamco laboris.Lorem ipsum dolor sit amet, consectetur adipiscing elit. Sed do eiusmod tempor incididunt ut labore et dolore magna aliqua. Ut enim ad minim veniam, quis nostrud exercitation ullamco laboris.",published,2025-11-24T14:54:09.864583,author_006,author_006@example.com,author,Web Development|Photography|Travel,redis|rest-api,image_0007.jpg,/uploads/image_0007.jpg,image/jpeg,User 007,user007@example.com,Nice writeup. Subscribed.
p_0198,10 Tips for Mastering Fastapi,fastapi-0198,"Lorem ipsum dolor sit amet, consectetur adipiscing elit. Sed do eiusmod tempor incididunt ut labore et dolore magna aliqua. Ut enim ad minim veniam, quis nostrud exercitation ullamco laboris.Lorem ipsum dolor sit amet, consectetur adipiscing elit. Sed do eiusmod tempor incididunt ut labore et dolore magna aliqua. Ut enim ad minim veniam, quis nostrud exercitation ullamco laboris.Lorem ipsum dolor sit amet, consectetur adipiscing elit. Sed do eiusmod tempor incididunt ut labore et dolore magna aliqua. Ut enim ad minim veniam, quis nostrud exercitation ullamco laboris.",published,2025-11-24T14:54:09.864583,author_006,author_006@example.com,author,Web Development|Photography|Travel,redis|rest-api,image_0007.jpg,/uploads/image_0007.jpg,image/jpeg,User 060,user060@example.com,Nice writeup. Subscribed.
p_0198,10 Tips for Mastering Fastapi,fastapi-0198,"Lorem ipsum dolor sit amet, consectetur adipiscing elit. Sed do eiusmod tempor incididunt ut labore et dolore magna aliqua. Ut enim ad minim veniam, quis nostrud exercitation ullamco laboris.Lorem ipsum dolor sit amet, consectetur adipiscing elit. Sed do eiusmod tempor incididunt ut labore et dolore magna aliqua. Ut enim ad minim veniam, quis nostrud exercitation ullamco laboris.Lorem ipsum dolor sit amet, consectetur adipiscing elit. Sed do eiusmod tempor incididunt ut labore et dolore magna aliqua. Ut enim ad minim veniam, quis nostrud exercitation ullamco laboris.",published,2025-11-24T14:54:09.864583,author_006,author_006@example.com,author,Web Development|Photography|Travel,redis|rest-api,image_0007.jpg,/uploads/image_0007.jpg,image/jpeg,User 010,user010@example.com,This is exactly what I was looking for.
p_0199,Best Practices for Github,github-0199,"Lorem ipsum dolor sit amet, consectetur adipiscing elit. Sed do eiusmod tempor incididunt ut labore et dolore magna aliqua. Ut enim ad minim veniam, quis nostrud exercitation ullamco laboris.Lorem ipsum dolor sit amet, consectetur adipiscing elit. Sed do eiusmod tempor incididunt ut labore et dolore magna aliqua. Ut enim ad minim veniam, quis nostrud exercitation ullamco laboris.Lorem ipsum dolor sit amet, consectetur adipiscing elit. Sed do eiusmod tempor incididunt ut labore et dolore magna aliqua. Ut enim ad minim veniam, quis nostrud exercitation ullamco laboris.",published,2026-03-30T14:54:09.864600,author_008,author_008@example.com,contributor,Business|Photography,github|git,image_0018.jpg,/uploads/image_0018.jpg,image/jpeg,User 009,user009@example.com,"Very insightful, looking forward to more."
p_0199,Best Practices for Github,github-0199,"Lorem ipsum dolor sit amet, consectetur adipiscing elit. Sed do eiusmod tempor incididunt ut labore et dolore magna aliqua. Ut enim ad minim veniam, quis nostrud exercitation ullamco laboris.Lorem ipsum dolor sit amet, consectetur adipiscing elit. Sed do eiusmod tempor incididunt ut labore et dolore magna aliqua. Ut enim ad minim veniam, quis nostrud exercitation ullamco laboris.Lorem ipsum dolor sit amet, consectetur adipiscing elit. Sed do eiusmod tempor incididunt ut labore et dolore magna aliqua. Ut enim ad minim veniam, quis nostrud exercitation ullamco laboris.",published,2026-03-30T14:54:09.864600,author_008,author_008@example.com,contributor,Business|Photography,github|git,image_0018.jpg,/uploads/image_0018.jpg,image/jpeg,User 041,user041@example.com,Just tried this approach -- it works.
p_0199,Best Practices for Github,github-0199,"Lorem ipsum dolor sit amet, consectetur adipiscing elit. Sed do eiusmod tempor incididunt ut labore et dolore magna aliqua. Ut enim ad minim veniam, quis nostrud exercitation ullamco laboris.Lorem ipsum dolor sit amet, consectetur adipiscing elit. Sed do eiusmod tempor incididunt ut labore et dolore magna aliqua. Ut enim ad minim veniam, quis nostrud exercitation ullamco laboris.Lorem ipsum dolor sit amet, consectetur adipiscing elit. Sed do eiusmod tempor incididunt ut labore et dolore magna aliqua. Ut enim ad minim veniam, quis nostrud exercitation ullamco laboris.",published,2026-03-30T14:54:09.864600,author_008,author_008@example.com,contributor,Business|Photography,github|git,image_0018.jpg,/uploads/image_0018.jpg,image/jpeg,User 058,user058@example.com,Could you elaborate on the second part?
p_0199,Best Practices for Github,github-0199,"Lorem ipsum dolor sit amet, consectetur adipiscing elit. Sed do eiusmod tempor incididunt ut labore et dolore magna aliqua. Ut enim ad minim veniam, quis nostrud exercitation ullamco laboris.Lorem ipsum dolor sit amet, consectetur adipiscing elit. Sed do eiusmod tempor incididunt ut labore et dolore magna aliqua. Ut enim ad minim veniam, quis nostrud exercitation ullamco laboris.Lorem ipsum dolor sit amet, consectetur adipiscing elit. Sed do eiusmod tempor incididunt ut labore et dolore magna aliqua. Ut enim ad minim veniam, quis nostrud exercitation ullamco laboris.",published,2026-03-30T14:54:09.864600,author_008,author_008@example.com,contributor,Business|Photography,github|git,image_0018.jpg,/uploads/image_0018.jpg,image/jpeg,User 079,user079@example.com,This is exactly what I was looking for.
p_0199,Best Practices for Github,github-0199,"Lorem ipsum dolor sit amet, consectetur adipiscing elit. Sed do eiusmod tempor incididunt ut labore et dolore magna aliqua. Ut enim ad minim veniam, quis nostrud exercitation ullamco laboris.Lorem ipsum dolor sit amet, consectetur adipiscing elit. Sed do eiusmod tempor incididunt ut labore et dolore magna aliqua. Ut enim ad minim veniam, quis nostrud exercitation ullamco laboris.Lorem ipsum dolor sit amet, consectetur adipiscing elit. Sed do eiusmod tempor incididunt ut labore et dolore magna aliqua. Ut enim ad minim veniam, quis nostrud exercitation ullamco laboris.",published,2026-03-30T14:54:09.864600,author_008,author_008@example.com,contributor,Business|Photography,github|git,image_0018.jpg,/uploads/image_0018.jpg,image/jpeg,User 089,user089@example.com,I had a similar experience recently.
p_0199,Best Practices for Github,github-0199,"Lorem ipsum dolor sit amet, consectetur adipiscing elit. Sed do eiusmod tempor incididunt ut labore et dolore magna aliqua. Ut enim ad minim veniam, quis nostrud exercitation ullamco laboris.Lorem ipsum dolor sit amet, consectetur adipiscing elit. Sed do eiusmod tempor incididunt ut labore et dolore magna aliqua. Ut enim ad minim veniam, quis nostrud exercitation ullamco laboris.Lorem ipsum dolor sit amet, consectetur adipiscing elit. Sed do eiusmod tempor incididunt ut labore et dolore magna aliqua. Ut enim ad minim veniam, quis nostrud exercitation ullamco laboris.",published,2026-03-30T14:54:09.864600,author_008,author_008@example.com,contributor,Business|Photography,github|git,image_0018.jpg,/uploads/image_0018.jpg,image/jpeg,User 020,user020@example.com,I had a similar experience recently.
p_0199,Best Practices for Github,github-0199,"Lorem ipsum dolor sit amet, consectetur adipiscing elit. Sed do eiusmod tempor incididunt ut labore et dolore magna aliqua. Ut enim ad minim veniam, quis nostrud exercitation ullamco laboris.Lorem ipsum dolor sit amet, consectetur adipiscing elit. Sed do eiusmod tempor incididunt ut labore et dolore magna aliqua. Ut enim ad minim veniam, quis nostrud exercitation ullamco laboris.Lorem ipsum dolor sit amet, consectetur adipiscing elit. Sed do eiusmod tempor incididunt ut labore et dolore magna aliqua. Ut enim ad minim veniam, quis nostrud exercitation ullamco laboris.",published,2026-03-30T14:54:09.864600,author_008,author_008@example.com,contributor,Business|Photography,github|git,image_0018.jpg,/uploads/image_0018.jpg,image/jpeg,User 073,user073@example.com,Could you elaborate on the second part?
p_0200,Common Mistakes in Agile,agile-0200,"Lorem ipsum dolor sit amet, consectetur adipiscing elit. Sed do eiusmod tempor incididunt ut labore et dolore magna aliqua. Ut enim ad minim veniam, quis nostrud exercitation ullamco laboris.",published,2026-02-22T14:54:09.864625,author_013,author_013@example.com,author,Education,rest-api|kubernetes|flask,image_0021.webp,/uploads/image_0021.webp,image/webp,User 060,user060@example.com,Just tried this approach -- it works.
p_0200,Common Mistakes in Agile,agile-0200,"Lorem ipsum dolor sit amet, consectetur adipiscing elit. Sed do eiusmod tempor incididunt ut labore et dolore magna aliqua. Ut enim ad minim veniam, quis nostrud exercitation ullamco laboris.",published,2026-02-22T14:54:09.864625,author_013,author_013@example.com,author,Education,rest-api|kubernetes|flask,image_0021.webp,/uploads/image_0021.webp,image/webp,User 046,user046@example.com,This is exactly what I was looking for.
p_0200,Common Mistakes in Agile,agile-0200,"Lorem ipsum dolor sit amet, consectetur adipiscing elit. Sed do eiusmod tempor incididunt ut labore et dolore magna aliqua. Ut enim ad minim veniam, quis nostrud exercitation ullamco laboris.",published,2026-02-22T14:54:09.864625,author_013,author_013@example.com,author,Education,rest-api|kubernetes|flask,image_0021.webp,/uploads/image_0021.webp,image/webp,User 063,user063@example.com,Nice writeup. Subscribed.
p_0200,Common Mistakes in Agile,agile-0200,"Lorem ipsum dolor sit amet, consectetur adipiscing elit. Sed do eiusmod tempor incididunt ut labore et dolore magna aliqua. Ut enim ad minim veniam, quis nostrud exercitation ullamco laboris.",published,2026-02-22T14:54:09.864625,author_013,author_013@example.com,author,Education,rest-api|kubernetes|flask,image_0021.webp,/uploads/image_0021.webp,image/webp,User 014,user014@example.com,I disagree with point 3 -- here's why...
p_0200,Common Mistakes in Agile,agile-0200,"Lorem ipsum dolor sit amet, consectetur adipiscing elit. Sed do eiusmod tempor incididunt ut labore et dolore magna aliqua. Ut enim ad minim veniam, quis nostrud exercitation ullamco laboris.",published,2026-02-22T14:54:09.864625,author_013,author_013@example.com,author,Education,rest-api|kubernetes|flask,image_0021.webp,/uploads/image_0021.webp,image/webp,User 083,user083@example.com,I had a similar experience recently.
p_0200,Common Mistakes in Agile,agile-0200,"Lorem ipsum dolor sit amet, consectetur adipiscing elit. Sed do eiusmod tempor incididunt ut labore et dolore magna aliqua. Ut enim ad minim veniam, quis nostrud exercitation ullamco laboris.",published,2026-02-22T14:54:09.864625,author_013,author_013@example.com,author,Education,rest-api|kubernetes|flask,image_0021.webp,/uploads/image_0021.webp,image/webp,User 011,user011@example.com,This is exactly what I was looking for.
p_0201,Why Graphql Matters in 2024,graphql-0201,"Lorem ipsum dolor sit amet, consectetur adipiscing elit. Sed do eiusmod tempor incididunt ut labore et dolore magna aliqua. Ut enim ad minim veniam, quis nostrud exercitation ullamco laboris.Lorem ipsum dolor sit amet, consectetur adipiscing elit. Sed do eiusmod tempor incididunt ut labore et dolore magna aliqua. Ut enim ad minim veniam, quis nostrud exercitation ullamco laboris.Lorem ipsum dolor sit amet, consectetur adipiscing elit. Sed do eiusmod tempor incididunt ut labore et dolore magna aliqua. Ut enim ad minim veniam, quis nostrud exercitation ullamco laboris.",published,2026-02-08T14:54:09.864654,author_017,author_017@example.com,author,Programming,graphql,image_0001.jpg,/uploads/image_0001.jpg,image/jpeg,User 075,user075@example.com,Bookmarked for later reference.
p_0201,Why Graphql Matters in 2024,graphql-0201,"Lorem ipsum dolor sit amet, consectetur adipiscing elit. Sed do eiusmod tempor incididunt ut labore et dolore magna aliqua. Ut enim ad minim veniam, quis nostrud exercitation ullamco laboris.Lorem ipsum dolor sit amet, consectetur adipiscing elit. Sed do eiusmod tempor incididunt ut labore et dolore magna aliqua. Ut enim ad minim veniam, quis nostrud exercitation ullamco laboris.Lorem ipsum dolor sit amet, consectetur adipiscing elit. Sed do eiusmod tempor incididunt ut labore et dolore magna aliqua. Ut enim ad minim veniam, quis nostrud exercitation ullamco laboris.",published,2026-02-08T14:54:09.864654,author_017,author_017@example.com,author,Programming,graphql,image_0001.jpg,/uploads/image_0001.jpg,image/jpeg,User 099,user099@example.com,I had a similar experience recently.
p_0201,Why Graphql Matters in 2024,graphql-0201,"Lorem ipsum dolor sit amet, consectetur adipiscing elit. Sed do eiusmod tempor incididunt ut labore et dolore magna aliqua. Ut enim ad minim veniam, quis nostrud exercitation ullamco laboris.Lorem ipsum dolor sit amet, consectetur adipiscing elit. Sed do eiusmod tempor incididunt ut labore et dolore magna aliqua. Ut enim ad minim veniam, quis nostrud exercitation ullamco laboris.Lorem ipsum dolor sit amet, consectetur adipiscing elit. Sed do eiusmod tempor incididunt ut labore et dolore magna aliqua. Ut enim ad minim veniam, quis nostrud exercitation ullamco laboris.",published,2026-02-08T14:54:09.864654,author_017,author_017@example.com,author,Programming,graphql,image_0001.jpg,/uploads/image_0001.jpg,image/jpeg,User 028,user028@example.com,Great post! Really helpful.
p_0201,Why Graphql Matters in 2024,graphql-0201,"Lorem ipsum dolor sit amet, consectetur adipiscing elit. Sed do eiusmod tempor incididunt ut labore et dolore magna aliqua. Ut enim ad minim veniam, quis nostrud exercitation ullamco laboris.Lorem ipsum dolor sit amet, consectetur adipiscing elit. Sed do eiusmod tempor incididunt ut labore et dolore magna aliqua. Ut enim ad minim veniam, quis nostrud exercitation ullamco laboris.Lorem ipsum dolor sit amet, consectetur adipiscing elit. Sed do eiusmod tempor incididunt ut labore et dolore magna aliqua. Ut enim ad minim veniam, quis nostrud exercitation ullamco laboris.",published,2026-02-08T14:54:09.864654,author_017,author_017@example.com,author,Programming,graphql,image_0001.jpg,/uploads/image_0001.jpg,image/jpeg,User 071,user071@example.com,This is exactly what I was looking for.
p_0201,Why Graphql Matters in 2024,graphql-0201,"Lorem ipsum dolor sit amet, consectetur adipiscing elit. Sed do eiusmod tempor incididunt ut labore et dolore magna aliqua. Ut enim ad minim veniam, quis nostrud exercitation ullamco laboris.Lorem ipsum dolor sit amet, consectetur adipiscing elit. Sed do eiusmod tempor incididunt ut labore et dolore magna aliqua. Ut enim ad minim veniam, quis nostrud exercitation ullamco laboris.Lorem ipsum dolor sit amet, consectetur adipiscing elit. Sed do eiusmod tempor incididunt ut labore et dolore magna aliqua. Ut enim ad minim veniam, quis nostrud exercitation ullamco laboris.",published,2026-02-08T14:54:09.864654,author_017,author_017@example.com,author,Programming,graphql,image_0001.jpg,/uploads/image_0001.jpg,image/jpeg,User 070,user070@example.com,Nice writeup. Subscribed.
p_0201,Why Graphql Matters in 2024,graphql-0201,"Lorem ipsum dolor sit amet, consectetur adipiscing elit. Sed do eiusmod tempor incididunt ut labore et dolore magna aliqua. Ut enim ad minim veniam, quis nostrud exercitation ullamco laboris.Lorem ipsum dolor sit amet, consectetur adipiscing elit. Sed do eiusmod tempor incididunt ut labore et dolore magna aliqua. Ut enim ad minim veniam, quis nostrud exercitation ullamco laboris.Lorem ipsum dolor sit amet, consectetur adipiscing elit. Sed do eiusmod tempor incididunt ut labore et dolore magna aliqua. Ut enim ad minim veniam, quis nostrud exercitation ullamco laboris.",published,2026-02-08T14:54:09.864654,author_017,author_017@example.com,author,Programming,graphql,image_0001.jpg,/uploads/image_0001.jpg,image/jpeg,User 061,user061@example.com,I disagree with point 3 -- here's why...
p_0201,Why Graphql Matters in 2024,graphql-0201,"Lorem ipsum dolor sit amet, consectetur adipiscing elit. Sed do eiusmod tempor incididunt ut labore et dolore magna aliqua. Ut enim ad minim veniam, quis nostrud exercitation ullamco laboris.Lorem ipsum dolor sit amet, consectetur adipiscing elit. Sed do eiusmod tempor incididunt ut labore et dolore magna aliqua. Ut enim ad minim veniam, quis nostrud exercitation ullamco laboris.Lorem ipsum dolor sit amet, consectetur adipiscing elit. Sed do eiusmod tempor incididunt ut labore et dolore magna aliqua. Ut enim ad minim veniam, quis nostrud exercitation ullamco laboris.",published,2026-02-08T14:54:09.864654,author_017,author_017@example.com,author,Programming,graphql,image_0001.jpg,/uploads/image_0001.jpg,image/jpeg,User 047,user047@example.com,Bookmarked for later reference.
p_0202,Nodejs for Beginners,nodejs-0202,"Lorem ipsum dolor sit amet, consectetur adipiscing elit. Sed do eiusmod tempor incididunt ut labore et dolore magna aliqua. Ut enim ad minim veniam, quis nostrud exercitation ullamco laboris.Lorem ipsum dolor sit amet, consectetur adipiscing elit. Sed do eiusmod tempor incididunt ut labore et dolore magna aliqua. Ut enim ad minim veniam, quis nostrud exercitation ullamco laboris.Lorem ipsum dolor sit amet, consectetur adipiscing elit. Sed do eiusmod tempor incididunt ut labore et dolore magna aliqua. Ut enim ad minim veniam, quis nostrud exercitation ullamco laboris.",published,2026-03-12T14:54:09.864677,author_009,author_009@example.com,author,Education,nosql|python|github,image_0039.gif,/uploads/image_0039.gif,image/gif,User 097,user097@example.com,Nice writeup. Subscribed.
p_0202,Nodejs for Beginners,nodejs-0202,"Lorem ipsum dolor sit amet, consectetur adipiscing elit. Sed do eiusmod tempor incididunt ut labore et dolore magna aliqua. Ut enim ad minim veniam, quis nostrud exercitation ullamco laboris.Lorem ipsum dolor sit amet, consectetur adipiscing elit. Sed do eiusmod tempor incididunt ut labore et dolore magna aliqua. Ut enim ad minim veniam, quis nostrud exercitation ullamco laboris.Lorem ipsum dolor sit amet, consectetur adipiscing elit. Sed do eiusmod tempor incididunt ut labore et dolore magna aliqua. Ut enim ad minim veniam, quis nostrud exercitation ullamco laboris.",published,2026-03-12T14:54:09.864677,author_009,author_009@example.com,author,Education,nosql|python|github,image_0039.gif,/uploads/image_0039.gif,image/gif,User 018,user018@example.com,Just tried this approach -- it works.
p_0202,Nodejs for Beginners,nodejs-0202,"Lorem ipsum dolor sit amet, consectetur adipiscing elit. Sed do eiusmod tempor incididunt ut labore et dolore magna aliqua. Ut enim ad minim veniam, quis nostrud exercitation ullamco laboris.Lorem ipsum dolor sit amet, consectetur adipiscing elit. Sed do eiusmod tempor incididunt ut labore et dolore magna aliqua. Ut enim ad minim veniam, quis nostrud exercitation ullamco laboris.Lorem ipsum dolor sit amet, consectetur adipiscing elit. Sed do eiusmod tempor incididunt ut labore et dolore magna aliqua. Ut enim ad minim veniam, quis nostrud exercitation ullamco laboris.",published,2026-03-12T14:54:09.864677,author_009,author_009@example.com,author,Education,nosql|python|github,image_0039.gif,/uploads/image_0039.gif,image/gif,User 021,user021@example.com,I disagree with point 3 -- here's why...
p_0202,Nodejs for Beginners,nodejs-0202,"Lorem ipsum dolor sit amet, consectetur adipiscing elit. Sed do eiusmod tempor incididunt ut labore et dolore magna aliqua. Ut enim ad minim veniam, quis nostrud exercitation ullamco laboris.Lorem ipsum dolor sit amet, consectetur adipiscing elit. Sed do eiusmod tempor incididunt ut labore et dolore magna aliqua. Ut enim ad minim veniam, quis nostrud exercitation ullamco laboris.Lorem ipsum dolor sit amet, consectetur adipiscing elit. Sed do eiusmod tempor incididunt ut labore et dolore magna aliqua. Ut enim ad minim veniam, quis nostrud exercitation ullamco laboris.",published,2026-03-12T14:54:09.864677,author_009,author_009@example.com,author,Education,nosql|python|github,image_0039.gif,/uploads/image_0039.gif,image/gif,User 073,user073@example.com,I had a similar experience recently.
p_0203,Why Github Matters in 2024,github-0203,"Lorem ipsum dolor sit amet, consectetur adipiscing elit. Sed do eiusmod tempor incididunt ut labore et dolore magna aliqua. Ut enim ad minim veniam, quis nostrud exercitation ullamco laboris.Lorem ipsum dolor sit amet, consectetur adipiscing elit. Sed do eiusmod tempor incididunt ut labore et dolore magna aliqua. Ut enim ad minim veniam, quis nostrud exercitation ullamco laboris.",published,2025-11-17T14:54:09.864696,author_015,author_015@example.com,editor,Programming,kubernetes|nodejs|javascript,image_0033.webp,/uploads/image_0033.webp,image/webp,User 050,user050@example.com,Just tried this approach -- it works.
p_0203,Why Github Matters in 2024,github-0203,"Lorem ipsum dolor sit amet, consectetur adipiscing elit. Sed do eiusmod tempor incididunt ut labore et dolore magna aliqua. Ut enim ad minim veniam, quis nostrud exercitation ullamco laboris.Lorem ipsum dolor sit amet, consectetur adipiscing elit. Sed do eiusmod tempor incididunt ut labore et dolore magna aliqua. Ut enim ad minim veniam, quis nostrud exercitation ullamco laboris.",published,2025-11-17T14:54:09.864696,author_015,author_015@example.com,editor,Programming,kubernetes|nodejs|javascript,image_0033.webp,/uploads/image_0033.webp,image/webp,User 059,user059@example.com,Great post! Really helpful.
p_0203,Why Github Matters in 2024,github-0203,"Lorem ipsum dolor sit amet, consectetur adipiscing elit. Sed do eiusmod tempor incididunt ut labore et dolore magna aliqua. Ut enim ad minim veniam, quis nostrud exercitation ullamco laboris.Lorem ipsum dolor sit amet, consectetur adipiscing elit. Sed do eiusmod tempor incididunt ut labore et dolore magna aliqua. Ut enim ad minim veniam, quis nostrud exercitation ullamco laboris.",published,2025-11-17T14:54:09.864696,author_015,author_015@example.com,editor,Programming,kubernetes|nodejs|javascript,image_0033.webp,/uploads/image_0033.webp,image/webp,User 006,user006@example.com,Could you elaborate on the second part?
p_0203,Why Github Matters in 2024,github-0203,"Lorem ipsum dolor sit amet, consectetur adipiscing elit. Sed do eiusmod tempor incididunt ut labore et dolore magna aliqua. Ut enim ad minim veniam, quis nostrud exercitation ullamco laboris.Lorem ipsum dolor sit amet, consectetur adipiscing elit. Sed do eiusmod tempor incididunt ut labore et dolore magna aliqua. Ut enim ad minim veniam, quis nostrud exercitation ullamco laboris.",published,2025-11-17T14:54:09.864696,author_015,author_015@example.com,editor,Programming,kubernetes|nodejs|javascript,image_0033.webp,/uploads/image_0033.webp,image/webp,User 014,user014@example.com,Nice writeup. Subscribed.
p_0203,Why Github Matters in 2024,github-0203,"Lorem ipsum dolor sit amet, consectetur adipiscing elit. Sed do eiusmod tempor incididunt ut labore et dolore magna aliqua. Ut enim ad minim veniam, quis nostrud exercitation ullamco laboris.Lorem ipsum dolor sit amet, consectetur adipiscing elit. Sed do eiusmod tempor incididunt ut labore et dolore magna aliqua. Ut enim ad minim veniam, quis nostrud exercitation ullamco laboris.",published,2025-11-17T14:54:09.864696,author_015,author_015@example.com,editor,Programming,kubernetes|nodejs|javascript,image_0033.webp,/uploads/image_0033.webp,image/webp,User 082,user082@example.com,This is exactly what I was looking for.
p_0204,10 Tips for Mastering Rest Api,rest-api-0204,"Lorem ipsum dolor sit amet, consectetur adipiscing elit. Sed do eiusmod tempor incididunt ut labore et dolore magna aliqua. Ut enim ad minim veniam, quis nostrud exercitation ullamco laboris.Lorem ipsum dolor sit amet, consectetur adipiscing elit. Sed do eiusmod tempor incididunt ut labore et dolore magna aliqua. Ut enim ad minim veniam, quis nostrud exercitation ullamco laboris.",published,2025-08-14T14:54:09.864716,author_018,author_018@example.com,author,Education|Business|Programming,aws|devops|nodejs,image_0022.jpg,/uploads/image_0022.jpg,image/jpeg,User 063,user063@example.com,Just tried this approach -- it works.
p_0204,10 Tips for Mastering Rest Api,rest-api-0204,"Lorem ipsum dolor sit amet, consectetur adipiscing elit. Sed do eiusmod tempor incididunt ut labore et dolore magna aliqua. Ut enim ad minim veniam, quis nostrud exercitation ullamco laboris.Lorem ipsum dolor sit amet, consectetur adipiscing elit. Sed do eiusmod tempor incididunt ut labore et dolore magna aliqua. Ut enim ad minim veniam, quis nostrud exercitation ullamco laboris.",published,2025-08-14T14:54:09.864716,author_018,author_018@example.com,author,Education|Business|Programming,aws|devops|nodejs,image_0022.jpg,/uploads/image_0022.jpg,image/jpeg,User 078,user078@example.com,Great post! Really helpful.
p_0204,10 Tips for Mastering Rest Api,rest-api-0204,"Lorem ipsum dolor sit amet, consectetur adipiscing elit. Sed do eiusmod tempor incididunt ut labore et dolore magna aliqua. Ut enim ad minim veniam, quis nostrud exercitation ullamco laboris.Lorem ipsum dolor sit amet, consectetur adipiscing elit. Sed do eiusmod tempor incididunt ut labore et dolore magna aliqua. Ut enim ad minim veniam, quis nostrud exercitation ullamco laboris.",published,2025-08-14T14:54:09.864716,author_018,author_018@example.com,author,Education|Business|Programming,aws|devops|nodejs,image_0022.jpg,/uploads/image_0022.jpg,image/jpeg,User 065,user065@example.com,I disagree with point 3 -- here's why...
p_0204,10 Tips for Mastering Rest Api,rest-api-0204,"Lorem ipsum dolor sit amet, consectetur adipiscing elit. Sed do eiusmod tempor incididunt ut labore et dolore magna aliqua. Ut enim ad minim veniam, quis nostrud exercitation ullamco laboris.Lorem ipsum dolor sit amet, consectetur adipiscing elit. Sed do eiusmod tempor incididunt ut labore et dolore magna aliqua. Ut enim ad minim veniam, quis nostrud exercitation ullamco laboris.",published,2025-08-14T14:54:09.864716,author_018,author_018@example.com,author,Education|Business|Programming,aws|devops|nodejs,image_0022.jpg,/uploads/image_0022.jpg,image/jpeg,User 057,user057@example.com,I disagree with point 3 -- here's why...
p_0204,10 Tips for Mastering Rest Api,rest-api-0204,"Lorem ipsum dolor sit amet, consectetur adipiscing elit. Sed do eiusmod tempor incididunt ut labore et dolore magna aliqua. Ut enim ad minim veniam, quis nostrud exercitation ullamco laboris.Lorem ipsum dolor sit amet, consectetur adipiscing elit. Sed do eiusmod tempor incididunt ut labore et dolore magna aliqua. Ut enim ad minim veniam, quis nostrud exercitation ullamco laboris.",published,2025-08-14T14:54:09.864716,author_018,author_018@example.com,author,Education|Business|Programming,aws|devops|nodejs,image_0022.jpg,/uploads/image_0022.jpg,image/jpeg,User 030,user030@example.com,Thanks for sharing this.
p_0205,10 Tips for Mastering Nosql,nosql-0205,"Lorem ipsum dolor sit amet, consectetur adipiscing elit. Sed do eiusmod tempor incididunt ut labore et dolore magna aliqua. Ut enim ad minim veniam, quis nostrud exercitation ullamco laboris.Lorem ipsum dolor sit amet, consectetur adipiscing elit. Sed do eiusmod tempor incididunt ut labore et dolore magna aliqua. Ut enim ad minim veniam, quis nostrud exercitation ullamco laboris.",published,2026-03-04T14:54:09.864738,author_006,author_006@example.com,author,Programming|Design|Education,testing|django|sql,image_0030.jpg,/uploads/image_0030.jpg,image/jpeg,User 076,user076@example.com,I disagree with point 3 -- here's why...
p_0205,10 Tips for Mastering Nosql,nosql-0205,"Lorem ipsum dolor sit amet, consectetur adipiscing elit. Sed do eiusmod tempor incididunt ut labore et dolore magna aliqua. Ut enim ad minim veniam, quis nostrud exercitation ullamco laboris.Lorem ipsum dolor sit amet, consectetur adipiscing elit. Sed do eiusmod tempor incididunt ut labore et dolore magna aliqua. Ut enim ad minim veniam, quis nostrud exercitation ullamco laboris.",published,2026-03-04T14:54:09.864738,author_006,author_006@example.com,author,Programming|Design|Education,testing|django|sql,image_0030.jpg,/uploads/image_0030.jpg,image/jpeg,User 083,user083@example.com,Bookmarked for later reference.
p_0205,10 Tips for Mastering Nosql,nosql-0205,"Lorem ipsum dolor sit amet, consectetur adipiscing elit. Sed do eiusmod tempor incididunt ut labore et dolore magna aliqua. Ut enim ad minim veniam, quis nostrud exercitation ullamco laboris.Lorem ipsum dolor sit amet, consectetur adipiscing elit. Sed do eiusmod tempor incididunt ut labore et dolore magna aliqua. Ut enim ad minim veniam, quis nostrud exercitation ullamco laboris.",published,2026-03-04T14:54:09.864738,author_006,author_006@example.com,author,Programming|Design|Education,testing|django|sql,image_0030.jpg,/uploads/image_0030.jpg,image/jpeg,User 003,user003@example.com,"Very insightful, looking forward to more."
p_0205,10 Tips for Mastering Nosql,nosql-0205,"Lorem ipsum dolor sit amet, consectetur adipiscing elit. Sed do eiusmod tempor incididunt ut labore et dolore magna aliqua. Ut enim ad minim veniam, quis nostrud exercitation ullamco laboris.Lorem ipsum dolor sit amet, consectetur adipiscing elit. Sed do eiusmod tempor incididunt ut labore et dolore magna aliqua. Ut enim ad minim veniam, quis nostrud exercitation ullamco laboris.",published,2026-03-04T14:54:09.864738,author_006,author_006@example.com,author,Programming|Design|Education,testing|django|sql,image_0030.jpg,/uploads/image_0030.jpg,image/jpeg,User 006,user006@example.com,I disagree with point 3 -- here's why...
p_0206,Postgresql for Beginners,postgresql-0206,"Lorem ipsum dolor sit amet, consectetur adipiscing elit. Sed do eiusmod tempor incididunt ut labore et dolore magna aliqua. Ut enim ad minim veniam, quis nostrud exercitation ullamco laboris.",published,2026-03-12T14:54:09.864756,author_005,author_005@example.com,author,Web Development|Technology|Photography,devops|react|nosql,,,,User 073,user073@example.com,Great post! Really helpful.
p_0206,Postgresql for Beginners,postgresql-0206,"Lorem ipsum dolor sit amet, consectetur adipiscing elit. Sed do eiusmod tempor incididunt ut labore et dolore magna aliqua. Ut enim ad minim veniam, quis nostrud exercitation ullamco laboris.",published,2026-03-12T14:54:09.864756,author_005,author_005@example.com,author,Web Development|Technology|Photography,devops|react|nosql,,,,User 093,user093@example.com,This is exactly what I was looking for.
p_0206,Postgresql for Beginners,postgresql-0206,"Lorem ipsum dolor sit amet, consectetur adipiscing elit. Sed do eiusmod tempor incididunt ut labore et dolore magna aliqua. Ut enim ad minim veniam, quis nostrud exercitation ullamco laboris.",published,2026-03-12T14:54:09.864756,author_005,author_005@example.com,author,Web Development|Technology|Photography,devops|react|nosql,,,,User 011,user011@example.com,"Very insightful, looking forward to more."
p_0206,Postgresql for Beginners,postgresql-0206,"Lorem ipsum dolor sit amet, consectetur adipiscing elit. Sed do eiusmod tempor incididunt ut labore et dolore magna aliqua. Ut enim ad minim veniam, quis nostrud exercitation ullamco laboris.",published,2026-03-12T14:54:09.864756,author_005,author_005@example.com,author,Web Development|Technology|Photography,devops|react|nosql,,,,User 058,user058@example.com,I had a similar experience recently.
p_0206,Postgresql for Beginners,postgresql-0206,"Lorem ipsum dolor sit amet, consectetur adipiscing elit. Sed do eiusmod tempor incididunt ut labore et dolore magna aliqua. Ut enim ad minim veniam, quis nostrud exercitation ullamco laboris.",published,2026-03-12T14:54:09.864756,author_005,author_005@example.com,author,Web Development|Technology|Photography,devops|react|nosql,,,,User 061,user061@example.com,Just tried this approach -- it works.
p_0206,Postgresql for Beginners,postgresql-0206,"Lorem ipsum dolor sit amet, consectetur adipiscing elit. Sed do eiusmod tempor incididunt ut labore et dolore magna aliqua. Ut enim ad minim veniam, quis nostrud exercitation ullamco laboris.",published,2026-03-12T14:54:09.864756,author_005,author_005@example.com,author,Web Development|Technology|Photography,devops|react|nosql,,,,User 022,user022@example.com,"Very insightful, looking forward to more."
p_0206,Postgresql for Beginners,postgresql-0206,"Lorem ipsum dolor sit amet, consectetur adipiscing elit. Sed do eiusmod tempor incididunt ut labore et dolore magna aliqua. Ut enim ad minim veniam, quis nostrud exercitation ullamco laboris.",published,2026-03-12T14:54:09.864756,author_005,author_005@example.com,author,Web Development|Technology|Photography,devops|react|nosql,,,,User 053,user053@example.com,I had a similar experience recently.
p_0207,Flask for Beginners,flask-0207,"Lorem ipsum dolor sit amet, consectetur adipiscing elit. Sed do eiusmod tempor incididunt ut labore et dolore magna aliqua. Ut enim ad minim veniam, quis nostrud exercitation ullamco laboris.Lorem ipsum dolor sit amet, consectetur adipiscing elit. Sed do eiusmod tempor incididunt ut labore et dolore magna aliqua. Ut enim ad minim veniam, quis nostrud exercitation ullamco laboris.",published,2025-07-04T14:54:09.864781,author_005,author_005@example.com,author,Business,redis|postgresql|fastapi|nodejs,image_0008.png,/uploads/image_0008.png,image/png,User 003,user003@example.com,"Very insightful, looking forward to more."
p_0207,Flask for Beginners,flask-0207,"Lorem ipsum dolor sit amet, consectetur adipiscing elit. Sed do eiusmod tempor incididunt ut labore et dolore magna aliqua. Ut enim ad minim veniam, quis nostrud exercitation ullamco laboris.Lorem ipsum dolor sit amet, consectetur adipiscing elit. Sed do eiusmod tempor incididunt ut labore et dolore magna aliqua. Ut enim ad minim veniam, quis nostrud exercitation ullamco laboris.",published,2025-07-04T14:54:09.864781,author_005,author_005@example.com,author,Business,redis|postgresql|fastapi|nodejs,image_0008.png,/uploads/image_0008.png,image/png,User 067,user067@example.com,Nice writeup. Subscribed.
p_0207,Flask for Beginners,flask-0207,"Lorem ipsum dolor sit amet, consectetur adipiscing elit. Sed do eiusmod tempor incididunt ut labore et dolore magna aliqua. Ut enim ad minim veniam, quis nostrud exercitation ullamco laboris.Lorem ipsum dolor sit amet, consectetur adipiscing elit. Sed do eiusmod tempor incididunt ut labore et dolore magna aliqua. Ut enim ad minim veniam, quis nostrud exercitation ullamco laboris.",published,2025-07-04T14:54:09.864781,author_005,author_005@example.com,author,Business,redis|postgresql|fastapi|nodejs,image_0008.png,/uploads/image_0008.png,image/png,User 088,user088@example.com,Bookmarked for later reference.
p_0208,Why Rest Api Matters in 2024,rest-api-0208,"Lorem ipsum dolor sit amet, consectetur adipiscing elit. Sed do eiusmod tempor incididunt ut labore et dolore magna aliqua. Ut enim ad minim veniam, quis nostrud exercitation ullamco laboris.Lorem ipsum dolor sit amet, consectetur adipiscing elit. Sed do eiusmod tempor incididunt ut labore et dolore magna aliqua. Ut enim ad minim veniam, quis nostrud exercitation ullamco laboris.Lorem ipsum dolor sit amet, consectetur adipiscing elit. Sed do eiusmod tempor incididunt ut labore et dolore magna aliqua. Ut enim ad minim veniam, quis nostrud exercitation ullamco laboris.",published,2026-03-31T14:54:09.864796,author_019,author_019@example.com,author,Technology|Travel|Programming,sql,image_0038.webp,/uploads/image_0038.webp,image/webp,User 001,user001@example.com,Bookmarked for later reference.
p_0208,Why Rest Api Matters in 2024,rest-api-0208,"Lorem ipsum dolor sit amet, consectetur adipiscing elit. Sed do eiusmod tempor incididunt ut labore et dolore magna aliqua. Ut enim ad minim veniam, quis nostrud exercitation ullamco laboris.Lorem ipsum dolor sit amet, consectetur adipiscing elit. Sed do eiusmod tempor incididunt ut labore et dolore magna aliqua. Ut enim ad minim veniam, quis nostrud exercitation ullamco laboris.Lorem ipsum dolor sit amet, consectetur adipiscing elit. Sed do eiusmod tempor incididunt ut labore et dolore magna aliqua. Ut enim ad minim veniam, quis nostrud exercitation ullamco laboris.",published,2026-03-31T14:54:09.864796,author_019,author_019@example.com,author,Technology|Travel|Programming,sql,image_0038.webp,/uploads/image_0038.webp,image/webp,User 067,user067@example.com,Bookmarked for later reference.
p_0208,Why Rest Api Matters in 2024,rest-api-0208,"Lorem ipsum dolor sit amet, consectetur adipiscing elit. Sed do eiusmod tempor incididunt ut labore et dolore magna aliqua. Ut enim ad minim veniam, quis nostrud exercitation ullamco laboris.Lorem ipsum dolor sit amet, consectetur adipiscing elit. Sed do eiusmod tempor incididunt ut labore et dolore magna aliqua. Ut enim ad minim veniam, quis nostrud exercitation ullamco laboris.Lorem ipsum dolor sit amet, consectetur adipiscing elit. Sed do eiusmod tempor incididunt ut labore et dolore magna aliqua. Ut enim ad minim veniam, quis nostrud exercitation ullamco laboris.",published,2026-03-31T14:54:09.864796,author_019,author_019@example.com,author,Technology|Travel|Programming,sql,image_0038.webp,/uploads/image_0038.webp,image/webp,User 048,user048@example.com,Great post! Really helpful.
p_0208,Why Rest Api Matters in 2024,rest-api-0208,"Lorem ipsum dolor sit amet, consectetur adipiscing elit. Sed do eiusmod tempor incididunt ut labore et dolore magna aliqua. Ut enim ad minim veniam, quis nostrud exercitation ullamco laboris.Lorem ipsum dolor sit amet, consectetur adipiscing elit. Sed do eiusmod tempor incididunt ut labore et dolore magna aliqua. Ut enim ad minim veniam, quis nostrud exercitation ullamco laboris.Lorem ipsum dolor sit amet, consectetur adipiscing elit. Sed do eiusmod tempor incididunt ut labore et dolore magna aliqua. Ut enim ad minim veniam, quis nostrud exercitation ullamco laboris.",published,2026-03-31T14:54:09.864796,author_019,author_019@example.com,author,Technology|Travel|Programming,sql,image_0038.webp,/uploads/image_0038.webp,image/webp,User 090,user090@example.com,Nice writeup. Subscribed.
p_0208,Why Rest Api Matters in 2024,rest-api-0208,"Lorem ipsum dolor sit amet, consectetur adipiscing elit. Sed do eiusmod tempor incididunt ut labore et dolore magna aliqua. Ut enim ad minim veniam, quis nostrud exercitation ullamco laboris.Lorem ipsum dolor sit amet, consectetur adipiscing elit. Sed do eiusmod tempor incididunt ut labore et dolore magna aliqua. Ut enim ad minim veniam, quis nostrud exercitation ullamco laboris.Lorem ipsum dolor sit amet, consectetur adipiscing elit. Sed do eiusmod tempor incididunt ut labore et dolore magna aliqua. Ut enim ad minim veniam, quis nostrud exercitation ullamco laboris.",published,2026-03-31T14:54:09.864796,author_019,author_019@example.com,author,Technology|Travel|Programming,sql,image_0038.webp,/uploads/image_0038.webp,image/webp,User 055,user055@example.com,"Very insightful, looking forward to more."
p_0208,Why Rest Api Matters in 2024,rest-api-0208,"Lorem ipsum dolor sit amet, consectetur adipiscing elit. Sed do eiusmod tempor incididunt ut labore et dolore magna aliqua. Ut enim ad minim veniam, quis nostrud exercitation ullamco laboris.Lorem ipsum dolor sit amet, consectetur adipiscing elit. Sed do eiusmod tempor incididunt ut labore et dolore magna aliqua. Ut enim ad minim veniam, quis nostrud exercitation ullamco laboris.Lorem ipsum dolor sit amet, consectetur adipiscing elit. Sed do eiusmod tempor incididunt ut labore et dolore magna aliqua. Ut enim ad minim veniam, quis nostrud exercitation ullamco laboris.",published,2026-03-31T14:54:09.864796,author_019,author_019@example.com,author,Technology|Travel|Programming,sql,image_0038.webp,/uploads/image_0038.webp,image/webp,User 062,user062@example.com,Bookmarked for later reference.
p_0208,Why Rest Api Matters in 2024,rest-api-0208,"Lorem ipsum dolor sit amet, consectetur adipiscing elit. Sed do eiusmod tempor incididunt ut labore et dolore magna aliqua. Ut enim ad minim veniam, quis nostrud exercitation ullamco laboris.Lorem ipsum dolor sit amet, consectetur adipiscing elit. Sed do eiusmod tempor incididunt ut labore et dolore magna aliqua. Ut enim ad minim veniam, quis nostrud exercitation ullamco laboris.Lorem ipsum dolor sit amet, consectetur adipiscing elit. Sed do eiusmod tempor incididunt ut labore et dolore magna aliqua. Ut enim ad minim veniam, quis nostrud exercitation ullamco laboris.",published,2026-03-31T14:54:09.864796,author_019,author_019@example.com,author,Technology|Travel|Programming,sql,image_0038.webp,/uploads/image_0038.webp,image/webp,User 045,user045@example.com,I had a similar experience recently.
p_0209,Agile for Beginners,agile-0209,"Lorem ipsum dolor sit amet, consectetur adipiscing elit. Sed do eiusmod tempor incididunt ut labore et dolore magna aliqua. Ut enim ad minim veniam, quis nostrud exercitation ullamco laboris.Lorem ipsum dolor sit amet, consectetur adipiscing elit. Sed do eiusmod tempor incididunt ut labore et dolore magna aliqua. Ut enim ad minim veniam, quis nostrud exercitation ullamco laboris.",published,2025-10-14T14:54:09.864821,author_003,author_003@example.com,contributor,Programming,redis|microservices|mongodb,image_0012.png,/uploads/image_0012.png,image/png,User 091,user091@example.com,Great post! Really helpful.
p_0209,Agile for Beginners,agile-0209,"Lorem ipsum dolor sit amet, consectetur adipiscing elit. Sed do eiusmod tempor incididunt ut labore et dolore magna aliqua. Ut enim ad minim veniam, quis nostrud exercitation ullamco laboris.Lorem ipsum dolor sit amet, consectetur adipiscing elit. Sed do eiusmod tempor incididunt ut labore et dolore magna aliqua. Ut enim ad minim veniam, quis nostrud exercitation ullamco laboris.",published,2025-10-14T14:54:09.864821,author_003,author_003@example.com,contributor,Programming,redis|microservices|mongodb,image_0012.png,/uploads/image_0012.png,image/png,User 074,user074@example.com,Nice writeup. Subscribed.
p_0209,Agile for Beginners,agile-0209,"Lorem ipsum dolor sit amet, consectetur adipiscing elit. Sed do eiusmod tempor incididunt ut labore et dolore magna aliqua. Ut enim ad minim veniam, quis nostrud exercitation ullamco laboris.Lorem ipsum dolor sit amet, consectetur adipiscing elit. Sed do eiusmod tempor incididunt ut labore et dolore magna aliqua. Ut enim ad minim veniam, quis nostrud exercitation ullamco laboris.",published,2025-10-14T14:54:09.864821,author_003,author_003@example.com,contributor,Programming,redis|microservices|mongodb,image_0012.png,/uploads/image_0012.png,image/png,User 016,user016@example.com,Nice writeup. Subscribed.
p_0210,Python vs Alternatives,python-0210,"Lorem ipsum dolor sit amet, consectetur adipiscing elit. Sed do eiusmod tempor incididunt ut labore et dolore magna aliqua. Ut enim ad minim veniam, quis nostrud exercitation ullamco laboris.Lorem ipsum dolor sit amet, consectetur adipiscing elit. Sed do eiusmod tempor incididunt ut labore et dolore magna aliqua. Ut enim ad minim veniam, quis nostrud exercitation ullamco laboris.",draft,,author_006,author_006@example.com,author,Programming|Web Development,git|postgresql|css|graphql,image_0036.jpg,/uploads/image_0036.jpg,image/jpeg,User 079,user079@example.com,This is exactly what I was looking for.
p_0210,Python vs Alternatives,python-0210,"Lorem ipsum dolor sit amet, consectetur adipiscing elit. Sed do eiusmod tempor incididunt ut labore et dolore magna aliqua. Ut enim ad minim veniam, quis nostrud exercitation ullamco laboris.Lorem ipsum dolor sit amet, consectetur adipiscing elit. Sed do eiusmod tempor incididunt ut labore et dolore magna aliqua. Ut enim ad minim veniam, quis nostrud exercitation ullamco laboris.",draft,,author_006,author_006@example.com,author,Programming|Web Development,git|postgresql|css|graphql,image_0036.jpg,/uploads/image_0036.jpg,image/jpeg,User 088,user088@example.com,Bookmarked for later reference.
p_0210,Python vs Alternatives,python-0210,"Lorem ipsum dolor sit amet, consectetur adipiscing elit. Sed do eiusmod tempor incididunt ut labore et dolore magna aliqua. Ut enim ad minim veniam, quis nostrud exercitation ullamco laboris.Lorem ipsum dolor sit amet, consectetur adipiscing elit. Sed do eiusmod tempor incididunt ut labore et dolore magna aliqua. Ut enim ad minim veniam, quis nostrud exercitation ullamco laboris.",draft,,author_006,author_006@example.com,author,Programming|Web Development,git|postgresql|css|graphql,image_0036.jpg,/uploads/image_0036.jpg,image/jpeg,User 097,user097@example.com,"Very insightful, looking forward to more."
p_0210,Python vs Alternatives,python-0210,"Lorem ipsum dolor sit amet, consectetur adipiscing elit. Sed do eiusmod tempor incididunt ut labore et dolore magna aliqua. Ut enim ad minim veniam, quis nostrud exercitation ullamco laboris.Lorem ipsum dolor sit amet, consectetur adipiscing elit. Sed do eiusmod tempor incididunt ut labore et dolore magna aliqua. Ut enim ad minim veniam, quis nostrud exercitation ullamco laboris.",draft,,author_006,author_006@example.com,author,Programming|Web Development,git|postgresql|css|graphql,image_0036.jpg,/uploads/image_0036.jpg,image/jpeg,User 053,user053@example.com,Nice writeup. Subscribed.
p_0210,Python vs Alternatives,python-0210,"Lorem ipsum dolor sit amet, consectetur adipiscing elit. Sed do eiusmod tempor incididunt ut labore et dolore magna aliqua. Ut enim ad minim veniam, quis nostrud exercitation ullamco laboris.Lorem ipsum dolor sit amet, consectetur adipiscing elit. Sed do eiusmod tempor incididunt ut labore et dolore magna aliqua. Ut enim ad minim veniam, quis nostrud exercitation ullamco laboris.",draft,,author_006,author_006@example.com,author,Programming|Web Development,git|postgresql|css|graphql,image_0036.jpg,/uploads/image_0036.jpg,image/jpeg,User 072,user072@example.com,Just tried this approach -- it works.
p_0211,Common Mistakes in React,react-0211,"Lorem ipsum dolor sit amet, consectetur adipiscing elit. Sed do eiusmod tempor incididunt ut labore et dolore magna aliqua. Ut enim ad minim veniam, quis nostrud exercitation ullamco laboris.Lorem ipsum dolor sit amet, consectetur adipiscing elit. Sed do eiusmod tempor incididunt ut labore et dolore magna aliqua. Ut enim ad minim veniam, quis nostrud exercitation ullamco laboris.",published,2025-08-08T14:54:09.864858,author_017,author_017@example.com,author,Business|Education|Web Development,testing,image_0044.png,/uploads/image_0044.png,image/png,User 013,user013@example.com,"Very insightful, looking forward to more."
p_0211,Common Mistakes in React,react-0211,"Lorem ipsum dolor sit amet, consectetur adipiscing elit. Sed do eiusmod tempor incididunt ut labore et dolore magna aliqua. Ut enim ad minim veniam, quis nostrud exercitation ullamco laboris.Lorem ipsum dolor sit amet, consectetur adipiscing elit. Sed do eiusmod tempor incididunt ut labore et dolore magna aliqua. Ut enim ad minim veniam, quis nostrud exercitation ullamco laboris.",published,2025-08-08T14:54:09.864858,author_017,author_017@example.com,author,Business|Education|Web Development,testing,image_0044.png,/uploads/image_0044.png,image/png,User 066,user066@example.com,Bookmarked for later reference.
p_0211,Common Mistakes in React,react-0211,"Lorem ipsum dolor sit amet, consectetur adipiscing elit. Sed do eiusmod tempor incididunt ut labore et dolore magna aliqua. Ut enim ad minim veniam, quis nostrud exercitation ullamco laboris.Lorem ipsum dolor sit amet, consectetur adipiscing elit. Sed do eiusmod tempor incididunt ut labore et dolore magna aliqua. Ut enim ad minim veniam, quis nostrud exercitation ullamco laboris.",published,2025-08-08T14:54:09.864858,author_017,author_017@example.com,author,Business|Education|Web Development,testing,image_0044.png,/uploads/image_0044.png,image/png,User 044,user044@example.com,Nice writeup. Subscribed.
p_0211,Common Mistakes in React,react-0211,"Lorem ipsum dolor sit amet, consectetur adipiscing elit. Sed do eiusmod tempor incididunt ut labore et dolore magna aliqua. Ut enim ad minim veniam, quis nostrud exercitation ullamco laboris.Lorem ipsum dolor sit amet, consectetur adipiscing elit. Sed do eiusmod tempor incididunt ut labore et dolore magna aliqua. Ut enim ad minim veniam, quis nostrud exercitation ullamco laboris.",published,2025-08-08T14:54:09.864858,author_017,author_017@example.com,author,Business|Education|Web Development,testing,image_0044.png,/uploads/image_0044.png,image/png,User 079,user079@example.com,Great post! Really helpful.
p_0212,React vs Alternatives,react-0212,"Lorem ipsum dolor sit amet, consectetur adipiscing elit. Sed do eiusmod tempor incididunt ut labore et dolore magna aliqua. Ut enim ad minim veniam, quis nostrud exercitation ullamco laboris.Lorem ipsum dolor sit amet, consectetur adipiscing elit. Sed do eiusmod tempor incididunt ut labore et dolore magna aliqua. Ut enim ad minim veniam, quis nostrud exercitation ullamco laboris.",draft,,author_000,author_000@example.com,contributor,Education|Programming|Travel,nodejs|kubernetes|fastapi,image_0046.jpg,/uploads/image_0046.jpg,image/jpeg,User 052,user052@example.com,I had a similar experience recently.
p_0212,React vs Alternatives,react-0212,"Lorem ipsum dolor sit amet, consectetur adipiscing elit. Sed do eiusmod tempor incididunt ut labore et dolore magna aliqua. Ut enim ad minim veniam, quis nostrud exercitation ullamco laboris.Lorem ipsum dolor sit amet, consectetur adipiscing elit. Sed do eiusmod tempor incididunt ut labore et dolore magna aliqua. Ut enim ad minim veniam, quis nostrud exercitation ullamco laboris.",draft,,author_000,author_000@example.com,contributor,Education|Programming|Travel,nodejs|kubernetes|fastapi,image_0046.jpg,/uploads/image_0046.jpg,image/jpeg,User 084,user084@example.com,Nice writeup. Subscribed.
p_0212,React vs Alternatives,react-0212,"Lorem ipsum dolor sit amet, consectetur adipiscing elit. Sed do eiusmod tempor incididunt ut labore et dolore magna aliqua. Ut enim ad minim veniam, quis nostrud exercitation ullamco laboris.Lorem ipsum dolor sit amet, consectetur adipiscing elit. Sed do eiusmod tempor incididunt ut labore et dolore magna aliqua. Ut enim ad minim veniam, quis nostrud exercitation ullamco laboris.",draft,,author_000,author_000@example.com,contributor,Education|Programming|Travel,nodejs|kubernetes|fastapi,image_0046.jpg,/uploads/image_0046.jpg,image/jpeg,User 037,user037@example.com,I had a similar experience recently.
p_0212,React vs Alternatives,react-0212,"Lorem ipsum dolor sit amet, consectetur adipiscing elit. Sed do eiusmod tempor incididunt ut labore et dolore magna aliqua. Ut enim ad minim veniam, quis nostrud exercitation ullamco laboris.Lorem ipsum dolor sit amet, consectetur adipiscing elit. Sed do eiusmod tempor incididunt ut labore et dolore magna aliqua. Ut enim ad minim veniam, quis nostrud exercitation ullamco laboris.",draft,,author_000,author_000@example.com,contributor,Education|Programming|Travel,nodejs|kubernetes|fastapi,image_0046.jpg,/uploads/image_0046.jpg,image/jpeg,User 008,user008@example.com,I disagree with point 3 -- here's why...
p_0212,React vs Alternatives,react-0212,"Lorem ipsum dolor sit amet, consectetur adipiscing elit. Sed do eiusmod tempor incididunt ut labore et dolore magna aliqua. Ut enim ad minim veniam, quis nostrud exercitation ullamco laboris.Lorem ipsum dolor sit amet, consectetur adipiscing elit. Sed do eiusmod tempor incididunt ut labore et dolore magna aliqua. Ut enim ad minim veniam, quis nostrud exercitation ullamco laboris.",draft,,author_000,author_000@example.com,contributor,Education|Programming|Travel,nodejs|kubernetes|fastapi,image_0046.jpg,/uploads/image_0046.jpg,image/jpeg,User 082,user082@example.com,Just tried this approach -- it works.
p_0212,React vs Alternatives,react-0212,"Lorem ipsum dolor sit amet, consectetur adipiscing elit. Sed do eiusmod tempor incididunt ut labore et dolore magna aliqua. Ut enim ad minim veniam, quis nostrud exercitation ullamco laboris.Lorem ipsum dolor sit amet, consectetur adipiscing elit. Sed do eiusmod tempor incididunt ut labore et dolore magna aliqua. Ut enim ad minim veniam, quis nostrud exercitation ullamco laboris.",draft,,author_000,author_000@example.com,contributor,Education|Programming|Travel,nodejs|kubernetes|fastapi,image_0046.jpg,/uploads/image_0046.jpg,image/jpeg,User 057,user057@example.com,Great post! Really helpful.
p_0213,The Future of Vue,vue-0213,"Lorem ipsum dolor sit amet, consectetur adipiscing elit. Sed do eiusmod tempor incididunt ut labore et dolore magna aliqua. Ut enim ad minim veniam, quis nostrud exercitation ullamco laboris.Lorem ipsum dolor sit amet, consectetur adipiscing elit. Sed do eiusmod tempor incididunt ut labore et dolore magna aliqua. Ut enim ad minim veniam, quis nostrud exercitation ullamco laboris.Lorem ipsum dolor sit amet, consectetur adipiscing elit. Sed do eiusmod tempor incididunt ut labore et dolore magna aliqua. Ut enim ad minim veniam, quis nostrud exercitation ullamco laboris.",published,2026-02-09T14:54:09.864901,author_009,author_009@example.com,author,Travel|Design|Web Development,kubernetes,image_0000.png,/uploads/image_0000.png,image/png,User 012,user012@example.com,This is exactly what I was looking for.
p_0213,The Future of Vue,vue-0213,"Lorem ipsum dolor sit amet, consectetur adipiscing elit. Sed do eiusmod tempor incididunt ut labore et dolore magna aliqua. Ut enim ad minim veniam, quis nostrud exercitation ullamco laboris.Lorem ipsum dolor sit amet, consectetur adipiscing elit. Sed do eiusmod tempor incididunt ut labore et dolore magna aliqua. Ut enim ad minim veniam, quis nostrud exercitation ullamco laboris.Lorem ipsum dolor sit amet, consectetur adipiscing elit. Sed do eiusmod tempor incididunt ut labore et dolore magna aliqua. Ut enim ad minim veniam, quis nostrud exercitation ullamco laboris.",published,2026-02-09T14:54:09.864901,author_009,author_009@example.com,author,Travel|Design|Web Development,kubernetes,image_0000.png,/uploads/image_0000.png,image/png,User 100,user100@example.com,Bookmarked for later reference.
p_0213,The Future of Vue,vue-0213,"Lorem ipsum dolor sit amet, consectetur adipiscing elit. Sed do eiusmod tempor incididunt ut labore et dolore magna aliqua. Ut enim ad minim veniam, quis nostrud exercitation ullamco laboris.Lorem ipsum dolor sit amet, consectetur adipiscing elit. Sed do eiusmod tempor incididunt ut labore et dolore magna aliqua. Ut enim ad minim veniam, quis nostrud exercitation ullamco laboris.Lorem ipsum dolor sit amet, consectetur adipiscing elit. Sed do eiusmod tempor incididunt ut labore et dolore magna aliqua. Ut enim ad minim veniam, quis nostrud exercitation ullamco laboris.",published,2026-02-09T14:54:09.864901,author_009,author_009@example.com,author,Travel|Design|Web Development,kubernetes,image_0000.png,/uploads/image_0000.png,image/png,User 046,user046@example.com,Bookmarked for later reference.
p_0213,The Future of Vue,vue-0213,"Lorem ipsum dolor sit amet, consectetur adipiscing elit. Sed do eiusmod tempor incididunt ut labore et dolore magna aliqua. Ut enim ad minim veniam, quis nostrud exercitation ullamco laboris.Lorem ipsum dolor sit amet, consectetur adipiscing elit. Sed do eiusmod tempor incididunt ut labore et dolore magna aliqua. Ut enim ad minim veniam, quis nostrud exercitation ullamco laboris.Lorem ipsum dolor sit amet, consectetur adipiscing elit. Sed do eiusmod tempor incididunt ut labore et dolore magna aliqua. Ut enim ad minim veniam, quis nostrud exercitation ullamco laboris.",published,2026-02-09T14:54:09.864901,author_009,author_009@example.com,author,Travel|Design|Web Development,kubernetes,image_0000.png,/uploads/image_0000.png,image/png,User 052,user052@example.com,I had a similar experience recently.
